photo_id,project_id,category,latitude,longitude,capture_date,is_seeded_duplicate,filename
PHT000001,PRJ00001,Public Toilet Complex,19.81853874693724,75.28759318704635,2026-07-30,False,PHT000001.jpg
PHT000002,PRJ00002,Public Toilet Complex,19.125069757230538,76.26392855467101,2025-11-14,False,PHT000002.jpg
PHT000003,PRJ00003,Community Hall,19.61797406455936,75.44932327461537,2025-11-06,False,PHT000003.jpg
PHT000004,PRJ00004,Borewell / Handpump,19.339620295746247,75.71751007636026,2026-07-01,False,PHT000004.jpg
PHT000005,PRJ00004,Borewell / Handpump,19.33924352549229,75.71675378965188,2025-11-01,False,PHT000005.jpg
PHT000006,PRJ00005,Street Lighting,20.06842074386589,75.32596877095317,2026-08-21,False,PHT000006.jpg
PHT000007,PRJ00006,Library / Reading Room,19.724544291541672,75.75620560295253,2026-08-06,False,PHT000007.jpg
PHT000008,PRJ00007,Public Toilet Complex,19.81750520220023,76.20595732694686,2026-07-29,False,PHT000008.jpg
PHT000009,PRJ00007,Public Toilet Complex,19.81753508260144,76.20649145756421,2026-07-09,False,PHT000009.jpg
PHT000010,PRJ00007,Public Toilet Complex,19.817348310382087,76.20611302746921,2026-08-26,False,PHT000010.jpg
PHT000011,PRJ00008,School Building Repair,19.42556294496033,76.0947400939673,2026-06-20,False,PHT000011.jpg
PHT000012,PRJ00008,School Building Repair,19.425384544184805,76.09455686968938,2026-07-30,False,PHT000012.jpg
PHT000013,PRJ00009,Community Hall,19.18943619771946,76.28470911750733,2025-04-10,False,PHT000013.jpg
PHT000014,PRJ00009,Community Hall,19.18903515910577,76.28465545387314,2026-02-17,False,PHT000014.jpg
PHT000015,PRJ00009,Community Hall,19.18995358987593,76.2844433934881,2026-04-02,False,PHT000015.jpg
PHT000016,PRJ00010,Community Hall,19.975135949025084,76.02586842633312,2026-08-05,False,PHT000016.jpg
PHT000017,PRJ00010,Community Hall,19.97469136459792,76.02595855807255,2026-07-29,False,PHT000017.jpg
PHT000018,PRJ00010,Community Hall,19.97484781936725,76.02547011430713,2026-08-05,False,PHT000018.jpg
PHT000019,PRJ00011,Borewell / Handpump,19.49704850507899,75.17581796755859,2026-07-31,False,PHT000019.jpg
PHT000020,PRJ00011,Borewell / Handpump,19.49702239381892,75.17635894364851,2026-01-31,False,PHT000020.jpg
PHT000021,PRJ00011,Borewell / Handpump,19.496581387847986,75.17601529009364,2026-06-18,False,PHT000021.jpg
PHT000022,PRJ00012,Public Toilet Complex,19.666257194530115,75.24392188744038,2025-05-27,False,PHT000022.jpg
PHT000023,PRJ00012,Public Toilet Complex,19.66636259361429,75.24319450796162,2025-02-16,False,PHT000023.jpg
PHT000024,PRJ00012,Public Toilet Complex,19.66692980546848,75.24388803453124,2025-12-11,False,PHT000024.jpg
PHT000025,PRJ00013,School Building Repair,19.72696719998168,75.61283427799694,2026-08-21,False,PHT000025.jpg
PHT000026,PRJ00013,School Building Repair,19.727733345951624,75.61279635137183,2026-08-24,False,PHT000026.jpg
PHT000027,PRJ00013,School Building Repair,19.727218448223294,75.61284684734837,2026-08-20,False,PHT000027.jpg
PHT000028,PRJ00014,Street Lighting,19.70985620671754,76.18937868737093,2026-04-04,False,PHT000028.jpg
PHT000029,PRJ00014,Street Lighting,19.71051041212319,76.18864834837146,2026-08-20,False,PHT000029.jpg
PHT000030,PRJ00014,Street Lighting,19.709978014985406,76.18946274207622,2026-07-23,False,PHT000030.jpg
PHT000031,PRJ00015,Street Lighting,19.44816985992408,75.29344389066094,2025-08-16,False,PHT000031.jpg
PHT000032,PRJ00015,Street Lighting,19.44757271065704,75.29315036823802,2025-03-28,False,PHT000032.jpg
PHT000033,PRJ00015,Street Lighting,19.44736774901539,75.29394804462278,2024-10-07,False,PHT000033.jpg
PHT000034,PRJ00016,Borewell / Handpump,19.32397321172345,76.17119746385525,2026-02-13,False,PHT000034.jpg
PHT000035,PRJ00017,Road Construction,19.373684185885715,75.612145180775,2025-08-19,False,PHT000035.jpg
PHT000036,PRJ00017,Road Construction,19.37330921257113,75.6129691760633,2025-11-30,False,PHT000036.jpg
PHT000037,PRJ00018,Library / Reading Room,19.24431051448216,75.50467555606974,2024-12-29,False,PHT000037.jpg
PHT000038,PRJ00018,Library / Reading Room,19.24353342258664,75.50464915458731,2024-12-07,False,PHT000038.jpg
PHT000039,PRJ00018,Library / Reading Room,19.24401677598352,75.50486908892213,2025-04-18,False,PHT000039.jpg
PHT000040,PRJ00019,School Building Repair,20.266525818114967,76.25513075792034,2026-05-02,False,PHT000040.jpg
PHT000041,PRJ00019,School Building Repair,20.266010468938912,76.25489273581401,2026-03-20,False,PHT000041.jpg
PHT000042,PRJ00019,School Building Repair,20.26627200076742,76.2548011528191,2026-07-31,False,PHT000042.jpg
PHT000043,PRJ00020,Sports Infrastructure,19.83173355266005,75.70332551316409,2026-08-06,False,PHT000043.jpg
PHT000044,PRJ00020,Sports Infrastructure,19.83118693183168,75.7034911518641,2026-08-10,False,PHT000044.jpg
PHT000045,PRJ00021,Drinking Water Supply,19.68706775003817,76.28247617461504,2026-03-25,False,PHT000045.jpg
PHT000046,PRJ00022,Community Hall,19.541617161196207,75.85849598718531,2025-12-31,False,PHT000046.jpg
PHT000047,PRJ00023,Road Construction,19.14888154636097,75.80915161089924,2026-05-18,False,PHT000047.jpg
PHT000048,PRJ00023,Road Construction,19.149297747390083,75.80902307607182,2025-03-17,False,PHT000048.jpg
PHT000049,PRJ00024,Road Construction,19.929051443805715,75.56418819353742,2025-05-18,False,PHT000049.jpg
PHT000050,PRJ00024,Road Construction,19.9292763361058,75.56373607573248,2025-07-01,False,PHT000050.jpg
PHT000051,PRJ00025,Public Toilet Complex,19.409212651618745,75.8922315239807,2025-05-05,False,PHT000051.jpg
PHT000052,PRJ00025,Public Toilet Complex,19.409739895433383,75.89152886559891,2025-06-08,False,PHT000052.jpg
PHT000053,PRJ00026,Public Toilet Complex,20.176864034522264,76.18022887051633,2026-05-13,False,PHT000053.jpg
PHT000054,PRJ00026,Public Toilet Complex,20.176789779733102,76.18058956177215,2025-10-07,False,PHT000054.jpg
PHT000055,PRJ00027,Drainage System,20.03583345147038,75.87053534930097,2026-07-27,False,PHT000055.jpg
PHT000056,PRJ00028,Drinking Water Supply,19.22196431332394,75.89613569693311,2026-08-29,False,PHT000056.jpg
PHT000057,PRJ00028,Drinking Water Supply,19.221468273181745,75.8959159337828,2026-08-29,False,PHT000057.jpg
PHT000058,PRJ00029,Sports Infrastructure,19.368628803768843,75.95441595771557,2026-07-13,False,PHT000058.jpg
PHT000059,PRJ00029,Sports Infrastructure,19.369417162708835,75.9543174675421,2026-08-21,False,PHT000059.jpg
PHT000060,PRJ00029,Sports Infrastructure,19.36912540279348,75.95503197874902,2026-07-06,False,PHT000060.jpg
PHT000061,PRJ00030,Drainage System,19.889357433423022,75.78155504362131,2026-07-06,False,PHT000061.jpg
PHT000062,PRJ00031,Road Construction,19.57122581483329,76.17067212764047,2025-10-04,False,PHT000062.jpg
PHT000063,PRJ00031,Road Construction,19.57200365251608,76.17029493621993,2026-05-27,False,PHT000063.jpg
PHT000064,PRJ00032,Road Construction,19.96657369825375,75.43660037315675,2026-08-19,False,PHT000064.jpg
PHT000065,PRJ00032,Road Construction,19.966851487388883,75.43677570281083,2026-08-25,False,PHT000065.jpg
PHT000066,PRJ00033,Public Toilet Complex,20.197433951392625,75.54404121701964,2026-08-27,False,PHT000066.jpg
PHT000067,PRJ00034,School Building Repair,20.12317779707726,75.45378134350767,2026-08-24,False,PHT000067.jpg
PHT000068,PRJ00035,Public Toilet Complex,20.222974568173825,75.93502727252226,2025-11-18,False,PHT000068.jpg
PHT000069,PRJ00035,Public Toilet Complex,20.223662391368656,75.93533192681213,2026-03-21,False,PHT000069.jpg
PHT000070,PRJ00035,Public Toilet Complex,20.22364350982282,75.93485397899944,2026-06-14,False,PHT000070.jpg
PHT000071,PRJ00036,Street Lighting,19.72220161980418,76.15292534172521,2026-04-04,False,PHT000071.jpg
PHT000072,PRJ00036,Street Lighting,19.722196306353883,76.15254969996263,2025-08-19,False,PHT000072.jpg
PHT000073,PRJ00037,Sports Infrastructure,20.071227042866933,76.07169121762675,2026-01-25,False,PHT000073.jpg
PHT000074,PRJ00037,Sports Infrastructure,20.0708615772608,76.07233346126722,2025-06-17,False,PHT000074.jpg
PHT000075,PRJ00038,Community Hall,19.87948263224989,75.94278474747586,2026-01-31,False,PHT000075.jpg
PHT000076,PRJ00038,Community Hall,19.879981257927906,75.94208894233613,2025-02-04,False,PHT000076.jpg
PHT000077,PRJ00038,Community Hall,19.879820392479434,75.94211542828104,2025-08-13,False,PHT000077.jpg
PHT000078,PRJ00039,School Building Repair,19.659184409296124,75.75124895349323,2026-08-04,False,PHT000078.jpg
PHT000079,PRJ00039,School Building Repair,19.65886887883749,75.7511492465266,2026-07-27,False,PHT000079.jpg
PHT000080,PRJ00040,Public Toilet Complex,20.023963368110174,75.35935362817051,2025-09-13,False,PHT000080.jpg
PHT000081,PRJ00040,Public Toilet Complex,20.02362081307376,75.35934031446436,2026-02-06,False,PHT000081.jpg
PHT000082,PRJ00040,Public Toilet Complex,20.024381092398247,75.359422827207,2025-05-19,False,PHT000082.jpg
PHT000083,PRJ00041,Library / Reading Room,23.171310969301857,88.47089696454908,2026-03-29,False,PHT000083.jpg
PHT000084,PRJ00042,School Building Repair,22.330714591197204,88.45495859021598,2025-08-06,False,PHT000084.jpg
PHT000085,PRJ00042,School Building Repair,22.330629728579908,88.45481243108284,2025-12-11,False,PHT000085.jpg
PHT000086,PRJ00042,School Building Repair,22.330527109599853,88.45562753743712,2025-04-21,False,PHT000086.jpg
PHT000087,PRJ00043,Sports Infrastructure,22.95868014594233,88.15752150120105,2025-05-05,False,PHT000087.jpg
PHT000088,PRJ00044,School Building Repair,22.803989526523324,87.59681568495826,2026-06-21,False,PHT000088.jpg
PHT000089,PRJ00044,School Building Repair,22.80354510239814,87.5971456206525,2025-12-11,False,PHT000089.jpg
PHT000090,PRJ00044,School Building Repair,22.80364216692417,87.5973622203294,2026-02-09,False,PHT000090.jpg
PHT000091,PRJ00045,Borewell / Handpump,23.22892422170141,88.12434811000735,2026-02-04,False,PHT000091.jpg
PHT000092,PRJ00046,Sports Infrastructure,22.74957876245592,88.05063223187818,2026-08-02,False,PHT000092.jpg
PHT000093,PRJ00047,Street Lighting,23.084883238486857,88.33966360396175,2025-11-23,False,PHT000093.jpg
PHT000094,PRJ00047,Street Lighting,23.085108904881498,88.3400964774197,2026-04-12,False,PHT000094.jpg
PHT000095,PRJ00047,Street Lighting,23.08456418627648,88.33986736535816,2026-06-07,False,PHT000095.jpg
PHT000096,PRJ00048,Drainage System,23.38600089368779,87.5353044859547,2026-07-14,False,PHT000096.jpg
PHT000097,PRJ00048,Drainage System,23.38675545421489,87.53480978840108,2026-08-09,False,PHT000097.jpg
PHT000098,PRJ00048,Drainage System,23.386073887115646,87.53451516872173,2026-07-20,False,PHT000098.jpg
PHT000099,PRJ00049,Borewell / Handpump,22.682398853817908,88.31366240589769,2026-08-22,False,PHT000099.jpg
PHT000100,PRJ00049,Borewell / Handpump,22.682859759463565,88.31413986810738,2026-08-24,False,PHT000100.jpg
PHT000101,PRJ00049,Borewell / Handpump,22.68287975832513,88.31376178202748,2026-08-22,False,PHT000101.jpg
PHT000102,PRJ00050,Library / Reading Room,23.26409152082939,87.63878316603007,2026-05-16,False,PHT000102.jpg
PHT000103,PRJ00050,Library / Reading Room,23.26368272093154,87.63859231989723,2026-05-12,False,PHT000103.jpg
PHT000104,PRJ00050,Library / Reading Room,23.26456711513631,87.6388000463297,2026-04-25,False,PHT000104.jpg
PHT000105,PRJ00051,Sports Infrastructure,23.23130238840541,87.70895917159224,2025-06-17,False,PHT000105.jpg
PHT000106,PRJ00052,Drinking Water Supply,23.38283790833748,87.9065197977167,2025-09-01,False,PHT000106.jpg
PHT000107,PRJ00052,Drinking Water Supply,23.382887824109748,87.90582837148804,2025-11-17,False,PHT000107.jpg
PHT000108,PRJ00053,Public Toilet Complex,22.764281940204302,88.3698837197246,2025-02-28,False,PHT000108.jpg
PHT000109,PRJ00053,Public Toilet Complex,22.764644263981115,88.36992219471155,2025-10-05,False,PHT000109.jpg
PHT000110,PRJ00053,Public Toilet Complex,22.76443870611373,88.36925813487385,2025-08-22,False,PHT000110.jpg
PHT000111,PRJ00054,Sports Infrastructure,23.2498280802036,88.24723404199355,2026-08-22,False,PHT000111.jpg
PHT000112,PRJ00054,Sports Infrastructure,23.24959310419424,88.2470678071682,2026-06-24,False,PHT000112.jpg
PHT000113,PRJ00054,Sports Infrastructure,23.25001731535645,88.24770367506072,2026-07-13,False,PHT000113.jpg
PHT000114,PRJ00055,Public Toilet Complex,23.365065010989248,87.72093749391506,2026-07-31,False,PHT000114.jpg
PHT000115,PRJ00055,Public Toilet Complex,23.36480313379103,87.72152711635269,2026-06-21,False,PHT000115.jpg
PHT000116,PRJ00055,Public Toilet Complex,23.36574467320524,87.72076952269379,2026-08-08,False,PHT000116.jpg
PHT000117,PRJ00056,Street Lighting,22.40065141254493,88.14074384680166,2026-08-22,False,PHT000117.jpg
PHT000118,PRJ00056,Street Lighting,22.401286751259192,88.14106657039245,2026-08-13,False,PHT000118.jpg
PHT000119,PRJ00056,Street Lighting,22.400985065932684,88.14151595611368,2026-07-23,False,PHT000119.jpg
PHT000120,PRJ00057,Community Hall,22.7491486724,87.7447563723712,2025-05-16,True,PHT000120.jpg
PHT000121,PRJ00057,Community Hall,22.749516455064555,87.74443687792466,2025-02-04,False,PHT000121.jpg
PHT000122,PRJ00058,Community Hall,22.809142909535325,88.38778249422998,2026-06-23,False,PHT000122.jpg
PHT000123,PRJ00058,Community Hall,22.808956717442257,88.38807156384298,2026-06-27,False,PHT000123.jpg
PHT000124,PRJ00059,Road Construction,23.00021136070212,88.4548471493937,2026-03-19,False,PHT000124.jpg
PHT000125,PRJ00059,Road Construction,23.00048052598676,88.45484365673522,2026-03-22,False,PHT000125.jpg
PHT000126,PRJ00059,Road Construction,23.000112335201777,88.45479961344343,2026-05-01,False,PHT000126.jpg
PHT000127,PRJ00060,Drainage System,23.369750697583825,87.93309788866227,2024-11-26,False,PHT000127.jpg
PHT000128,PRJ00060,Drainage System,23.369085838889493,87.93277878296806,2024-07-22,False,PHT000128.jpg
PHT000129,PRJ00061,Library / Reading Room,23.05564805519311,88.1350763931464,2026-04-29,False,PHT000129.jpg
PHT000130,PRJ00061,Library / Reading Room,23.055392642818937,88.1352472191447,2026-02-23,False,PHT000130.jpg
PHT000131,PRJ00062,Community Hall,22.63752641082856,88.44035344502619,2025-12-23,False,PHT000131.jpg
PHT000132,PRJ00062,Community Hall,22.637354656980083,88.44025117713602,2025-06-27,False,PHT000132.jpg
PHT000133,PRJ00062,Community Hall,22.63718903056149,88.44013189882173,2025-07-10,False,PHT000133.jpg
PHT000134,PRJ00063,Street Lighting,22.723837785623715,87.99993934876682,2026-08-26,False,PHT000134.jpg
PHT000135,PRJ00063,Street Lighting,22.724164490369063,88.00076391893188,2026-08-10,False,PHT000135.jpg
PHT000136,PRJ00063,Street Lighting,22.72387998369214,88.00039968807233,2026-08-10,False,PHT000136.jpg
PHT000137,PRJ00064,Public Toilet Complex,22.6718932523252,88.27630766945913,2026-05-12,False,PHT000137.jpg
PHT000138,PRJ00064,Public Toilet Complex,22.671857077805296,88.27672441551466,2026-06-08,False,PHT000138.jpg
PHT000139,PRJ00064,Public Toilet Complex,22.67133087858748,88.27700701617604,2026-02-15,False,PHT000139.jpg
PHT000140,PRJ00065,Road Construction,23.17040500576742,88.03650487283181,2026-03-12,False,PHT000140.jpg
PHT000141,PRJ00065,Road Construction,23.170823326984777,88.03616446660598,2025-11-22,False,PHT000141.jpg
PHT000142,PRJ00066,Sports Infrastructure,23.48470016604857,87.48083112721672,2025-05-23,True,PHT000142.jpg
PHT000143,PRJ00067,School Building Repair,22.797555917160324,87.62759045458645,2026-08-05,False,PHT000143.jpg
PHT000144,PRJ00067,School Building Repair,22.798011315510493,87.62838677182911,2026-08-26,False,PHT000144.jpg
PHT000145,PRJ00067,School Building Repair,22.79789150461297,87.62784262686665,2026-08-25,False,PHT000145.jpg
PHT000146,PRJ00068,Public Toilet Complex,22.966793315753883,88.222859428483,2025-07-19,False,PHT000146.jpg
PHT000147,PRJ00068,Public Toilet Complex,22.96694231635501,88.22299739402847,2025-02-07,False,PHT000147.jpg
PHT000148,PRJ00068,Public Toilet Complex,22.96673102820229,88.22232527816274,2025-02-16,False,PHT000148.jpg
PHT000149,PRJ00069,Community Hall,23.444767323031844,88.02707683823442,2026-03-09,False,PHT000149.jpg
PHT000150,PRJ00069,Community Hall,23.44449438123664,88.0275646214958,2026-07-25,False,PHT000150.jpg
PHT000151,PRJ00070,School Building Repair,23.10637620349273,87.92421536350311,2025-10-17,False,PHT000151.jpg
PHT000152,PRJ00070,School Building Repair,23.106325144966814,87.92403604178133,2025-12-15,False,PHT000152.jpg
PHT000153,PRJ00070,School Building Repair,23.10614297873315,87.92395797553587,2026-02-24,False,PHT000153.jpg
PHT000154,PRJ00071,School Building Repair,23.35229710504712,87.78371240300658,2026-05-28,False,PHT000154.jpg
PHT000155,PRJ00071,School Building Repair,23.35153312689389,87.78401374353179,2026-07-09,False,PHT000155.jpg
PHT000156,PRJ00071,School Building Repair,23.35201634772796,87.78394666675976,2026-08-19,False,PHT000156.jpg
PHT000157,PRJ00072,Road Construction,22.55542526278987,87.46319155015597,2026-08-24,False,PHT000157.jpg
PHT000158,PRJ00072,Road Construction,22.555588109422544,87.46355422182259,2026-08-24,False,PHT000158.jpg
PHT000159,PRJ00072,Road Construction,22.55518832324977,87.4639651645001,2026-08-28,False,PHT000159.jpg
PHT000160,PRJ00073,Street Lighting,23.38481954213352,87.71778862104418,2026-03-26,False,PHT000160.jpg
PHT000161,PRJ00073,Street Lighting,23.38520844147473,87.7177990295348,2026-07-21,False,PHT000161.jpg
PHT000162,PRJ00074,Street Lighting,22.47654800398923,88.41185539007641,2026-04-13,False,PHT000162.jpg
PHT000163,PRJ00074,Street Lighting,22.476940803848247,88.41219955229442,2025-08-21,False,PHT000163.jpg
PHT000164,PRJ00075,Borewell / Handpump,22.69433430991074,88.06005154468495,2026-04-22,False,PHT000164.jpg
PHT000165,PRJ00076,Road Construction,22.46679318756083,88.06937626914987,2026-07-22,False,PHT000165.jpg
PHT000166,PRJ00076,Road Construction,22.46708233328683,88.0688225476479,2026-08-11,False,PHT000166.jpg
PHT000167,PRJ00076,Road Construction,22.466859622665176,88.06891217875756,2026-07-22,False,PHT000167.jpg
PHT000168,PRJ00077,Drainage System,22.50638807595642,87.53103633348235,2026-08-16,False,PHT000168.jpg
PHT000169,PRJ00078,Drinking Water Supply,22.44455529017271,87.85309077730179,2026-07-02,False,PHT000169.jpg
PHT000170,PRJ00078,Drinking Water Supply,22.44447248622272,87.85246539741482,2026-05-30,False,PHT000170.jpg
PHT000171,PRJ00078,Drinking Water Supply,22.444832511869343,87.85331160527838,2026-08-17,False,PHT000171.jpg
PHT000172,PRJ00079,Sports Infrastructure,23.25932080521816,88.05373380348377,2026-07-26,False,PHT000172.jpg
PHT000173,PRJ00079,Sports Infrastructure,23.25953808215657,88.05318480152494,2026-07-22,False,PHT000173.jpg
PHT000174,PRJ00080,Public Toilet Complex,23.158720227998813,87.50970315796562,2026-07-15,False,PHT000174.jpg
PHT000175,PRJ00081,Community Hall,20.174583535501267,75.71391214166108,2026-01-09,False,PHT000175.jpg
PHT000176,PRJ00082,Drinking Water Supply,19.55309228221222,75.12436065463532,2026-03-02,False,PHT000176.jpg
PHT000177,PRJ00083,Drinking Water Supply,19.914746976106564,76.04718387823239,2026-03-10,False,PHT000177.jpg
PHT000178,PRJ00084,Drainage System,19.617653229571097,75.25290592990923,2026-08-06,False,PHT000178.jpg
PHT000179,PRJ00084,Drainage System,19.61817917443672,75.25358197431768,2026-07-08,False,PHT000179.jpg
PHT000180,PRJ00085,Drinking Water Supply,20.284259974432143,75.82664618857387,2026-07-17,False,PHT000180.jpg
PHT000181,PRJ00085,Drinking Water Supply,20.283338217520143,75.82710076002172,2026-05-23,False,PHT000181.jpg
PHT000182,PRJ00085,Drinking Water Supply,20.28366476007192,75.82729240435229,2026-08-02,False,PHT000182.jpg
PHT000183,PRJ00086,Street Lighting,19.3234023017049,75.44222350512246,2026-06-05,False,PHT000183.jpg
PHT000184,PRJ00087,Library / Reading Room,20.2787696610015,75.23477904073923,2026-01-24,False,PHT000184.jpg
PHT000185,PRJ00087,Library / Reading Room,20.27929704881064,75.23412663382638,2026-05-15,False,PHT000185.jpg
PHT000186,PRJ00087,Library / Reading Room,20.27902610506701,75.23419919516144,2026-01-29,False,PHT000186.jpg
PHT000187,PRJ00088,School Building Repair,19.30539979849258,75.90263380525495,2025-01-30,False,PHT000187.jpg
PHT000188,PRJ00089,Road Construction,19.488448956546936,75.61008568029625,2025-10-15,False,PHT000188.jpg
PHT000189,PRJ00089,Road Construction,19.48840082055886,75.61010997373528,2026-06-27,False,PHT000189.jpg
PHT000190,PRJ00089,Road Construction,19.488633006210108,75.61096763367064,2026-04-28,False,PHT000190.jpg
PHT000191,PRJ00090,Street Lighting,19.285675401372263,75.6774225125557,2026-03-13,False,PHT000191.jpg
PHT000192,PRJ00090,Street Lighting,19.285711971054628,75.67751012914687,2025-07-16,False,PHT000192.jpg
PHT000193,PRJ00091,Drainage System,20.155083135975143,75.32714560470183,2026-04-04,False,PHT000193.jpg
PHT000194,PRJ00091,Drainage System,20.15494316647114,75.32691143952279,2026-07-10,False,PHT000194.jpg
PHT000195,PRJ00092,Community Hall,19.24874766208851,75.97720824482863,2025-01-01,False,PHT000195.jpg
PHT000196,PRJ00093,Road Construction,19.267867090396585,76.05442862357589,2026-04-18,False,PHT000196.jpg
PHT000197,PRJ00093,Road Construction,19.26743374664574,76.05444262957805,2026-04-15,False,PHT000197.jpg
PHT000198,PRJ00094,Street Lighting,19.72744418087513,75.53093224554773,2025-03-12,False,PHT000198.jpg
PHT000199,PRJ00094,Street Lighting,19.727667060156268,75.53103814033514,2025-01-22,False,PHT000199.jpg
PHT000200,PRJ00095,Sports Infrastructure,19.65510562601736,75.46175945777554,2026-01-21,False,PHT000200.jpg
PHT000201,PRJ00095,Sports Infrastructure,19.65561765338672,75.46206847298757,2026-02-01,False,PHT000201.jpg
PHT000202,PRJ00095,Sports Infrastructure,19.654944330836592,75.46117780933004,2025-07-21,False,PHT000202.jpg
PHT000203,PRJ00096,Drinking Water Supply,20.18740854885099,75.84929638764744,2026-07-30,False,PHT000203.jpg
PHT000204,PRJ00096,Drinking Water Supply,20.187310971641622,75.84942259377912,2026-06-23,False,PHT000204.jpg
PHT000205,PRJ00096,Drinking Water Supply,20.18769922707549,75.84925393373545,2026-07-09,False,PHT000205.jpg
PHT000206,PRJ00097,Community Hall,20.0527712878028,75.84365262799534,2025-12-20,False,PHT000206.jpg
PHT000207,PRJ00098,Road Construction,19.39845184789322,75.99315117633718,2026-08-16,False,PHT000207.jpg
PHT000208,PRJ00099,Library / Reading Room,20.08543258582688,75.23296062710632,2026-02-04,False,PHT000208.jpg
PHT000209,PRJ00099,Library / Reading Room,20.08527606094024,75.23269814420654,2025-11-24,False,PHT000209.jpg
PHT000210,PRJ00099,Library / Reading Room,20.085618693569373,75.23236858634397,2025-09-01,False,PHT000210.jpg
PHT000211,PRJ00100,Library / Reading Room,19.3747887462846,75.96671321593408,2025-10-23,False,PHT000211.jpg
PHT000212,PRJ00101,Borewell / Handpump,19.318293203362227,76.19010349427401,2025-09-30,False,PHT000212.jpg
PHT000213,PRJ00101,Borewell / Handpump,19.31764796634822,76.19051525187668,2025-08-11,False,PHT000213.jpg
PHT000214,PRJ00101,Borewell / Handpump,19.317842868560884,76.18982817311492,2026-05-16,False,PHT000214.jpg
PHT000215,PRJ00102,Borewell / Handpump,19.707040372639977,75.83359614369056,2026-08-23,False,PHT000215.jpg
PHT000216,PRJ00102,Borewell / Handpump,19.70741821420673,75.83379877395429,2026-08-26,False,PHT000216.jpg
PHT000217,PRJ00103,Road Construction,20.20739603851625,75.94908774167604,2026-06-11,False,PHT000217.jpg
PHT000218,PRJ00103,Road Construction,20.207451451263147,75.94821087588201,2026-06-17,False,PHT000218.jpg
PHT000219,PRJ00104,Drainage System,20.22163579885751,76.21045663687983,2025-12-13,False,PHT000219.jpg
PHT000220,PRJ00105,Drinking Water Supply,20.204812622285083,76.14398831338485,2026-01-10,False,PHT000220.jpg
PHT000221,PRJ00105,Drinking Water Supply,20.205236734836355,76.14427091064258,2026-04-17,False,PHT000221.jpg
PHT000222,PRJ00106,Public Toilet Complex,19.105262466720195,75.50063168190236,2026-01-10,True,PHT000222.jpg
PHT000223,PRJ00106,Public Toilet Complex,19.10520789429533,75.49978896727886,2026-04-14,False,PHT000223.jpg
PHT000224,PRJ00107,Public Toilet Complex,19.64227576246248,75.3691647758841,2025-12-22,False,PHT000224.jpg
PHT000225,PRJ00107,Public Toilet Complex,19.64244365300969,75.36963023951033,2026-06-24,False,PHT000225.jpg
PHT000226,PRJ00107,Public Toilet Complex,19.642923349656204,75.36928848445471,2025-12-03,False,PHT000226.jpg
PHT000227,PRJ00108,Sports Infrastructure,20.198280791530102,75.5343812362416,2026-07-04,False,PHT000227.jpg
PHT000228,PRJ00108,Sports Infrastructure,20.19751472851912,75.53532028432309,2025-10-31,False,PHT000228.jpg
PHT000229,PRJ00108,Sports Infrastructure,20.197755351773893,75.53508012061396,2026-02-20,False,PHT000229.jpg
PHT000230,PRJ00109,Public Toilet Complex,19.278212939329705,75.59760283091587,2026-08-12,False,PHT000230.jpg
PHT000231,PRJ00109,Public Toilet Complex,19.277937334945904,75.59706019930526,2026-07-25,False,PHT000231.jpg
PHT000232,PRJ00110,Public Toilet Complex,19.999584836617807,75.35205134429147,2024-12-29,False,PHT000232.jpg
PHT000233,PRJ00111,Drainage System,19.1787828511068,76.03033067093686,2026-03-20,False,PHT000233.jpg
PHT000234,PRJ00112,Library / Reading Room,19.285904053459383,75.31783710685279,2024-11-08,False,PHT000234.jpg
PHT000235,PRJ00112,Library / Reading Room,19.28674225844152,75.31795628621862,2025-09-29,False,PHT000235.jpg
PHT000236,PRJ00112,Library / Reading Room,19.28585592620422,75.31792216035224,2025-06-22,False,PHT000236.jpg
PHT000237,PRJ00113,Drinking Water Supply,19.13042887093016,75.28783458030945,2026-05-21,False,PHT000237.jpg
PHT000238,PRJ00113,Drinking Water Supply,19.130743608642543,75.28748510183013,2025-09-21,False,PHT000238.jpg
PHT000239,PRJ00114,Library / Reading Room,19.12350917853433,75.22537708754697,2025-09-27,False,PHT000239.jpg
PHT000240,PRJ00114,Library / Reading Room,19.123732072527687,75.22466190112176,2024-12-26,False,PHT000240.jpg
PHT000241,PRJ00115,Sports Infrastructure,19.39225218857976,75.96653373525884,2025-05-26,False,PHT000241.jpg
PHT000242,PRJ00115,Sports Infrastructure,19.391421639943587,75.96705692432991,2024-11-01,False,PHT000242.jpg
PHT000243,PRJ00116,Street Lighting,20.175936990762096,75.11524228501278,2026-08-21,False,PHT000243.jpg
PHT000244,PRJ00116,Street Lighting,20.17583277263733,75.1152666702625,2026-08-01,False,PHT000244.jpg
PHT000245,PRJ00116,Street Lighting,20.17541565631436,75.1152802330989,2026-08-20,False,PHT000245.jpg
PHT000246,PRJ00117,Drinking Water Supply,19.60561252276651,76.17110454371436,2025-02-11,False,PHT000246.jpg
PHT000247,PRJ00117,Drinking Water Supply,19.60559206567609,76.17157761684632,2025-05-17,False,PHT000247.jpg
PHT000248,PRJ00117,Drinking Water Supply,19.6061606035625,76.17165230889921,2025-01-29,False,PHT000248.jpg
PHT000249,PRJ00118,School Building Repair,19.42135331125352,75.84934167407033,2026-02-14,False,PHT000249.jpg
PHT000250,PRJ00118,School Building Repair,19.421180373982285,75.8487528718197,2026-04-21,False,PHT000250.jpg
PHT000251,PRJ00118,School Building Repair,19.42197526596596,75.8486123886171,2025-11-15,False,PHT000251.jpg
PHT000252,PRJ00119,Community Hall,19.26855809265357,76.14241314836782,2026-03-24,False,PHT000252.jpg
PHT000253,PRJ00120,Community Hall,19.86044318679,75.4093938543613,2026-08-03,True,PHT000253.jpg
PHT000254,PRJ00121,Library / Reading Room,19.12194080299128,76.19690309457249,2026-08-04,False,PHT000254.jpg
PHT000255,PRJ00122,Drinking Water Supply,20.09560967229216,75.34818737710432,2026-08-27,False,PHT000255.jpg
PHT000256,PRJ00122,Drinking Water Supply,20.09611172742053,75.34813896254857,2026-08-26,False,PHT000256.jpg
PHT000257,PRJ00123,Road Construction,19.82091822118159,75.89797707450515,2026-08-17,False,PHT000257.jpg
PHT000258,PRJ00123,Road Construction,19.82057012427264,75.89828830371734,2026-06-18,False,PHT000258.jpg
PHT000259,PRJ00124,Library / Reading Room,19.15608680075572,75.29923935012894,2025-08-19,False,PHT000259.jpg
PHT000260,PRJ00124,Library / Reading Room,19.156614494657013,75.29964507148517,2025-12-27,False,PHT000260.jpg
PHT000261,PRJ00124,Library / Reading Room,19.15614132635073,75.29952143534595,2025-02-11,False,PHT000261.jpg
PHT000262,PRJ00125,Street Lighting,19.44674953241596,75.52729689216224,2025-08-25,False,PHT000262.jpg
PHT000263,PRJ00125,Street Lighting,19.44594296365313,75.52647679263956,2025-12-25,False,PHT000263.jpg
PHT000264,PRJ00126,Community Hall,20.2243080793182,75.97937486471959,2026-04-27,False,PHT000264.jpg
PHT000265,PRJ00126,Community Hall,20.224459631915547,75.97927498402153,2026-05-08,False,PHT000265.jpg
PHT000266,PRJ00127,Sports Infrastructure,19.695684488148057,75.81585827380849,2026-04-07,False,PHT000266.jpg
PHT000267,PRJ00128,Sports Infrastructure,19.92646419733956,75.62171419137982,2026-07-29,False,PHT000267.jpg
PHT000268,PRJ00128,Sports Infrastructure,19.92617325336526,75.6214848767131,2026-06-09,False,PHT000268.jpg
PHT000269,PRJ00128,Sports Infrastructure,19.926088983329155,75.62169164133519,2026-03-12,False,PHT000269.jpg
PHT000270,PRJ00129,School Building Repair,19.808193708663847,75.53274176237625,2026-06-28,False,PHT000270.jpg
PHT000271,PRJ00130,School Building Repair,19.32207591653293,75.75008638148196,2026-01-06,False,PHT000271.jpg
PHT000272,PRJ00130,School Building Repair,19.32203570580538,75.75053885812207,2025-06-24,False,PHT000272.jpg
PHT000273,PRJ00131,Borewell / Handpump,20.11923908566864,75.39936211598302,2026-08-06,False,PHT000273.jpg
PHT000274,PRJ00132,Road Construction,19.245905657980835,75.89657305774763,2025-02-28,False,PHT000274.jpg
PHT000275,PRJ00132,Road Construction,19.24547578083297,75.89641544532407,2024-09-04,False,PHT000275.jpg
PHT000276,PRJ00132,Road Construction,19.24585086246049,75.89593453557902,2025-07-08,False,PHT000276.jpg
PHT000277,PRJ00133,Drainage System,20.113938419873136,75.48288540290632,2025-12-18,False,PHT000277.jpg
PHT000278,PRJ00133,Drainage System,20.11346678418695,75.48291684003111,2026-02-12,False,PHT000278.jpg
PHT000279,PRJ00134,Library / Reading Room,19.192733965868744,75.93583280046519,2026-02-22,False,PHT000279.jpg
PHT000280,PRJ00134,Library / Reading Room,19.192389008415724,75.93527089723331,2026-04-03,False,PHT000280.jpg
PHT000281,PRJ00134,Library / Reading Room,19.19232821306576,75.93587864004017,2026-08-01,False,PHT000281.jpg
PHT000282,PRJ00135,Borewell / Handpump,20.0487826200624,75.48202070444506,2026-06-21,False,PHT000282.jpg
PHT000283,PRJ00135,Borewell / Handpump,20.0485422786785,75.48262488196389,2025-05-03,False,PHT000283.jpg
PHT000284,PRJ00136,School Building Repair,20.14954150647526,75.73521096030211,2024-10-01,True,PHT000284.jpg
PHT000285,PRJ00136,School Building Repair,20.149565693152,75.73453214995018,2025-11-04,False,PHT000285.jpg
PHT000286,PRJ00137,Public Toilet Complex,19.85337634010791,76.14815069876032,2024-08-17,False,PHT000286.jpg
PHT000287,PRJ00137,Public Toilet Complex,19.85313413839406,76.14824936871189,2025-06-05,False,PHT000287.jpg
PHT000288,PRJ00138,Drainage System,19.38606511975607,75.23220239923518,2026-06-02,False,PHT000288.jpg
PHT000289,PRJ00138,Drainage System,19.386245370655303,75.23292658767576,2025-12-10,False,PHT000289.jpg
PHT000290,PRJ00138,Drainage System,19.386248481982783,75.23306756024849,2026-03-24,False,PHT000290.jpg
PHT000291,PRJ00139,Library / Reading Room,19.121651965663546,76.28494966304886,2026-04-19,False,PHT000291.jpg
PHT000292,PRJ00140,Street Lighting,20.04384010606837,75.20710747663587,2026-07-03,False,PHT000292.jpg
PHT000293,PRJ00140,Street Lighting,20.04371741757848,75.20718212300962,2026-04-05,False,PHT000293.jpg
PHT000294,PRJ00140,Street Lighting,20.04369076084744,75.2069585352927,2026-02-13,False,PHT000294.jpg
PHT000295,PRJ00141,Street Lighting,20.28924543058801,75.37790690272257,2025-08-21,False,PHT000295.jpg
PHT000296,PRJ00141,Street Lighting,20.289384538407464,75.37844631615324,2025-01-02,False,PHT000296.jpg
PHT000297,PRJ00142,School Building Repair,19.364498703578285,75.32401295681048,2025-09-15,False,PHT000297.jpg
PHT000298,PRJ00142,School Building Repair,19.364630028146426,75.323279340163,2025-07-04,False,PHT000298.jpg
PHT000299,PRJ00142,School Building Repair,19.364353733732425,75.32422533512282,2025-05-20,False,PHT000299.jpg
PHT000300,PRJ00143,Drinking Water Supply,20.213687496534792,76.29406523373504,2026-06-01,False,PHT000300.jpg
PHT000301,PRJ00143,Drinking Water Supply,20.21334653437837,76.29422953587994,2026-08-13,False,PHT000301.jpg
PHT000302,PRJ00143,Drinking Water Supply,20.212963393875008,76.2937285731412,2026-05-31,False,PHT000302.jpg
PHT000303,PRJ00144,Street Lighting,20.07854204479608,75.36942723775985,2026-08-03,False,PHT000303.jpg
PHT000304,PRJ00144,Street Lighting,20.078881574387825,75.36956903594498,2026-06-25,False,PHT000304.jpg
PHT000305,PRJ00144,Street Lighting,20.07887564873549,75.36897005979948,2026-07-09,False,PHT000305.jpg
PHT000306,PRJ00145,Community Hall,20.15330756516894,75.4189058544924,2026-05-24,False,PHT000306.jpg
PHT000307,PRJ00145,Community Hall,20.15266923289439,75.41828947998488,2026-07-17,False,PHT000307.jpg
PHT000308,PRJ00146,Road Construction,19.76128547767884,75.20399457918707,2026-07-08,False,PHT000308.jpg
PHT000309,PRJ00146,Road Construction,19.7610845089784,75.20457396901215,2026-08-19,False,PHT000309.jpg
PHT000310,PRJ00146,Road Construction,19.76061268098825,75.20478522402298,2025-11-21,False,PHT000310.jpg
PHT000311,PRJ00147,Drinking Water Supply,19.36411295880664,75.92026243869633,2026-08-23,False,PHT000311.jpg
PHT000312,PRJ00147,Drinking Water Supply,19.364226371673546,75.92000510463828,2026-08-12,False,PHT000312.jpg
PHT000313,PRJ00147,Drinking Water Supply,19.36455275866845,75.91953251116954,2026-08-18,False,PHT000313.jpg
PHT000314,PRJ00148,School Building Repair,20.08959827615051,75.5173216234251,2025-10-05,False,PHT000314.jpg
PHT000315,PRJ00149,Library / Reading Room,20.12070721158525,76.1411980505534,2025-11-12,False,PHT000315.jpg
PHT000316,PRJ00150,Drinking Water Supply,19.290779177538266,76.15672529013061,2025-09-29,False,PHT000316.jpg
PHT000317,PRJ00150,Drinking Water Supply,19.29063823953861,76.15722412883133,2025-08-02,False,PHT000317.jpg
PHT000318,PRJ00150,Drinking Water Supply,19.290390812781087,76.15740593048258,2025-11-16,False,PHT000318.jpg
PHT000319,PRJ00151,Drinking Water Supply,19.99183228872118,75.29326058765703,2025-06-10,False,PHT000319.jpg
PHT000320,PRJ00151,Drinking Water Supply,19.991963696829995,75.29328176856802,2025-06-19,False,PHT000320.jpg
PHT000321,PRJ00151,Drinking Water Supply,19.992518364690177,75.29267540361195,2024-11-19,False,PHT000321.jpg
PHT000322,PRJ00152,Drainage System,20.172829281532323,75.80028758353875,2026-07-10,False,PHT000322.jpg
PHT000323,PRJ00152,Drainage System,20.17260989747549,75.80063100092872,2026-02-25,False,PHT000323.jpg
PHT000324,PRJ00153,Community Hall,19.51003365924845,75.85942749024325,2024-11-02,False,PHT000324.jpg
PHT000325,PRJ00153,Community Hall,19.510394159561127,75.8595634258528,2025-07-21,False,PHT000325.jpg
PHT000326,PRJ00154,Borewell / Handpump,19.181132021689294,75.7982139716293,2026-02-06,False,PHT000326.jpg
PHT000327,PRJ00155,Borewell / Handpump,20.01031053885224,75.12971910561362,2026-08-24,False,PHT000327.jpg
PHT000328,PRJ00156,Borewell / Handpump,19.635246766736124,75.4282662005543,2024-07-20,False,PHT000328.jpg
PHT000329,PRJ00156,Borewell / Handpump,19.63536744154208,75.42853071323621,2025-02-17,False,PHT000329.jpg
PHT000330,PRJ00157,Library / Reading Room,19.365323759615368,75.19869315966498,2025-07-31,False,PHT000330.jpg
PHT000331,PRJ00158,Library / Reading Room,20.23271179632508,75.60396998765476,2025-12-21,False,PHT000331.jpg
PHT000332,PRJ00158,Library / Reading Room,20.23196973473945,75.60338807147147,2026-03-01,False,PHT000332.jpg
PHT000333,PRJ00159,Borewell / Handpump,19.37583104123784,75.35606247319167,2026-08-28,False,PHT000333.jpg
PHT000334,PRJ00159,Borewell / Handpump,19.376251636925275,75.355603545423,2026-08-24,False,PHT000334.jpg
PHT000335,PRJ00160,School Building Repair,20.26168344167347,75.32229810008776,2024-10-25,False,PHT000335.jpg
PHT000336,PRJ00160,School Building Repair,20.26171771671276,75.3230345593037,2025-02-04,False,PHT000336.jpg
PHT000337,PRJ00160,School Building Repair,20.26153851316493,75.32310082078524,2024-10-21,False,PHT000337.jpg
PHT000338,PRJ00161,Community Hall,26.9517497821504,80.45731536995574,2026-08-08,False,PHT000338.jpg
PHT000339,PRJ00161,Community Hall,26.95188180254021,80.4571336423302,2026-08-19,False,PHT000339.jpg
PHT000340,PRJ00161,Community Hall,26.95123805420743,80.45705919280218,2026-08-09,False,PHT000340.jpg
PHT000341,PRJ00162,Drainage System,26.34038555669884,80.44979436701388,2026-03-15,False,PHT000341.jpg
PHT000342,PRJ00163,Library / Reading Room,26.898351566202283,80.62263489209136,2025-06-29,False,PHT000342.jpg
PHT000343,PRJ00163,Library / Reading Room,26.89879494673557,80.62320275181274,2025-11-23,False,PHT000343.jpg
PHT000344,PRJ00163,Library / Reading Room,26.898750682377425,80.62261164802759,2025-06-10,False,PHT000344.jpg
PHT000345,PRJ00164,Sports Infrastructure,26.920138712181853,80.6501186259473,2025-10-21,False,PHT000345.jpg
PHT000346,PRJ00164,Sports Infrastructure,26.91992565784844,80.65048118031162,2026-04-07,False,PHT000346.jpg
PHT000347,PRJ00164,Sports Infrastructure,26.919959980197888,80.65022229247724,2025-07-08,False,PHT000347.jpg
PHT000348,PRJ00165,Street Lighting,26.79826616932624,81.04163943102556,2025-09-06,False,PHT000348.jpg
PHT000349,PRJ00165,Street Lighting,26.79818253712456,81.04210179200163,2025-08-15,False,PHT000349.jpg
PHT000350,PRJ00166,Road Construction,26.62083241816578,80.33941796318727,2026-07-12,False,PHT000350.jpg
PHT000351,PRJ00167,Community Hall,27.161093693725327,80.54028868752789,2026-08-22,False,PHT000351.jpg
PHT000352,PRJ00167,Community Hall,27.16120275003439,80.54005186011534,2026-05-31,False,PHT000352.jpg
PHT000353,PRJ00167,Community Hall,27.16106235605516,80.54067861142704,2026-07-12,False,PHT000353.jpg
PHT000354,PRJ00168,Public Toilet Complex,27.32375014072251,80.36264774585881,2025-11-26,False,PHT000354.jpg
PHT000355,PRJ00169,Drainage System,27.17786427038025,80.39647105694125,2025-08-24,False,PHT000355.jpg
PHT000356,PRJ00169,Drainage System,27.177311163813982,80.39597470566889,2024-11-28,False,PHT000356.jpg
PHT000357,PRJ00170,Drainage System,27.07763997221208,80.39836148947748,2026-07-18,False,PHT000357.jpg
PHT000358,PRJ00170,Drainage System,27.07762680071196,80.39776556935223,2026-08-12,False,PHT000358.jpg
PHT000359,PRJ00170,Drainage System,27.077941101690087,80.39767426948285,2026-07-24,False,PHT000359.jpg
PHT000360,PRJ00171,Drainage System,27.3707747980346,80.7042775296267,2026-05-18,False,PHT000360.jpg
PHT000361,PRJ00171,Drainage System,27.371485602501608,80.70423886522143,2026-04-19,False,PHT000361.jpg
PHT000362,PRJ00172,Drinking Water Supply,27.063271266405835,80.5739748452882,2025-05-17,False,PHT000362.jpg
PHT000363,PRJ00172,Drinking Water Supply,27.06282159437052,80.57421674374173,2025-07-15,False,PHT000363.jpg
PHT000364,PRJ00172,Drinking Water Supply,27.06347000874177,80.57390712714444,2024-12-10,False,PHT000364.jpg
PHT000365,PRJ00173,Borewell / Handpump,26.286602266420285,80.33721017483774,2026-08-09,False,PHT000365.jpg
PHT000366,PRJ00174,Drainage System,26.7101818782801,80.71475392982575,2026-04-04,False,PHT000366.jpg
PHT000367,PRJ00174,Drainage System,26.7101986192728,80.71496758087335,2025-12-24,False,PHT000367.jpg
PHT000368,PRJ00175,Drinking Water Supply,27.07044504035513,80.88445249543174,2026-02-10,False,PHT000368.jpg
PHT000369,PRJ00175,Drinking Water Supply,27.07018424113249,80.88410201263711,2025-12-02,False,PHT000369.jpg
PHT000370,PRJ00176,Sports Infrastructure,26.4524124620728,81.04774956441106,2025-11-04,False,PHT000370.jpg
PHT000371,PRJ00177,Sports Infrastructure,26.48475814616028,81.46557675361875,2026-04-22,False,PHT000371.jpg
PHT000372,PRJ00177,Sports Infrastructure,26.485247407148588,81.46542674266875,2026-05-25,False,PHT000372.jpg
PHT000373,PRJ00178,Drainage System,26.73398708129824,80.91814565911389,2026-04-08,False,PHT000373.jpg
PHT000374,PRJ00179,Drainage System,26.509832146877788,81.08815343268309,2026-03-31,False,PHT000374.jpg
PHT000375,PRJ00179,Drainage System,26.50945252991544,81.0883291327485,2026-01-18,False,PHT000375.jpg
PHT000376,PRJ00180,Borewell / Handpump,26.48286487379028,80.38840614503759,2026-05-18,False,PHT000376.jpg
PHT000377,PRJ00180,Borewell / Handpump,26.48306777275135,80.388171227467,2026-06-18,False,PHT000377.jpg
PHT000378,PRJ00181,Sports Infrastructure,26.498665579125063,81.04069743179345,2025-12-30,False,PHT000378.jpg
PHT000379,PRJ00181,Sports Infrastructure,26.498671054330654,81.04036661272742,2025-07-24,False,PHT000379.jpg
PHT000380,PRJ00182,Drainage System,26.76949499774789,81.31281246217304,2026-03-30,False,PHT000380.jpg
PHT000381,PRJ00183,Drinking Water Supply,26.78256405192642,81.42576165468826,2026-08-03,False,PHT000381.jpg
PHT000382,PRJ00183,Drinking Water Supply,26.781792783268248,81.42584106345105,2026-08-05,False,PHT000382.jpg
PHT000383,PRJ00183,Drinking Water Supply,26.78228333811489,81.42645499522273,2026-08-22,False,PHT000383.jpg
PHT000384,PRJ00184,Library / Reading Room,26.20564360906308,81.44207329925602,2025-12-17,False,PHT000384.jpg
PHT000385,PRJ00184,Library / Reading Room,26.206238205849505,81.4425131216031,2026-07-04,False,PHT000385.jpg
PHT000386,PRJ00185,Road Construction,26.3675912452505,80.33616227474643,2026-01-26,False,PHT000386.jpg
PHT000387,PRJ00186,Public Toilet Complex,26.31274628895996,81.10687169180947,2026-02-11,False,PHT000387.jpg
PHT000388,PRJ00187,Street Lighting,27.333671050508308,81.11965498593786,2025-08-22,False,PHT000388.jpg
PHT000389,PRJ00187,Street Lighting,27.33304723385641,81.11942015953555,2025-08-05,False,PHT000389.jpg
PHT000390,PRJ00188,Drainage System,27.31674835505656,81.12717148871457,2025-06-28,False,PHT000390.jpg
PHT000391,PRJ00189,School Building Repair,26.98990079659418,81.4991020061052,2026-07-31,False,PHT000391.jpg
PHT000392,PRJ00190,Borewell / Handpump,26.880465562544167,81.18649695745539,2025-09-01,False,PHT000392.jpg
PHT000393,PRJ00191,School Building Repair,27.114538082089137,81.25743761615979,2026-05-23,False,PHT000393.jpg
PHT000394,PRJ00191,School Building Repair,27.114970104492368,81.2575425384553,2026-07-15,False,PHT000394.jpg
PHT000395,PRJ00192,Community Hall,26.589873105458345,80.73983293655941,2026-03-04,False,PHT000395.jpg
PHT000396,PRJ00192,Community Hall,26.589644570295565,80.74007221200138,2025-10-23,False,PHT000396.jpg
PHT000397,PRJ00192,Community Hall,26.58999499700901,80.73943689377234,2026-03-17,False,PHT000397.jpg
PHT000398,PRJ00193,Community Hall,26.473096029734844,80.38756004039904,2025-12-22,False,PHT000398.jpg
PHT000399,PRJ00194,Borewell / Handpump,27.23563258218018,80.92279307632539,2025-10-21,False,PHT000399.jpg
PHT000400,PRJ00194,Borewell / Handpump,27.23586362774877,80.9227714642168,2026-08-26,False,PHT000400.jpg
PHT000401,PRJ00195,Drainage System,26.840817813029304,81.02910078627866,2025-12-25,False,PHT000401.jpg
PHT000402,PRJ00195,Drainage System,26.83987474547967,81.02901619201535,2025-02-21,False,PHT000402.jpg
PHT000403,PRJ00195,Drainage System,26.840788485657008,81.0299268635479,2025-04-05,False,PHT000403.jpg
PHT000404,PRJ00196,Sports Infrastructure,26.43459567233555,80.30881553508652,2025-12-15,False,PHT000404.jpg
PHT000405,PRJ00197,Street Lighting,27.32139270463204,80.72166859343044,2026-08-10,False,PHT000405.jpg
PHT000406,PRJ00198,Drainage System,27.1634405531694,80.94741613132554,2026-06-06,False,PHT000406.jpg
PHT000407,PRJ00198,Drainage System,27.163567351194303,80.94728391200171,2026-07-15,False,PHT000407.jpg
PHT000408,PRJ00199,Public Toilet Complex,26.34605348160561,80.51721871454384,2026-06-14,False,PHT000408.jpg
PHT000409,PRJ00199,Public Toilet Complex,26.345927741038363,80.51692115041696,2025-10-18,False,PHT000409.jpg
PHT000410,PRJ00200,Public Toilet Complex,27.355813209900244,80.88052666810631,2026-02-26,False,PHT000410.jpg
PHT000411,PRJ00200,Public Toilet Complex,27.35554520066437,80.87985506467157,2025-09-15,False,PHT000411.jpg
PHT000412,PRJ00200,Public Toilet Complex,27.35579039561436,80.87984832812027,2025-02-21,False,PHT000412.jpg
PHT000413,PRJ00201,Street Lighting,22.57320829066116,87.55454765257946,2026-07-05,False,PHT000413.jpg
PHT000414,PRJ00201,Street Lighting,22.573866663316004,87.5549360400876,2025-06-02,False,PHT000414.jpg
PHT000415,PRJ00201,Street Lighting,22.574099001085152,87.55476806828739,2025-10-01,False,PHT000415.jpg
PHT000416,PRJ00202,Sports Infrastructure,22.58471852655184,88.23641893774817,2026-08-05,False,PHT000416.jpg
PHT000417,PRJ00202,Sports Infrastructure,22.584625748577075,88.2368886576166,2026-05-27,False,PHT000417.jpg
PHT000418,PRJ00203,School Building Repair,23.048251002749616,87.8421529717345,2025-11-03,False,PHT000418.jpg
PHT000419,PRJ00203,School Building Repair,23.04892321703316,87.8423791292065,2026-07-18,False,PHT000419.jpg
PHT000420,PRJ00204,Library / Reading Room,22.41437183016244,87.32867510321682,2026-07-16,False,PHT000420.jpg
PHT000421,PRJ00205,Sports Infrastructure,23.013661300449108,87.89575019445986,2024-08-14,False,PHT000421.jpg
PHT000422,PRJ00206,Borewell / Handpump,23.130443845239807,88.48963574522583,2026-07-24,False,PHT000422.jpg
PHT000423,PRJ00206,Borewell / Handpump,23.13140991371422,88.4894050431741,2026-06-25,False,PHT000423.jpg
PHT000424,PRJ00206,Borewell / Handpump,23.131047424927186,88.48983260867251,2026-08-22,False,PHT000424.jpg
PHT000425,PRJ00207,Street Lighting,22.39560612416618,87.4027166739806,2025-07-29,False,PHT000425.jpg
PHT000426,PRJ00207,Street Lighting,22.39565929932672,87.4027806096883,2025-01-03,False,PHT000426.jpg
PHT000427,PRJ00207,Street Lighting,22.394972723439743,87.40229015774457,2025-09-08,False,PHT000427.jpg
PHT000428,PRJ00208,Community Hall,22.922483097208847,87.3808788390997,2025-04-28,False,PHT000428.jpg
PHT000429,PRJ00209,Sports Infrastructure,22.68926137986013,87.6994999572773,2026-02-13,False,PHT000429.jpg
PHT000430,PRJ00210,Road Construction,22.37172663865933,87.97437993919426,2025-04-02,False,PHT000430.jpg
PHT000431,PRJ00210,Road Construction,22.372007964787848,87.97455181336275,2024-08-31,False,PHT000431.jpg
PHT000432,PRJ00210,Road Construction,22.37256671917475,87.97494781858613,2024-09-27,False,PHT000432.jpg
PHT000433,PRJ00211,Drinking Water Supply,22.840010045957737,88.20787087253343,2026-06-02,False,PHT000433.jpg
PHT000434,PRJ00212,Community Hall,22.77909645607109,87.48310073104076,2025-07-11,False,PHT000434.jpg
PHT000435,PRJ00212,Community Hall,22.779458962202387,87.48287687730566,2025-01-30,False,PHT000435.jpg
PHT000436,PRJ00213,Community Hall,23.047814028084268,87.40737555711515,2025-11-01,False,PHT000436.jpg
PHT000437,PRJ00213,Community Hall,23.04800615393719,87.40736860341941,2026-04-04,False,PHT000437.jpg
PHT000438,PRJ00214,Road Construction,22.664243184164366,87.61610905656315,2026-08-28,False,PHT000438.jpg
PHT000439,PRJ00214,Road Construction,22.663498686188124,87.6160772495852,2026-07-09,False,PHT000439.jpg
PHT000440,PRJ00214,Road Construction,22.663484940359226,87.615333437549,2026-08-23,False,PHT000440.jpg
PHT000441,PRJ00215,Public Toilet Complex,22.776174024551523,87.83701389179046,2025-05-12,False,PHT000441.jpg
PHT000442,PRJ00215,Public Toilet Complex,22.77589902480722,87.8366088713087,2025-09-01,False,PHT000442.jpg
PHT000443,PRJ00215,Public Toilet Complex,22.77656784128344,87.83670856432556,2025-06-16,False,PHT000443.jpg
PHT000444,PRJ00216,Community Hall,22.54987562829632,88.41660204927005,2026-06-18,False,PHT000444.jpg
PHT000445,PRJ00217,School Building Repair,23.267402222347243,88.24795307023555,2026-01-25,False,PHT000445.jpg
PHT000446,PRJ00218,Drainage System,22.71530434290227,88.47032283818106,2025-06-11,False,PHT000446.jpg
PHT000447,PRJ00218,Drainage System,22.715059609832025,88.47109152770524,2026-07-10,False,PHT000447.jpg
PHT000448,PRJ00219,Public Toilet Complex,22.88480025772933,88.02733807721741,2025-05-14,False,PHT000448.jpg
PHT000449,PRJ00220,School Building Repair,22.741090155690788,87.38202885316053,2026-08-28,False,PHT000449.jpg
PHT000450,PRJ00220,School Building Repair,22.74067257071188,87.38135629199901,2026-08-24,False,PHT000450.jpg
PHT000451,PRJ00220,School Building Repair,22.7413732257835,87.38215334877987,2026-08-24,False,PHT000451.jpg
PHT000452,PRJ00221,Drainage System,22.81945101580412,87.67419000476355,2026-07-25,False,PHT000452.jpg
PHT000453,PRJ00221,Drainage System,22.819464812136992,87.674526157457,2025-11-26,False,PHT000453.jpg
PHT000454,PRJ00221,Drainage System,22.81869321565117,87.67422712006498,2026-01-22,False,PHT000454.jpg
PHT000455,PRJ00222,Drinking Water Supply,23.0438837583422,88.07984103167107,2026-06-03,False,PHT000455.jpg
PHT000456,PRJ00223,Borewell / Handpump,23.49409179894452,87.36893198664498,2025-08-01,False,PHT000456.jpg
PHT000457,PRJ00223,Borewell / Handpump,23.49372715539405,87.36945959379656,2025-05-13,False,PHT000457.jpg
PHT000458,PRJ00224,School Building Repair,22.42161560449035,88.13054154223546,2026-08-25,False,PHT000458.jpg
PHT000459,PRJ00224,School Building Repair,22.42122286991363,88.13036904025894,2026-07-22,False,PHT000459.jpg
PHT000460,PRJ00225,Drinking Water Supply,22.66700774509471,88.04870715748498,2025-08-22,False,PHT000460.jpg
PHT000461,PRJ00226,School Building Repair,22.741202727763632,87.79704527176123,2025-03-26,False,PHT000461.jpg
PHT000462,PRJ00227,School Building Repair,22.387770355333576,87.56120226739753,2026-04-16,False,PHT000462.jpg
PHT000463,PRJ00227,School Building Repair,22.38769557145907,87.56058313609931,2026-04-23,False,PHT000463.jpg
PHT000464,PRJ00227,School Building Repair,22.38763291526302,87.56140517811149,2025-01-05,False,PHT000464.jpg
PHT000465,PRJ00228,Drainage System,22.885798668655653,87.43149032518099,2026-08-02,False,PHT000465.jpg
PHT000466,PRJ00228,Drainage System,22.88524194528864,87.43183730632154,2025-07-26,False,PHT000466.jpg
PHT000467,PRJ00228,Drainage System,22.885167329811456,87.43195667934648,2026-02-05,False,PHT000467.jpg
PHT000468,PRJ00229,Drinking Water Supply,22.775543969061783,88.30238175140835,2026-07-11,False,PHT000468.jpg
PHT000469,PRJ00229,Drinking Water Supply,22.77506495543748,88.30293224827871,2026-08-13,False,PHT000469.jpg
PHT000470,PRJ00229,Drinking Water Supply,22.77494513670556,88.30283892367042,2026-07-02,False,PHT000470.jpg
PHT000471,PRJ00230,Drinking Water Supply,22.824834680397327,87.60572929040077,2024-12-05,False,PHT000471.jpg
PHT000472,PRJ00230,Drinking Water Supply,22.82546071072058,87.6052795458835,2024-12-05,False,PHT000472.jpg
PHT000473,PRJ00231,Borewell / Handpump,23.374041219095545,88.0640809221386,2026-06-19,False,PHT000473.jpg
PHT000474,PRJ00232,Public Toilet Complex,22.91514024252552,88.11621249251257,2026-08-02,False,PHT000474.jpg
PHT000475,PRJ00232,Public Toilet Complex,22.914915115579028,88.11633817325622,2026-08-13,False,PHT000475.jpg
PHT000476,PRJ00232,Public Toilet Complex,22.914475268878792,88.11627539852785,2026-08-10,False,PHT000476.jpg
PHT000477,PRJ00233,Drainage System,23.49647001186775,88.0906128936965,2026-07-25,False,PHT000477.jpg
PHT000478,PRJ00233,Drainage System,23.49625654391465,88.09030726241335,2026-07-18,False,PHT000478.jpg
PHT000479,PRJ00234,Library / Reading Room,22.61811321904493,87.32484084103815,2026-08-06,False,PHT000479.jpg
PHT000480,PRJ00234,Library / Reading Room,22.617913716764946,87.3254784056123,2026-07-27,False,PHT000480.jpg
PHT000481,PRJ00234,Library / Reading Room,22.618282441358108,87.32472953620764,2026-07-23,False,PHT000481.jpg
PHT000482,PRJ00235,Public Toilet Complex,22.758811241436472,87.54713346028947,2026-06-12,False,PHT000482.jpg
PHT000483,PRJ00236,Drainage System,22.35011876404948,88.46201681580885,2025-10-21,False,PHT000483.jpg
PHT000484,PRJ00236,Drainage System,22.35059799475949,88.46243652660881,2025-08-13,False,PHT000484.jpg
PHT000485,PRJ00237,Community Hall,23.19799882053784,88.27406107808275,2025-05-27,False,PHT000485.jpg
PHT000486,PRJ00238,Drinking Water Supply,22.81855644184165,87.8277383013846,2026-05-20,False,PHT000486.jpg
PHT000487,PRJ00239,School Building Repair,23.07505170064769,87.64323480566036,2026-02-23,False,PHT000487.jpg
PHT000488,PRJ00239,School Building Repair,23.07490134279444,87.64291939413894,2026-03-18,False,PHT000488.jpg
PHT000489,PRJ00240,Public Toilet Complex,22.85301044313351,88.31022104358462,2025-09-15,False,PHT000489.jpg
PHT000490,PRJ00240,Public Toilet Complex,22.852562078129008,88.31004709567868,2026-05-18,False,PHT000490.jpg
PHT000491,PRJ00241,Public Toilet Complex,26.18150831243122,85.62524132908264,2026-08-05,False,PHT000491.jpg
PHT000492,PRJ00241,Public Toilet Complex,26.18165187081064,85.62438996138512,2026-08-22,False,PHT000492.jpg
PHT000493,PRJ00241,Public Toilet Complex,26.181684913898245,85.62499158958347,2026-08-01,False,PHT000493.jpg
PHT000494,PRJ00242,Drainage System,25.255925038330208,85.10659733087235,2025-03-23,False,PHT000494.jpg
PHT000495,PRJ00242,Drainage System,25.25634143900768,85.10708918598432,2025-08-30,False,PHT000495.jpg
PHT000496,PRJ00243,School Building Repair,25.357107251271376,85.17779902879568,2025-06-30,False,PHT000496.jpg
PHT000497,PRJ00243,School Building Repair,25.35669505968353,85.1783750708749,2025-12-31,False,PHT000497.jpg
PHT000498,PRJ00244,Borewell / Handpump,25.553555511012505,84.51087520937982,2026-08-04,False,PHT000498.jpg
PHT000499,PRJ00244,Borewell / Handpump,25.554111730863763,84.5113573990799,2026-05-07,False,PHT000499.jpg
PHT000500,PRJ00244,Borewell / Handpump,25.55363097556428,84.5116774507631,2026-07-21,False,PHT000500.jpg
PHT000501,PRJ00245,Street Lighting,25.244644779223137,85.16644956479627,2026-02-04,False,PHT000501.jpg
PHT000502,PRJ00246,Drainage System,25.83635908054988,84.85589855285424,2024-10-29,False,PHT000502.jpg
PHT000503,PRJ00246,Drainage System,25.83617305244438,84.85619476203283,2024-12-08,False,PHT000503.jpg
PHT000504,PRJ00247,Borewell / Handpump,26.063755059365743,85.21214860871152,2025-11-17,False,PHT000504.jpg
PHT000505,PRJ00248,Drinking Water Supply,25.95301003512508,84.61189106255931,2026-05-22,False,PHT000505.jpg
PHT000506,PRJ00249,Drinking Water Supply,25.67305199715833,85.22403399493531,2025-10-21,False,PHT000506.jpg
PHT000507,PRJ00249,Drinking Water Supply,25.672886968357343,85.22465894058358,2025-08-20,False,PHT000507.jpg
PHT000508,PRJ00250,Community Hall,25.07068414388772,84.90085535691819,2026-04-18,False,PHT000508.jpg
PHT000509,PRJ00251,Borewell / Handpump,25.394001263686825,85.02078651148035,2026-08-03,False,PHT000509.jpg
PHT000510,PRJ00252,Library / Reading Room,26.11950853116904,85.27085217385752,2025-11-08,False,PHT000510.jpg
PHT000511,PRJ00252,Library / Reading Room,26.119350050297705,85.27092567174147,2026-06-11,False,PHT000511.jpg
PHT000512,PRJ00252,Library / Reading Room,26.1198439711676,85.27068058456034,2026-07-11,False,PHT000512.jpg
PHT000513,PRJ00253,Sports Infrastructure,25.31856036762699,85.04396585557679,2026-03-28,False,PHT000513.jpg
PHT000514,PRJ00253,Sports Infrastructure,25.318134174863705,85.0434787833623,2026-03-18,False,PHT000514.jpg
PHT000515,PRJ00253,Sports Infrastructure,25.31798726470105,85.04301991026415,2025-07-20,False,PHT000515.jpg
PHT000516,PRJ00254,Borewell / Handpump,26.128566664435045,84.81108554912352,2026-03-08,False,PHT000516.jpg
PHT000517,PRJ00254,Borewell / Handpump,26.128453027608938,84.81132939157911,2026-04-14,False,PHT000517.jpg
PHT000518,PRJ00254,Borewell / Handpump,26.12860946409884,84.81066965988343,2025-10-21,False,PHT000518.jpg
PHT000519,PRJ00255,Street Lighting,25.54971569477551,85.07921697435116,2026-06-27,False,PHT000519.jpg
PHT000520,PRJ00256,Community Hall,25.91874318260451,84.69073723742788,2025-08-22,False,PHT000520.jpg
PHT000521,PRJ00257,Borewell / Handpump,25.08259382249126,84.56858003119845,2026-07-29,False,PHT000521.jpg
PHT000522,PRJ00257,Borewell / Handpump,25.08300321343874,84.56851940002683,2026-04-10,False,PHT000522.jpg
PHT000523,PRJ00257,Borewell / Handpump,25.082615051277543,84.56884541731027,2026-01-29,False,PHT000523.jpg
PHT000524,PRJ00258,Sports Infrastructure,25.326827982644417,85.41144237541084,2026-05-08,False,PHT000524.jpg
PHT000525,PRJ00258,Sports Infrastructure,25.325877997837303,85.41138352927489,2026-02-27,False,PHT000525.jpg
PHT000526,PRJ00259,Borewell / Handpump,25.074789778906894,85.58750292201077,2026-08-17,False,PHT000526.jpg
PHT000527,PRJ00259,Borewell / Handpump,25.075233988415867,85.58763841657517,2026-05-22,False,PHT000527.jpg
PHT000528,PRJ00259,Borewell / Handpump,25.075398121527403,85.5879278508234,2026-07-19,False,PHT000528.jpg
PHT000529,PRJ00260,Library / Reading Room,25.026198262646226,85.2964817844022,2025-05-14,False,PHT000529.jpg
PHT000530,PRJ00260,Library / Reading Room,25.02592139545173,85.29698925906418,2025-05-12,False,PHT000530.jpg
PHT000531,PRJ00261,Road Construction,25.87679619244436,85.67750667985088,2026-07-21,False,PHT000531.jpg
PHT000532,PRJ00261,Road Construction,25.87664661606073,85.67734983562245,2026-06-25,False,PHT000532.jpg
PHT000533,PRJ00262,Street Lighting,26.16622148920648,85.23052550168185,2026-01-02,False,PHT000533.jpg
PHT000534,PRJ00263,Road Construction,26.02100168617045,85.17303535171486,2025-07-17,False,PHT000534.jpg
PHT000535,PRJ00263,Road Construction,26.02113722351883,85.17354833921694,2025-12-04,False,PHT000535.jpg
PHT000536,PRJ00263,Road Construction,26.02047159463696,85.17358388578326,2026-02-07,False,PHT000536.jpg
PHT000537,PRJ00264,School Building Repair,25.09856159777553,85.05044421598664,2026-04-11,True,PHT000537.jpg
PHT000538,PRJ00264,School Building Repair,25.098012870506107,85.04995214096913,2026-04-29,False,PHT000538.jpg
PHT000539,PRJ00265,School Building Repair,25.49372057454424,85.2809963520738,2025-07-26,False,PHT000539.jpg
PHT000540,PRJ00265,School Building Repair,25.49369236075952,85.28086383924189,2026-01-19,False,PHT000540.jpg
PHT000541,PRJ00265,School Building Repair,25.494403774321164,85.28115349589116,2025-11-15,False,PHT000541.jpg
PHT000542,PRJ00266,Public Toilet Complex,25.061930352990338,85.44358429552318,2026-05-07,False,PHT000542.jpg
PHT000543,PRJ00267,Library / Reading Room,25.62337793417792,84.74633518773913,2024-11-25,False,PHT000543.jpg
PHT000544,PRJ00268,Drainage System,26.181700125398724,85.42638809453811,2026-08-28,False,PHT000544.jpg
PHT000545,PRJ00269,Sports Infrastructure,25.59764680977627,84.62696622919317,2025-09-08,False,PHT000545.jpg
PHT000546,PRJ00269,Sports Infrastructure,25.59786703847378,84.62617083281607,2025-04-22,False,PHT000546.jpg
PHT000547,PRJ00270,School Building Repair,25.24487560262705,85.12842326487021,2026-02-06,False,PHT000547.jpg
PHT000548,PRJ00270,School Building Repair,25.244133427426743,85.12752917415776,2026-02-09,False,PHT000548.jpg
PHT000549,PRJ00270,School Building Repair,25.2442294198168,85.1284660766189,2026-06-15,False,PHT000549.jpg
PHT000550,PRJ00271,School Building Repair,25.47544355302552,85.59838413940369,2026-02-14,False,PHT000550.jpg
PHT000551,PRJ00271,School Building Repair,25.475462488977712,85.59820380753239,2025-11-13,False,PHT000551.jpg
PHT000552,PRJ00272,Borewell / Handpump,26.08743311010877,84.83231850858613,2025-08-20,False,PHT000552.jpg
PHT000553,PRJ00272,Borewell / Handpump,26.08785372721738,84.83219604256541,2025-07-21,False,PHT000553.jpg
PHT000554,PRJ00272,Borewell / Handpump,26.08697176300404,84.83256183136945,2025-01-08,False,PHT000554.jpg
PHT000555,PRJ00273,Drainage System,25.78469039016289,84.68238824617856,2026-04-15,False,PHT000555.jpg
PHT000556,PRJ00273,Drainage System,25.78477025016768,84.68294903449242,2025-10-12,False,PHT000556.jpg
PHT000557,PRJ00274,Public Toilet Complex,25.606678006719832,85.66075913751793,2026-01-20,False,PHT000557.jpg
PHT000558,PRJ00275,Community Hall,25.51287875034771,84.69492080936473,2026-08-27,False,PHT000558.jpg
PHT000559,PRJ00276,Library / Reading Room,25.09545964292145,85.37768516461652,2026-06-16,False,PHT000559.jpg
PHT000560,PRJ00277,Library / Reading Room,25.37770986748404,85.06511492287049,2025-06-09,False,PHT000560.jpg
PHT000561,PRJ00277,Library / Reading Room,25.377011823187576,85.06566611151044,2025-11-28,False,PHT000561.jpg
PHT000562,PRJ00278,School Building Repair,25.208306445461,85.35399839031663,2024-11-17,False,PHT000562.jpg
PHT000563,PRJ00278,School Building Repair,25.208441450533243,85.35432733759433,2026-03-16,False,PHT000563.jpg
PHT000564,PRJ00278,School Building Repair,25.208483802075698,85.35417341836957,2026-01-27,False,PHT000564.jpg
PHT000565,PRJ00279,Borewell / Handpump,25.540412067949653,85.39869117563521,2025-05-18,False,PHT000565.jpg
PHT000566,PRJ00280,Drinking Water Supply,26.17480891640733,85.26141522367448,2026-07-20,False,PHT000566.jpg
PHT000567,PRJ00281,Street Lighting,25.209702501855144,85.52701066718062,2026-08-13,False,PHT000567.jpg
PHT000568,PRJ00281,Street Lighting,25.209631990600474,85.52689011671846,2026-08-21,False,PHT000568.jpg
PHT000569,PRJ00282,Sports Infrastructure,25.6148583961433,84.86659266392559,2026-06-26,False,PHT000569.jpg
PHT000570,PRJ00283,Library / Reading Room,26.04562467513114,85.41912921963068,2025-05-16,False,PHT000570.jpg
PHT000571,PRJ00284,Drainage System,25.67271320967059,84.63290254328511,2026-02-05,False,PHT000571.jpg
PHT000572,PRJ00284,Drainage System,25.67221717464605,84.63269530484114,2026-08-18,False,PHT000572.jpg
PHT000573,PRJ00285,Borewell / Handpump,25.132796702978656,85.00752734961442,2026-08-04,False,PHT000573.jpg
PHT000574,PRJ00285,Borewell / Handpump,25.132952366779456,85.00675897403279,2026-08-23,False,PHT000574.jpg
PHT000575,PRJ00286,Road Construction,25.35094570298876,85.59253660714903,2026-04-04,False,PHT000575.jpg
PHT000576,PRJ00287,Public Toilet Complex,25.365395629647203,85.49538697734158,2026-08-25,False,PHT000576.jpg
PHT000577,PRJ00287,Public Toilet Complex,25.36608339653477,85.49573056392856,2026-04-06,False,PHT000577.jpg
PHT000578,PRJ00287,Public Toilet Complex,25.365306575642222,85.49496234687328,2026-05-11,False,PHT000578.jpg
PHT000579,PRJ00288,Borewell / Handpump,25.11613422967828,84.78992315364418,2026-08-27,False,PHT000579.jpg
PHT000580,PRJ00288,Borewell / Handpump,25.11566457760404,84.79011420207239,2026-08-27,False,PHT000580.jpg
PHT000581,PRJ00288,Borewell / Handpump,25.11580799941953,84.79058503329303,2026-08-25,False,PHT000581.jpg
PHT000582,PRJ00289,Drinking Water Supply,25.360192948269766,85.39139623524805,2026-08-02,False,PHT000582.jpg
PHT000583,PRJ00289,Drinking Water Supply,25.360059149714505,85.3921869256565,2026-08-04,False,PHT000583.jpg
PHT000584,PRJ00289,Drinking Water Supply,25.359730191605827,85.39186912074828,2026-08-02,False,PHT000584.jpg
PHT000585,PRJ00290,Drainage System,26.071074156261588,84.72266963664501,2026-07-10,False,PHT000585.jpg
PHT000586,PRJ00290,Drainage System,26.07072682973181,84.72267082776666,2026-07-21,False,PHT000586.jpg
PHT000587,PRJ00290,Drainage System,26.07089610682272,84.72194621312146,2026-08-06,False,PHT000587.jpg
PHT000588,PRJ00291,Library / Reading Room,25.968442343185828,85.18263559326275,2026-07-30,False,PHT000588.jpg
PHT000589,PRJ00291,Library / Reading Room,25.96857124406856,85.18264589891434,2026-07-17,False,PHT000589.jpg
PHT000590,PRJ00291,Library / Reading Room,25.968686299005164,85.18217501347821,2026-07-27,False,PHT000590.jpg
PHT000591,PRJ00292,Community Hall,26.055186754332,85.18637792839351,2025-08-12,False,PHT000591.jpg
PHT000592,PRJ00292,Community Hall,26.054989687449435,85.18615429913312,2026-07-19,False,PHT000592.jpg
PHT000593,PRJ00292,Community Hall,26.05458794561735,85.1862011619996,2026-02-06,False,PHT000593.jpg
PHT000594,PRJ00293,Road Construction,26.071017560906228,85.03201210539952,2025-08-12,False,PHT000594.jpg
PHT000595,PRJ00293,Road Construction,26.07128370992249,85.03200733603273,2026-08-09,False,PHT000595.jpg
PHT000596,PRJ00294,Library / Reading Room,25.124830808427195,84.96159674383964,2026-08-06,False,PHT000596.jpg
PHT000597,PRJ00294,Library / Reading Room,25.125233458323017,84.96178527290762,2026-06-23,False,PHT000597.jpg
PHT000598,PRJ00294,Library / Reading Room,25.12493011771549,84.96151412393995,2025-10-08,False,PHT000598.jpg
PHT000599,PRJ00295,Public Toilet Complex,25.60755452588269,85.26065542197182,2026-08-15,False,PHT000599.jpg
PHT000600,PRJ00295,Public Toilet Complex,25.607547058421893,85.26083622736263,2026-07-22,False,PHT000600.jpg
PHT000601,PRJ00296,Drinking Water Supply,25.16852769848184,84.83174871052088,2024-08-08,False,PHT000601.jpg
PHT000602,PRJ00296,Drinking Water Supply,25.16774625740049,84.83264807245862,2025-11-14,False,PHT000602.jpg
PHT000603,PRJ00297,Library / Reading Room,25.24854592773477,85.12026710666721,2026-08-29,False,PHT000603.jpg
PHT000604,PRJ00297,Library / Reading Room,25.24810496173084,85.12035904209418,2026-08-29,False,PHT000604.jpg
PHT000605,PRJ00298,Drainage System,25.96274578485014,85.18605912518818,2025-09-03,True,PHT000605.jpg
PHT000606,PRJ00299,Drinking Water Supply,25.53383830665321,85.04997073600786,2025-04-03,False,PHT000606.jpg
PHT000607,PRJ00299,Drinking Water Supply,25.53424307471772,85.04962418174526,2024-12-17,False,PHT000607.jpg
PHT000608,PRJ00299,Drinking Water Supply,25.53373114547812,85.04986879877256,2025-11-19,False,PHT000608.jpg
PHT000609,PRJ00300,Sports Infrastructure,26.08909176828996,85.35693260682605,2025-09-10,False,PHT000609.jpg
PHT000610,PRJ00300,Sports Infrastructure,26.089278916526407,85.35732497194394,2025-05-28,False,PHT000610.jpg
PHT000611,PRJ00300,Sports Infrastructure,26.089519530670707,85.35690128250276,2025-09-03,False,PHT000611.jpg
PHT000612,PRJ00301,Sports Infrastructure,25.76413688971001,84.56134535430306,2026-04-16,False,PHT000612.jpg
PHT000613,PRJ00301,Sports Infrastructure,25.76336349762827,84.56110645221025,2026-07-26,False,PHT000613.jpg
PHT000614,PRJ00301,Sports Infrastructure,25.76379641000932,84.56177524561949,2026-03-27,False,PHT000614.jpg
PHT000615,PRJ00302,Sports Infrastructure,25.46022813857385,85.04699008753097,2026-04-08,False,PHT000615.jpg
PHT000616,PRJ00303,School Building Repair,25.09671430693038,84.92592096526882,2025-01-10,False,PHT000616.jpg
PHT000617,PRJ00303,School Building Repair,25.096592858583023,84.92600772226598,2024-08-18,False,PHT000617.jpg
PHT000618,PRJ00304,Sports Infrastructure,25.76363186048054,85.59574452675724,2025-07-12,False,PHT000618.jpg
PHT000619,PRJ00304,Sports Infrastructure,25.763041330839737,85.59591257980438,2025-11-23,False,PHT000619.jpg
PHT000620,PRJ00304,Sports Infrastructure,25.763103887299373,85.5956162183222,2026-05-05,False,PHT000620.jpg
PHT000621,PRJ00305,School Building Repair,25.08022310978373,85.14103879158041,2026-06-13,False,PHT000621.jpg
PHT000622,PRJ00306,Drainage System,25.69238480896141,84.55220466587606,2026-06-09,False,PHT000622.jpg
PHT000623,PRJ00307,School Building Repair,26.01477633054969,85.33109640037195,2026-05-21,False,PHT000623.jpg
PHT000624,PRJ00307,School Building Repair,26.01490521337093,85.33078333331127,2026-01-14,False,PHT000624.jpg
PHT000625,PRJ00307,School Building Repair,26.01490651453544,85.33084044764078,2025-12-05,False,PHT000625.jpg
PHT000626,PRJ00308,Drinking Water Supply,25.535577336153697,85.45782808415758,2024-12-28,False,PHT000626.jpg
PHT000627,PRJ00308,Drinking Water Supply,25.53603313890228,85.45840911138916,2025-03-03,False,PHT000627.jpg
PHT000628,PRJ00309,Road Construction,25.69820277219953,84.94564582743736,2025-08-19,False,PHT000628.jpg
PHT000629,PRJ00310,Public Toilet Complex,25.171006435489435,85.56768013525225,2026-01-31,False,PHT000629.jpg
PHT000630,PRJ00310,Public Toilet Complex,25.171405902278327,85.56842039644692,2026-01-26,False,PHT000630.jpg
PHT000631,PRJ00311,Street Lighting,25.408560913845108,84.5856882384191,2025-11-03,False,PHT000631.jpg
PHT000632,PRJ00311,Street Lighting,25.40921717171445,84.58620959395125,2026-04-03,False,PHT000632.jpg
PHT000633,PRJ00312,School Building Repair,25.261736498500404,85.68598307715969,2026-06-20,False,PHT000633.jpg
PHT000634,PRJ00312,School Building Repair,25.26098753944929,85.68532980789819,2026-04-27,False,PHT000634.jpg
PHT000635,PRJ00312,School Building Repair,25.26134675934781,85.68612548265106,2026-05-01,False,PHT000635.jpg
PHT000636,PRJ00313,Street Lighting,25.60700254890873,85.65652244648165,2026-07-18,False,PHT000636.jpg
PHT000637,PRJ00313,Street Lighting,25.606367352305817,85.65731056480823,2025-12-17,False,PHT000637.jpg
PHT000638,PRJ00313,Street Lighting,25.60656233981884,85.65711384453382,2026-03-10,False,PHT000638.jpg
PHT000639,PRJ00314,Street Lighting,25.02799108406019,85.4079423557955,2026-02-02,False,PHT000639.jpg
PHT000640,PRJ00314,Street Lighting,25.0281270721006,85.40701053966067,2026-07-03,False,PHT000640.jpg
PHT000641,PRJ00314,Street Lighting,25.02817116804898,85.40736002010286,2025-09-07,False,PHT000641.jpg
PHT000642,PRJ00315,Public Toilet Complex,26.066175668820595,85.22304365782848,2024-11-11,False,PHT000642.jpg
PHT000643,PRJ00315,Public Toilet Complex,26.06620009856215,85.22322001706733,2025-02-13,False,PHT000643.jpg
PHT000644,PRJ00316,Sports Infrastructure,25.66460727156583,85.14959969718794,2025-06-06,False,PHT000644.jpg
PHT000645,PRJ00316,Sports Infrastructure,25.66410343190214,85.1501261763698,2025-11-25,False,PHT000645.jpg
PHT000646,PRJ00317,Public Toilet Complex,25.2337701358536,84.56893223121692,2025-12-27,False,PHT000646.jpg
PHT000647,PRJ00318,School Building Repair,25.69613968365694,84.66696215154845,2026-08-10,False,PHT000647.jpg
PHT000648,PRJ00319,Library / Reading Room,26.056095729034247,85.24784374160134,2025-07-20,False,PHT000648.jpg
PHT000649,PRJ00320,Borewell / Handpump,25.16250772909856,85.5978692088063,2025-07-21,False,PHT000649.jpg
PHT000650,PRJ00320,Borewell / Handpump,25.16276328906771,85.59767576176739,2024-11-11,False,PHT000650.jpg
PHT000651,PRJ00320,Borewell / Handpump,25.162191563955368,85.59785176590577,2025-07-06,False,PHT000651.jpg
PHT000652,PRJ00321,School Building Repair,20.15254000312974,76.23303396441868,2026-07-18,False,PHT000652.jpg
PHT000653,PRJ00321,School Building Repair,20.152890324889466,76.23293701637748,2026-08-03,False,PHT000653.jpg
PHT000654,PRJ00322,Library / Reading Room,19.806226707155965,75.5505741825846,2026-08-07,False,PHT000654.jpg
PHT000655,PRJ00322,Library / Reading Room,19.8063637323279,75.55067510418735,2026-06-28,False,PHT000655.jpg
PHT000656,PRJ00323,Public Toilet Complex,19.79229452619688,76.13877450830962,2024-09-13,False,PHT000656.jpg
PHT000657,PRJ00323,Public Toilet Complex,19.79320231917223,76.13900440750271,2024-09-03,False,PHT000657.jpg
PHT000658,PRJ00324,Sports Infrastructure,19.34019075199765,75.23121147385491,2025-04-08,False,PHT000658.jpg
PHT000659,PRJ00325,Borewell / Handpump,20.15969290585907,75.63802464150784,2025-12-25,False,PHT000659.jpg
PHT000660,PRJ00325,Borewell / Handpump,20.15975907649237,75.63828492039227,2026-07-25,False,PHT000660.jpg
PHT000661,PRJ00325,Borewell / Handpump,20.16041459393401,75.63830542231003,2025-10-17,False,PHT000661.jpg
PHT000662,PRJ00326,Borewell / Handpump,19.96701157295092,75.93074752754029,2026-08-05,False,PHT000662.jpg
PHT000663,PRJ00326,Borewell / Handpump,19.96769591707893,75.93125583720673,2026-08-16,False,PHT000663.jpg
PHT000664,PRJ00326,Borewell / Handpump,19.967386699094885,75.93092665990056,2026-07-01,False,PHT000664.jpg
PHT000665,PRJ00327,Street Lighting,19.352421321432168,76.24846945719524,2026-08-28,False,PHT000665.jpg
PHT000666,PRJ00327,Street Lighting,19.35278442889201,76.24899021506805,2026-08-28,False,PHT000666.jpg
PHT000667,PRJ00328,Drinking Water Supply,19.116955375813333,75.98541889251084,2025-06-26,False,PHT000667.jpg
PHT000668,PRJ00328,Drinking Water Supply,19.11706642722123,75.98576367538341,2025-06-16,False,PHT000668.jpg
PHT000669,PRJ00329,Community Hall,19.89035264452451,76.01973452012038,2025-12-29,False,PHT000669.jpg
PHT000670,PRJ00329,Community Hall,19.89063942220378,76.01910900499647,2024-11-13,False,PHT000670.jpg
PHT000671,PRJ00330,Street Lighting,19.17897306679989,75.51836370734563,2026-08-21,True,PHT000671.jpg
PHT000672,PRJ00330,Street Lighting,19.17936124273284,75.51816670395961,2026-06-18,False,PHT000672.jpg
PHT000673,PRJ00331,School Building Repair,19.459134676125544,75.19236442174817,2026-05-16,False,PHT000673.jpg
PHT000674,PRJ00332,Road Construction,19.454708643910568,75.3793016365508,2026-03-07,True,PHT000674.jpg
PHT000675,PRJ00333,Road Construction,19.671533772484725,75.37097532288074,2025-10-03,False,PHT000675.jpg
PHT000676,PRJ00333,Road Construction,19.672138665107425,75.37131011256693,2026-04-09,False,PHT000676.jpg
PHT000677,PRJ00334,Drinking Water Supply,19.247495119236127,76.16591985791334,2025-08-22,False,PHT000677.jpg
PHT000678,PRJ00335,School Building Repair,20.016782240325025,76.19153501956303,2025-03-15,False,PHT000678.jpg
PHT000679,PRJ00335,School Building Repair,20.016966226867748,76.1916268963017,2025-06-20,False,PHT000679.jpg
PHT000680,PRJ00336,Street Lighting,19.26084041923285,75.85537302995033,2026-08-16,False,PHT000680.jpg
PHT000681,PRJ00336,Street Lighting,19.26085799704932,75.85596092661831,2026-08-04,False,PHT000681.jpg
PHT000682,PRJ00337,Library / Reading Room,19.43131404078057,75.94803762005941,2026-07-24,False,PHT000682.jpg
PHT000683,PRJ00337,Library / Reading Room,19.4315963950026,75.94878904559016,2026-08-01,False,PHT000683.jpg
PHT000684,PRJ00338,Sports Infrastructure,20.07412884444684,75.61502709949937,2025-07-24,False,PHT000684.jpg
PHT000685,PRJ00339,Library / Reading Room,19.859044650329366,75.94436257908313,2026-08-29,False,PHT000685.jpg
PHT000686,PRJ00339,Library / Reading Room,19.85948998448876,75.94413684492125,2026-08-29,False,PHT000686.jpg
PHT000687,PRJ00340,Sports Infrastructure,20.013284230527336,76.24122076680703,2025-06-29,False,PHT000687.jpg
PHT000688,PRJ00340,Sports Infrastructure,20.013348291510614,76.24109590010562,2026-01-08,False,PHT000688.jpg
PHT000689,PRJ00341,Road Construction,19.1577688496342,75.53190757798788,2025-09-16,False,PHT000689.jpg
PHT000690,PRJ00341,Road Construction,19.158081445957,75.53188225517341,2024-09-18,False,PHT000690.jpg
PHT000691,PRJ00341,Road Construction,19.157394807545447,75.5316552759779,2025-05-14,False,PHT000691.jpg
PHT000692,PRJ00342,Library / Reading Room,19.54332766217583,75.16266292687496,2026-01-04,False,PHT000692.jpg
PHT000693,PRJ00342,Library / Reading Room,19.543570348166515,75.16308930807718,2026-01-01,False,PHT000693.jpg
PHT000694,PRJ00342,Library / Reading Room,19.54352182713264,75.16305482218009,2026-01-02,False,PHT000694.jpg
PHT000695,PRJ00343,Public Toilet Complex,19.888721453925665,75.66644842048373,2025-06-14,False,PHT000695.jpg
PHT000696,PRJ00344,Public Toilet Complex,19.882389397588,75.98645661673243,2026-02-05,False,PHT000696.jpg
PHT000697,PRJ00344,Public Toilet Complex,19.882150756924734,75.98624420302728,2026-05-20,False,PHT000697.jpg
PHT000698,PRJ00344,Public Toilet Complex,19.882202064035024,75.98633194735152,2026-07-14,False,PHT000698.jpg
PHT000699,PRJ00345,Public Toilet Complex,19.445114155579315,75.54145807334001,2026-07-25,False,PHT000699.jpg
PHT000700,PRJ00346,Road Construction,19.11796794911092,75.55534890558532,2026-01-13,False,PHT000700.jpg
PHT000701,PRJ00346,Road Construction,19.11762024112944,75.55467188874196,2026-06-25,False,PHT000701.jpg
PHT000702,PRJ00347,Road Construction,19.58536962963601,75.73676588512058,2026-07-02,False,PHT000702.jpg
PHT000703,PRJ00347,Road Construction,19.584828973063978,75.73742225902565,2025-12-16,False,PHT000703.jpg
PHT000704,PRJ00347,Road Construction,19.58497627229356,75.73678323926268,2025-08-01,False,PHT000704.jpg
PHT000705,PRJ00348,Street Lighting,19.9132128905547,75.47428743038795,2025-02-21,False,PHT000705.jpg
PHT000706,PRJ00349,Community Hall,19.11994969786044,76.02376231057478,2025-11-30,False,PHT000706.jpg
PHT000707,PRJ00349,Community Hall,19.120548882085227,76.02374843099086,2025-08-31,False,PHT000707.jpg
PHT000708,PRJ00350,Road Construction,19.721137676155244,75.51811874577061,2026-08-01,False,PHT000708.jpg
PHT000709,PRJ00350,Road Construction,19.721751232989813,75.51814118892143,2026-07-04,False,PHT000709.jpg
PHT000710,PRJ00350,Road Construction,19.72188153857593,75.51778470785057,2026-02-07,False,PHT000710.jpg
PHT000711,PRJ00351,Drinking Water Supply,20.11619079911512,75.12814120002204,2025-07-23,False,PHT000711.jpg
PHT000712,PRJ00351,Drinking Water Supply,20.11614565653583,75.12807264023664,2025-05-04,False,PHT000712.jpg
PHT000713,PRJ00351,Drinking Water Supply,20.116206050098523,75.12840264366972,2025-12-15,False,PHT000713.jpg
PHT000714,PRJ00352,Drinking Water Supply,19.1790820893657,75.37404842661414,2026-06-09,False,PHT000714.jpg
PHT000715,PRJ00353,Borewell / Handpump,20.24933594790926,76.23095556385964,2026-03-01,False,PHT000715.jpg
PHT000716,PRJ00353,Borewell / Handpump,20.24909653600201,76.23086030887758,2025-12-20,False,PHT000716.jpg
PHT000717,PRJ00354,Sports Infrastructure,19.27438822586316,75.1620572321042,2025-05-07,False,PHT000717.jpg
PHT000718,PRJ00354,Sports Infrastructure,19.274349678271367,75.16185853973542,2025-05-20,False,PHT000718.jpg
PHT000719,PRJ00354,Sports Infrastructure,19.27486926728545,75.16252234390046,2025-10-24,False,PHT000719.jpg
PHT000720,PRJ00355,Public Toilet Complex,19.51460557647672,76.20069634657456,2026-03-28,False,PHT000720.jpg
PHT000721,PRJ00355,Public Toilet Complex,19.51388173699303,76.20110355919542,2026-04-19,False,PHT000721.jpg
PHT000722,PRJ00356,Drinking Water Supply,19.27687728334684,75.10967167490539,2026-01-12,False,PHT000722.jpg
PHT000723,PRJ00356,Drinking Water Supply,19.276891630354903,75.1098452503144,2025-09-12,False,PHT000723.jpg
PHT000724,PRJ00357,Borewell / Handpump,19.39013116393864,75.7009417033617,2026-01-05,False,PHT000724.jpg
PHT000725,PRJ00357,Borewell / Handpump,19.38995053290454,75.70060014731,2025-10-26,False,PHT000725.jpg
PHT000726,PRJ00357,Borewell / Handpump,19.39019138983797,75.70040227480831,2026-06-09,False,PHT000726.jpg
PHT000727,PRJ00358,Community Hall,19.756155318761696,75.6193603558321,2026-08-19,False,PHT000727.jpg
PHT000728,PRJ00358,Community Hall,19.756290282672136,75.61901517414236,2026-08-06,False,PHT000728.jpg
PHT000729,PRJ00359,Road Construction,20.11242270124725,76.27773001037136,2024-12-25,False,PHT000729.jpg
PHT000730,PRJ00360,Road Construction,20.2422000181502,76.29373790660289,2025-08-07,False,PHT000730.jpg
PHT000731,PRJ00360,Road Construction,20.24150872443784,76.29345735670766,2026-03-09,False,PHT000731.jpg
PHT000732,PRJ00360,Road Construction,20.242171414164748,76.29369664475485,2026-05-28,False,PHT000732.jpg
PHT000733,PRJ00361,Road Construction,20.38802179761544,85.24679305112748,2025-06-09,False,PHT000733.jpg
PHT000734,PRJ00362,Road Construction,20.92568698417917,85.67282772340822,2025-02-03,False,PHT000734.jpg
PHT000735,PRJ00362,Road Construction,20.9259482634753,85.67232182464448,2026-02-14,False,PHT000735.jpg
PHT000736,PRJ00362,Road Construction,20.92607694692946,85.67250607728757,2025-06-15,False,PHT000736.jpg
PHT000737,PRJ00363,Library / Reading Room,21.09990231037856,84.69533666290693,2025-10-14,False,PHT000737.jpg
PHT000738,PRJ00364,Street Lighting,20.57450448640463,85.26103378707323,2026-03-19,False,PHT000738.jpg
PHT000739,PRJ00364,Street Lighting,20.57391452754983,85.26083715105791,2026-07-24,False,PHT000739.jpg
PHT000740,PRJ00365,Street Lighting,20.442664431312384,84.84658896619928,2026-03-29,False,PHT000740.jpg
PHT000741,PRJ00365,Street Lighting,20.44184984816908,84.84671303135268,2025-12-04,False,PHT000741.jpg
PHT000742,PRJ00366,Library / Reading Room,20.846059695482232,85.5106796946777,2024-12-04,False,PHT000742.jpg
PHT000743,PRJ00367,Drinking Water Supply,20.58874356371805,84.72943550242282,2025-03-03,False,PHT000743.jpg
PHT000744,PRJ00367,Drinking Water Supply,20.58808974850783,84.7297644754416,2024-11-23,False,PHT000744.jpg
PHT000745,PRJ00368,Drinking Water Supply,21.345007304990123,84.9165245228061,2024-12-30,False,PHT000745.jpg
PHT000746,PRJ00369,Sports Infrastructure,21.37122662194947,85.00375685205125,2025-07-04,False,PHT000746.jpg
PHT000747,PRJ00369,Sports Infrastructure,21.370762343156475,85.0031087227582,2026-02-13,False,PHT000747.jpg
PHT000748,PRJ00369,Sports Infrastructure,21.37114163972327,85.00329301103231,2025-03-02,False,PHT000748.jpg
PHT000749,PRJ00370,Borewell / Handpump,20.523312727308323,84.89765649200336,2026-01-28,False,PHT000749.jpg
PHT000750,PRJ00370,Borewell / Handpump,20.52374707010941,84.89746190254183,2025-07-01,False,PHT000750.jpg
PHT000751,PRJ00370,Borewell / Handpump,20.523088058345515,84.89778877708953,2025-12-27,False,PHT000751.jpg
PHT000752,PRJ00371,Drinking Water Supply,20.79132151451989,85.47288821529338,2025-02-14,False,PHT000752.jpg
PHT000753,PRJ00371,Drinking Water Supply,20.791594324859407,85.47317851801537,2025-06-23,False,PHT000753.jpg
PHT000754,PRJ00372,Street Lighting,21.350777484353863,85.14674724637416,2026-08-20,False,PHT000754.jpg
PHT000755,PRJ00372,Street Lighting,21.351080089937607,85.14681369928124,2026-05-15,False,PHT000755.jpg
PHT000756,PRJ00373,Public Toilet Complex,20.300292988505905,84.9997191089365,2025-09-23,False,PHT000756.jpg
PHT000757,PRJ00373,Public Toilet Complex,20.30009893611834,85.00004420410349,2026-05-02,False,PHT000757.jpg
PHT000758,PRJ00373,Public Toilet Complex,20.30039598759077,84.99975017412069,2025-08-12,False,PHT000758.jpg
PHT000759,PRJ00374,Street Lighting,20.66518934858363,84.77643501192743,2026-08-29,False,PHT000759.jpg
PHT000760,PRJ00374,Street Lighting,20.66485425750968,84.77666630532313,2026-08-29,False,PHT000760.jpg
PHT000761,PRJ00375,Library / Reading Room,21.1903225137087,85.51781525752973,2026-06-08,False,PHT000761.jpg
PHT000762,PRJ00375,Library / Reading Room,21.190579751974305,85.51816297558601,2026-03-11,False,PHT000762.jpg
PHT000763,PRJ00375,Library / Reading Room,21.18988993818313,85.5176939516615,2026-01-21,False,PHT000763.jpg
PHT000764,PRJ00376,Library / Reading Room,20.74493984615552,85.58278165645096,2025-12-19,False,PHT000764.jpg
PHT000765,PRJ00376,Library / Reading Room,20.74528892429526,85.58234564808902,2025-02-17,False,PHT000765.jpg
PHT000766,PRJ00376,Library / Reading Room,20.745607456672182,85.58220304069825,2025-01-18,False,PHT000766.jpg
PHT000767,PRJ00377,Street Lighting,20.39414079889572,85.15376999801161,2026-04-28,False,PHT000767.jpg
PHT000768,PRJ00378,Street Lighting,20.61790196591605,85.22225129574474,2026-03-12,False,PHT000768.jpg
PHT000769,PRJ00379,Public Toilet Complex,20.66035584229705,85.73432740674713,2026-01-11,False,PHT000769.jpg
PHT000770,PRJ00379,Public Toilet Complex,20.660913101012923,85.73405405023405,2025-12-17,False,PHT000770.jpg
PHT000771,PRJ00379,Public Toilet Complex,20.661103179485792,85.7343697219502,2025-08-10,False,PHT000771.jpg
PHT000772,PRJ00380,Drainage System,20.62935364709273,85.46898114683094,2026-04-17,False,PHT000772.jpg
PHT000773,PRJ00380,Drainage System,20.62923554375956,85.46848482225775,2026-05-28,False,PHT000773.jpg
PHT000774,PRJ00380,Drainage System,20.628999072309885,85.46804096555726,2026-06-15,False,PHT000774.jpg
PHT000775,PRJ00381,Drainage System,21.141774890570023,85.37218146151613,2025-12-17,False,PHT000775.jpg
PHT000776,PRJ00382,Public Toilet Complex,21.24388648088772,85.38126156383781,2026-02-16,False,PHT000776.jpg
PHT000777,PRJ00382,Public Toilet Complex,21.24338753664812,85.38135245276652,2026-05-09,False,PHT000777.jpg
PHT000778,PRJ00382,Public Toilet Complex,21.24374769280092,85.38128510220577,2026-07-04,False,PHT000778.jpg
PHT000779,PRJ00383,Drainage System,20.82522772066136,84.78180648051037,2026-01-08,False,PHT000779.jpg
PHT000780,PRJ00383,Drainage System,20.825411722254746,84.78202604897564,2025-03-17,False,PHT000780.jpg
PHT000781,PRJ00383,Drainage System,20.82486388287516,84.7817532977209,2025-07-06,False,PHT000781.jpg
PHT000782,PRJ00384,Road Construction,20.905928420800247,85.36166334866166,2025-10-22,False,PHT000782.jpg
PHT000783,PRJ00384,Road Construction,20.905520342474805,85.36195502184621,2025-07-01,False,PHT000783.jpg
PHT000784,PRJ00384,Road Construction,20.905470925600937,85.36252947131358,2024-11-24,False,PHT000784.jpg
PHT000785,PRJ00385,Road Construction,21.3382993823623,84.68907742226945,2026-05-28,False,PHT000785.jpg
PHT000786,PRJ00385,Road Construction,21.33814732951584,84.68864876020777,2026-06-19,False,PHT000786.jpg
PHT000787,PRJ00386,Drinking Water Supply,20.60103426074336,85.25024213871838,2025-11-04,False,PHT000787.jpg
PHT000788,PRJ00387,Drinking Water Supply,21.032511695476103,84.94595143820486,2026-01-07,False,PHT000788.jpg
PHT000789,PRJ00387,Drinking Water Supply,21.032337338111983,84.94614739622816,2026-01-15,False,PHT000789.jpg
PHT000790,PRJ00387,Drinking Water Supply,21.03175064567005,84.9463740336953,2026-06-25,False,PHT000790.jpg
PHT000791,PRJ00388,Public Toilet Complex,20.81944433552655,85.32227062121757,2026-04-21,False,PHT000791.jpg
PHT000792,PRJ00388,Public Toilet Complex,20.8197462141054,85.322848007777,2026-03-06,False,PHT000792.jpg
PHT000793,PRJ00388,Public Toilet Complex,20.81980226456136,85.32274162040044,2025-12-28,False,PHT000793.jpg
PHT000794,PRJ00389,Borewell / Handpump,21.10531016071329,85.25840740794902,2026-07-18,False,PHT000794.jpg
PHT000795,PRJ00389,Borewell / Handpump,21.105458738925844,85.25875048676922,2026-04-11,False,PHT000795.jpg
PHT000796,PRJ00390,Sports Infrastructure,20.81884388615783,85.67628596061358,2026-08-24,False,PHT000796.jpg
PHT000797,PRJ00390,Sports Infrastructure,20.81886787564191,85.6759481286473,2026-08-02,False,PHT000797.jpg
PHT000798,PRJ00391,Road Construction,20.806798656055708,84.9162376927663,2026-03-31,False,PHT000798.jpg
PHT000799,PRJ00391,Road Construction,20.8068489440127,84.91543927672828,2026-02-17,False,PHT000799.jpg
PHT000800,PRJ00391,Road Construction,20.807714234192872,84.91602190915157,2026-07-18,False,PHT000800.jpg
PHT000801,PRJ00392,Road Construction,20.64482045664634,85.28765021369955,2025-11-15,False,PHT000801.jpg
PHT000802,PRJ00393,Street Lighting,20.40999717299066,85.21930165165307,2025-10-21,False,PHT000802.jpg
PHT000803,PRJ00393,Street Lighting,20.40999009040502,85.21904315723172,2026-08-19,False,PHT000803.jpg
PHT000804,PRJ00394,Sports Infrastructure,20.67595462572284,84.8249769370112,2025-08-06,False,PHT000804.jpg
PHT000805,PRJ00395,Library / Reading Room,21.281515370895907,85.48115968646576,2026-07-19,False,PHT000805.jpg
PHT000806,PRJ00395,Library / Reading Room,21.28113088234176,85.4814813887261,2026-07-03,False,PHT000806.jpg
PHT000807,PRJ00396,Sports Infrastructure,20.84065204691888,85.64913706571528,2026-02-26,False,PHT000807.jpg
PHT000808,PRJ00396,Sports Infrastructure,20.8407821829066,85.64917912137082,2026-07-18,False,PHT000808.jpg
PHT000809,PRJ00397,School Building Repair,20.422725292396365,84.510159354627,2026-03-28,False,PHT000809.jpg
PHT000810,PRJ00398,Drinking Water Supply,20.82078751085091,85.36767701964074,2026-08-27,False,PHT000810.jpg
PHT000811,PRJ00398,Drinking Water Supply,20.820970008431853,85.36789175879521,2026-08-27,False,PHT000811.jpg
PHT000812,PRJ00398,Drinking Water Supply,20.82114406549355,85.36805753769008,2026-08-27,False,PHT000812.jpg
PHT000813,PRJ00399,Community Hall,21.156405361931952,84.60984394444907,2026-06-18,False,PHT000813.jpg
PHT000814,PRJ00400,Sports Infrastructure,20.71738336493244,84.89430745674304,2026-08-21,False,PHT000814.jpg
PHT000815,PRJ00400,Sports Infrastructure,20.71736691363933,84.89431413626693,2026-08-26,False,PHT000815.jpg
PHT000816,PRJ00400,Sports Infrastructure,20.71777884522608,84.89409901761238,2026-08-13,False,PHT000816.jpg
PHT000817,PRJ00401,Public Toilet Complex,22.66578507092192,71.5876415221849,2025-12-16,False,PHT000817.jpg
PHT000818,PRJ00401,Public Toilet Complex,22.666126315115203,71.58800863829919,2025-03-07,False,PHT000818.jpg
PHT000819,PRJ00401,Public Toilet Complex,22.666606844827182,71.58766022003523,2024-09-07,False,PHT000819.jpg
PHT000820,PRJ00402,School Building Repair,22.58558775479669,71.22551357269569,2026-07-12,False,PHT000820.jpg
PHT000821,PRJ00402,School Building Repair,22.585821853304694,71.22551472963698,2026-08-19,False,PHT000821.jpg
PHT000822,PRJ00403,Road Construction,22.02241221758296,71.04183332635388,2026-01-12,False,PHT000822.jpg
PHT000823,PRJ00403,Road Construction,22.022485645327755,71.04224037621145,2025-07-15,False,PHT000823.jpg
PHT000824,PRJ00404,Public Toilet Complex,22.54661347348217,71.11353669574352,2026-05-07,False,PHT000824.jpg
PHT000825,PRJ00404,Public Toilet Complex,22.546456733004103,71.11348438038453,2025-11-16,False,PHT000825.jpg
PHT000826,PRJ00405,Community Hall,22.23274723675761,70.62674655037193,2026-06-01,False,PHT000826.jpg
PHT000827,PRJ00405,Community Hall,22.23301996845048,70.62644956072555,2026-07-22,False,PHT000827.jpg
PHT000828,PRJ00405,Community Hall,22.233147487879847,70.62606892172752,2026-02-14,False,PHT000828.jpg
PHT000829,PRJ00406,Library / Reading Room,22.01226799075033,70.79159286242682,2026-05-25,False,PHT000829.jpg
PHT000830,PRJ00406,Library / Reading Room,22.01178810145043,70.79123393511584,2026-08-25,False,PHT000830.jpg
PHT000831,PRJ00406,Library / Reading Room,22.01247896746061,70.79129232544395,2026-05-21,False,PHT000831.jpg
PHT000832,PRJ00407,Street Lighting,22.52201708967376,70.7321878394333,2026-02-08,False,PHT000832.jpg
PHT000833,PRJ00408,Public Toilet Complex,22.12495374237257,71.59476465033838,2025-03-02,False,PHT000833.jpg
PHT000834,PRJ00409,School Building Repair,22.12486452255888,71.20659073110714,2025-03-28,False,PHT000834.jpg
PHT000835,PRJ00410,Borewell / Handpump,21.93234082124708,71.63038142491179,2025-06-18,False,PHT000835.jpg
PHT000836,PRJ00411,Library / Reading Room,21.89271226056843,71.40858757794325,2026-07-09,False,PHT000836.jpg
PHT000837,PRJ00411,Library / Reading Room,21.89232521785708,71.40878404094133,2026-08-24,False,PHT000837.jpg
PHT000838,PRJ00411,Library / Reading Room,21.892111639312624,71.40809801264142,2026-06-24,False,PHT000838.jpg
PHT000839,PRJ00412,Community Hall,22.56207925056928,71.47881744839883,2026-03-12,False,PHT000839.jpg
PHT000840,PRJ00412,Community Hall,22.562510073571136,71.47871190858308,2026-02-24,False,PHT000840.jpg
PHT000841,PRJ00412,Community Hall,22.562946800954258,71.4785870174043,2026-04-10,False,PHT000841.jpg
PHT000842,PRJ00413,Drinking Water Supply,21.82595839669416,70.86640041640447,2026-02-26,False,PHT000842.jpg
PHT000843,PRJ00414,Borewell / Handpump,21.96306993918033,71.75135734678842,2025-07-20,False,PHT000843.jpg
PHT000844,PRJ00415,Sports Infrastructure,22.542639849171,70.80623634095451,2025-10-17,False,PHT000844.jpg
PHT000845,PRJ00415,Sports Infrastructure,22.54274325943721,70.8057154763311,2026-03-29,False,PHT000845.jpg
PHT000846,PRJ00415,Sports Infrastructure,22.54248695967989,70.80618679950933,2026-08-27,False,PHT000846.jpg
PHT000847,PRJ00416,Drinking Water Supply,22.42720281696523,70.74014928175784,2026-07-29,False,PHT000847.jpg
PHT000848,PRJ00417,Library / Reading Room,21.94474649079517,71.20981904658616,2026-01-04,False,PHT000848.jpg
PHT000849,PRJ00417,Library / Reading Room,21.94506203483041,71.20895763820518,2025-11-09,False,PHT000849.jpg
PHT000850,PRJ00418,School Building Repair,22.54183470251956,71.31827409301123,2026-06-13,False,PHT000850.jpg
PHT000851,PRJ00418,School Building Repair,22.541823811969856,71.31809173052008,2026-04-05,False,PHT000851.jpg
PHT000852,PRJ00418,School Building Repair,22.54115319158525,71.3173316335194,2026-04-23,False,PHT000852.jpg
PHT000853,PRJ00419,Drinking Water Supply,22.6496114642282,71.14111531772505,2026-05-05,False,PHT000853.jpg
PHT000854,PRJ00419,Drinking Water Supply,22.649494498898267,71.14196787838063,2026-04-29,False,PHT000854.jpg
PHT000855,PRJ00420,Drinking Water Supply,22.165428648463987,71.56433810595512,2025-06-08,False,PHT000855.jpg
PHT000856,PRJ00420,Drinking Water Supply,22.164990056434217,71.56406379836174,2024-10-07,False,PHT000856.jpg
PHT000857,PRJ00421,Community Hall,22.86157466991409,70.67956659893127,2026-01-06,False,PHT000857.jpg
PHT000858,PRJ00421,Community Hall,22.861871808393847,70.67991011986021,2025-11-03,False,PHT000858.jpg
PHT000859,PRJ00421,Community Hall,22.861566333420857,70.6802196917681,2025-07-20,False,PHT000859.jpg
PHT000860,PRJ00422,Borewell / Handpump,22.89685321833953,71.27112848232474,2026-04-05,False,PHT000860.jpg
PHT000861,PRJ00422,Borewell / Handpump,22.896416300599228,71.27084154148605,2026-01-13,False,PHT000861.jpg
PHT000862,PRJ00422,Borewell / Handpump,22.89616493003223,71.27048260319945,2026-02-05,False,PHT000862.jpg
PHT000863,PRJ00423,Community Hall,22.143493176820336,71.15743513663617,2025-05-29,False,PHT000863.jpg
PHT000864,PRJ00423,Community Hall,22.143924162010745,71.15754090790894,2026-05-22,False,PHT000864.jpg
PHT000865,PRJ00424,School Building Repair,22.281124562734675,70.60623982504079,2025-01-03,False,PHT000865.jpg
PHT000866,PRJ00425,Public Toilet Complex,22.638420818731767,71.50215468144393,2026-01-24,False,PHT000866.jpg
PHT000867,PRJ00426,Road Construction,22.600468991050946,71.68988215730657,2025-06-24,False,PHT000867.jpg
PHT000868,PRJ00426,Road Construction,22.59965890171156,71.68937879982482,2025-09-14,False,PHT000868.jpg
PHT000869,PRJ00426,Road Construction,22.6000285186667,71.69019893847982,2025-09-11,False,PHT000869.jpg
PHT000870,PRJ00427,Library / Reading Room,22.45928646834867,70.78790008347657,2026-06-30,False,PHT000870.jpg
PHT000871,PRJ00427,Library / Reading Room,22.45851830173481,70.7881273361303,2026-04-29,False,PHT000871.jpg
PHT000872,PRJ00428,School Building Repair,21.98947123303244,70.85758476355815,2026-08-04,False,PHT000872.jpg
PHT000873,PRJ00428,School Building Repair,21.98933321536045,70.85785753494329,2026-01-11,False,PHT000873.jpg
PHT000874,PRJ00429,Sports Infrastructure,22.53555207744,71.05969862938757,2025-05-12,False,PHT000874.jpg
PHT000875,PRJ00429,Sports Infrastructure,22.535313902087324,71.0598409177845,2025-12-08,False,PHT000875.jpg
PHT000876,PRJ00429,Sports Infrastructure,22.53578420413093,71.05929776222065,2025-03-10,False,PHT000876.jpg
PHT000877,PRJ00430,Sports Infrastructure,22.826793863465387,71.36386509191783,2026-01-14,False,PHT000877.jpg
PHT000878,PRJ00430,Sports Infrastructure,22.826652469105618,71.36319563590045,2026-04-06,False,PHT000878.jpg
PHT000879,PRJ00430,Sports Infrastructure,22.82720944573598,71.36317366368829,2026-06-07,False,PHT000879.jpg
PHT000880,PRJ00431,School Building Repair,22.414796495874512,70.91729892786151,2026-03-01,False,PHT000880.jpg
PHT000881,PRJ00431,School Building Repair,22.41483910190109,70.91802427806016,2025-07-17,False,PHT000881.jpg
PHT000882,PRJ00432,Borewell / Handpump,21.805662331053213,71.43838728253789,2026-06-03,False,PHT000882.jpg
PHT000883,PRJ00432,Borewell / Handpump,21.80628775887545,71.43891323656163,2026-02-18,False,PHT000883.jpg
PHT000884,PRJ00433,Community Hall,22.75469277693976,70.89215676109195,2026-01-13,False,PHT000884.jpg
PHT000885,PRJ00433,Community Hall,22.755251834147124,70.89201736007868,2025-11-11,False,PHT000885.jpg
PHT000886,PRJ00433,Community Hall,22.75481647857736,70.89178747032005,2025-10-09,False,PHT000886.jpg
PHT000887,PRJ00434,Public Toilet Complex,22.765336830438844,70.99019585701092,2024-10-01,False,PHT000887.jpg
PHT000888,PRJ00434,Public Toilet Complex,22.765428413847165,70.99059577044461,2025-02-21,False,PHT000888.jpg
PHT000889,PRJ00435,Borewell / Handpump,21.78087523701698,70.7141188841756,2025-04-09,False,PHT000889.jpg
PHT000890,PRJ00436,Library / Reading Room,22.89761269774137,70.88931743986663,2026-08-21,False,PHT000890.jpg
PHT000891,PRJ00436,Library / Reading Room,22.89761278664394,70.89015827172936,2026-08-06,False,PHT000891.jpg
PHT000892,PRJ00436,Library / Reading Room,22.89698082030625,70.88946845183987,2026-08-18,False,PHT000892.jpg
PHT000893,PRJ00437,Drainage System,22.37962918798198,70.97515107376937,2025-12-21,False,PHT000893.jpg
PHT000894,PRJ00438,Borewell / Handpump,22.37626492057007,71.34945833981661,2025-12-08,False,PHT000894.jpg
PHT000895,PRJ00438,Borewell / Handpump,22.376345549935287,71.34910166554384,2025-08-15,False,PHT000895.jpg
PHT000896,PRJ00438,Borewell / Handpump,22.37580932555096,71.34959451826467,2026-01-28,False,PHT000896.jpg
PHT000897,PRJ00439,Public Toilet Complex,22.23113206200455,71.44878051640312,2026-01-24,False,PHT000897.jpg
PHT000898,PRJ00439,Public Toilet Complex,22.23048740574441,71.44890851486976,2025-11-30,False,PHT000898.jpg
PHT000899,PRJ00439,Public Toilet Complex,22.230802275008127,71.44837733363948,2026-02-03,False,PHT000899.jpg
PHT000900,PRJ00440,School Building Repair,22.11000593431383,71.23368421878996,2026-07-15,False,PHT000900.jpg
PHT000901,PRJ00440,School Building Repair,22.11013565338046,71.23280584508653,2026-06-10,False,PHT000901.jpg
PHT000902,PRJ00441,Drainage System,22.557833447881325,71.3118264295459,2026-08-22,False,PHT000902.jpg
PHT000903,PRJ00442,Community Hall,22.830145792552106,70.80096178841954,2026-02-28,False,PHT000903.jpg
PHT000904,PRJ00442,Community Hall,22.83045726563263,70.80125990268442,2026-02-17,False,PHT000904.jpg
PHT000905,PRJ00443,Borewell / Handpump,22.462933759487143,71.31912258700588,2026-05-08,False,PHT000905.jpg
PHT000906,PRJ00444,Public Toilet Complex,21.90381034431532,70.62297409233578,2025-02-08,False,PHT000906.jpg
PHT000907,PRJ00444,Public Toilet Complex,21.90337164778112,70.6229536319562,2026-03-03,False,PHT000907.jpg
PHT000908,PRJ00445,Community Hall,22.853170390720628,71.24330353500021,2025-12-17,False,PHT000908.jpg
PHT000909,PRJ00445,Community Hall,22.853175411393043,71.24306937982264,2026-04-19,False,PHT000909.jpg
PHT000910,PRJ00445,Community Hall,22.85265457556608,71.24311530021623,2025-11-30,False,PHT000910.jpg
PHT000911,PRJ00446,Public Toilet Complex,22.39965518506128,71.31186891743155,2026-01-13,False,PHT000911.jpg
PHT000912,PRJ00447,Borewell / Handpump,22.42802724525258,71.65717789257573,2025-11-28,False,PHT000912.jpg
PHT000913,PRJ00448,Public Toilet Complex,22.584827670083207,70.94406686528089,2026-01-27,False,PHT000913.jpg
PHT000914,PRJ00448,Public Toilet Complex,22.584721016355825,70.94371575018353,2025-05-25,False,PHT000914.jpg
PHT000915,PRJ00448,Public Toilet Complex,22.58524385580862,70.94336734686195,2025-05-01,False,PHT000915.jpg
PHT000916,PRJ00449,Sports Infrastructure,22.2581904085576,71.61693144349957,2026-08-04,False,PHT000916.jpg
PHT000917,PRJ00449,Sports Infrastructure,22.258050948227226,71.61656358458583,2026-08-03,False,PHT000917.jpg
PHT000918,PRJ00449,Sports Infrastructure,22.25801270298417,71.61726718912196,2026-07-27,False,PHT000918.jpg
PHT000919,PRJ00450,Sports Infrastructure,22.723424828502164,71.72570224140084,2026-06-28,False,PHT000919.jpg
PHT000920,PRJ00450,Sports Infrastructure,22.7232816313369,71.72509355187755,2026-08-28,False,PHT000920.jpg
PHT000921,PRJ00451,Sports Infrastructure,22.26330163668769,70.92207234374754,2026-07-04,False,PHT000921.jpg
PHT000922,PRJ00452,Street Lighting,22.861195441082103,71.12754516696532,2026-04-14,False,PHT000922.jpg
PHT000923,PRJ00452,Street Lighting,22.86113227654612,71.12781013340685,2026-02-28,False,PHT000923.jpg
PHT000924,PRJ00453,Library / Reading Room,21.855960981292448,70.90806840248403,2026-04-04,False,PHT000924.jpg
PHT000925,PRJ00454,Drinking Water Supply,21.87665872996528,71.01092114507003,2024-10-20,False,PHT000925.jpg
PHT000926,PRJ00455,Road Construction,22.37620920792503,71.56452390940696,2026-07-14,False,PHT000926.jpg
PHT000927,PRJ00455,Road Construction,22.37648933940902,71.56503592557357,2026-07-21,False,PHT000927.jpg
PHT000928,PRJ00456,Sports Infrastructure,22.028633055589854,71.18498480843348,2026-07-09,False,PHT000928.jpg
PHT000929,PRJ00456,Sports Infrastructure,22.028602204804955,71.18533236545639,2026-07-26,False,PHT000929.jpg
PHT000930,PRJ00456,Sports Infrastructure,22.02817760768164,71.18550835638348,2026-07-11,False,PHT000930.jpg
PHT000931,PRJ00457,Public Toilet Complex,22.202455916279312,71.14979179885714,2025-03-03,False,PHT000931.jpg
PHT000932,PRJ00457,Public Toilet Complex,22.202159357688696,71.14984914034201,2026-04-16,False,PHT000932.jpg
PHT000933,PRJ00457,Public Toilet Complex,22.20188395345387,71.14979461369258,2025-10-29,False,PHT000933.jpg
PHT000934,PRJ00458,Sports Infrastructure,22.076632067190847,71.24517285201837,2024-11-03,False,PHT000934.jpg
PHT000935,PRJ00458,Sports Infrastructure,22.07713906794196,71.24578583470036,2025-04-29,False,PHT000935.jpg
PHT000936,PRJ00459,Community Hall,22.287241432247665,71.48973655012045,2025-12-17,False,PHT000936.jpg
PHT000937,PRJ00459,Community Hall,22.287420044467268,71.49035281179887,2025-10-15,False,PHT000937.jpg
PHT000938,PRJ00459,Community Hall,22.287611361505387,71.48959155662952,2025-10-27,False,PHT000938.jpg
PHT000939,PRJ00460,Borewell / Handpump,22.09341717528805,71.1444288118621,2026-04-01,False,PHT000939.jpg
PHT000940,PRJ00460,Borewell / Handpump,22.093839438746617,71.14436566586178,2026-04-22,False,PHT000940.jpg
PHT000941,PRJ00461,Sports Infrastructure,22.38165199230776,71.29543168252086,2026-08-03,False,PHT000941.jpg
PHT000942,PRJ00461,Sports Infrastructure,22.38099312942084,71.295513369293,2026-05-01,False,PHT000942.jpg
PHT000943,PRJ00461,Sports Infrastructure,22.38164275924957,71.29547391156574,2025-12-19,False,PHT000943.jpg
PHT000944,PRJ00462,Public Toilet Complex,22.494275398537017,70.76923045630299,2025-10-30,False,PHT000944.jpg
PHT000945,PRJ00462,Public Toilet Complex,22.493608905717224,70.76990307661599,2025-10-13,False,PHT000945.jpg
PHT000946,PRJ00463,Community Hall,22.690873622465173,70.94274033283646,2025-12-11,False,PHT000946.jpg
PHT000947,PRJ00463,Community Hall,22.69068804917094,70.94312754582141,2025-10-20,False,PHT000947.jpg
PHT000948,PRJ00464,Borewell / Handpump,22.14080460649748,70.70429917181445,2026-05-10,False,PHT000948.jpg
PHT000949,PRJ00464,Borewell / Handpump,22.141281895980303,70.70467593173306,2025-09-22,False,PHT000949.jpg
PHT000950,PRJ00465,Borewell / Handpump,21.96223730774744,71.64877358166744,2026-06-07,False,PHT000950.jpg
PHT000951,PRJ00465,Borewell / Handpump,21.96218043561929,71.64857439476741,2026-07-18,False,PHT000951.jpg
PHT000952,PRJ00466,Public Toilet Complex,22.452891162797908,71.50071234164183,2026-05-24,False,PHT000952.jpg
PHT000953,PRJ00466,Public Toilet Complex,22.45271568223704,71.50065184309287,2026-05-07,False,PHT000953.jpg
PHT000954,PRJ00466,Public Toilet Complex,22.452407201366764,71.50080956521276,2026-06-06,False,PHT000954.jpg
PHT000955,PRJ00467,Borewell / Handpump,21.74854654319372,70.949435531551,2026-05-18,True,PHT000955.jpg
PHT000956,PRJ00468,Library / Reading Room,21.8856438694445,71.18487577840725,2026-04-09,False,PHT000956.jpg
PHT000957,PRJ00468,Library / Reading Room,21.8854208991758,71.18506144044368,2025-12-13,False,PHT000957.jpg
PHT000958,PRJ00468,Library / Reading Room,21.88533347092699,71.18437345229216,2026-04-14,False,PHT000958.jpg
PHT000959,PRJ00469,Drinking Water Supply,22.69281454442427,70.80468384206435,2026-08-18,False,PHT000959.jpg
PHT000960,PRJ00470,Community Hall,22.792253770585702,71.21141693793592,2026-04-26,False,PHT000960.jpg
PHT000961,PRJ00470,Community Hall,22.79265596998072,71.212189790222,2026-04-30,False,PHT000961.jpg
PHT000962,PRJ00471,Drainage System,22.70652410094165,70.79293271233077,2026-08-16,False,PHT000962.jpg
PHT000963,PRJ00472,Public Toilet Complex,22.43026393317979,70.93775150768828,2026-06-27,False,PHT000963.jpg
PHT000964,PRJ00473,Drinking Water Supply,22.379120779500195,71.7147113141609,2026-03-11,False,PHT000964.jpg
PHT000965,PRJ00473,Drinking Water Supply,22.37929409533224,71.71464142294775,2026-01-17,False,PHT000965.jpg
PHT000966,PRJ00473,Drinking Water Supply,22.378883433675288,71.71518624889184,2026-02-20,False,PHT000966.jpg
PHT000967,PRJ00474,Drainage System,22.630720732279784,70.88090545705127,2026-03-11,False,PHT000967.jpg
PHT000968,PRJ00474,Drainage System,22.63050195412343,70.88103698676566,2026-05-27,False,PHT000968.jpg
PHT000969,PRJ00475,School Building Repair,22.018260216958225,71.33331198028486,2025-05-08,False,PHT000969.jpg
PHT000970,PRJ00475,School Building Repair,22.01902598478313,71.33380775088294,2026-04-08,False,PHT000970.jpg
PHT000971,PRJ00476,Borewell / Handpump,22.032790654500907,70.93803165864789,2025-03-27,False,PHT000971.jpg
PHT000972,PRJ00476,Borewell / Handpump,22.033403737959404,70.93818657463605,2025-07-21,False,PHT000972.jpg
PHT000973,PRJ00477,Borewell / Handpump,22.887677353269435,70.97430466966901,2026-04-09,False,PHT000973.jpg
PHT000974,PRJ00478,Drinking Water Supply,22.70191384226661,71.72233834198819,2026-05-16,False,PHT000974.jpg
PHT000975,PRJ00478,Drinking Water Supply,22.70139734624888,71.7223243697134,2026-04-26,False,PHT000975.jpg
PHT000976,PRJ00479,Borewell / Handpump,22.347346311740274,70.69765805885397,2025-09-20,False,PHT000976.jpg
PHT000977,PRJ00479,Borewell / Handpump,22.347320031659027,70.69738182468437,2025-04-18,False,PHT000977.jpg
PHT000978,PRJ00479,Borewell / Handpump,22.346572114596363,70.69801503421361,2025-02-06,False,PHT000978.jpg
PHT000979,PRJ00480,Borewell / Handpump,22.78512567618389,71.58069175537062,2025-08-22,False,PHT000979.jpg
PHT000980,PRJ00481,Drainage System,20.793188759386545,84.9827628522728,2025-10-26,False,PHT000980.jpg
PHT000981,PRJ00482,Sports Infrastructure,20.529066255503587,84.72136318247763,2026-04-08,False,PHT000981.jpg
PHT000982,PRJ00483,Public Toilet Complex,20.53088281977628,85.10494567333184,2026-08-03,False,PHT000982.jpg
PHT000983,PRJ00484,Borewell / Handpump,21.41758518434565,85.48535553924421,2026-02-22,False,PHT000983.jpg
PHT000984,PRJ00484,Borewell / Handpump,21.41791894074819,85.48553636022474,2025-07-22,False,PHT000984.jpg
PHT000985,PRJ00484,Borewell / Handpump,21.417713028025325,85.48521525274634,2026-06-05,False,PHT000985.jpg
PHT000986,PRJ00485,Road Construction,21.29157744308341,85.46147992984137,2026-07-13,False,PHT000986.jpg
PHT000987,PRJ00486,Public Toilet Complex,20.467630345173035,85.1568474358192,2025-03-05,False,PHT000987.jpg
PHT000988,PRJ00487,School Building Repair,21.28250276737408,85.67984487578386,2026-04-20,False,PHT000988.jpg
PHT000989,PRJ00487,School Building Repair,21.28258907679901,85.68033711554148,2026-04-30,False,PHT000989.jpg
PHT000990,PRJ00487,School Building Repair,21.28241704799397,85.68000776955334,2026-05-11,False,PHT000990.jpg
PHT000991,PRJ00488,Road Construction,20.36377125485572,85.33076445291779,2025-10-24,False,PHT000991.jpg
PHT000992,PRJ00488,Road Construction,20.36284778078732,85.33084752431272,2026-03-11,False,PHT000992.jpg
PHT000993,PRJ00489,Drinking Water Supply,21.28830083782315,85.48511571799571,2025-12-14,False,PHT000993.jpg
PHT000994,PRJ00489,Drinking Water Supply,21.288244907568835,85.48530366291315,2026-04-27,False,PHT000994.jpg
PHT000995,PRJ00489,Drinking Water Supply,21.287916745032,85.48446822674799,2025-11-02,False,PHT000995.jpg
PHT000996,PRJ00490,Street Lighting,20.40189271167442,85.05982737700384,2025-08-22,False,PHT000996.jpg
PHT000997,PRJ00490,Street Lighting,20.402070174363505,85.0597017134164,2025-08-17,False,PHT000997.jpg
PHT000998,PRJ00491,School Building Repair,20.761270131602384,85.05068402878712,2026-04-14,False,PHT000998.jpg
PHT000999,PRJ00492,Community Hall,20.3396113898315,85.07109418491778,2026-03-07,False,PHT000999.jpg
PHT001000,PRJ00493,Library / Reading Room,20.382051899905,85.00125500908648,2026-06-23,False,PHT001000.jpg
PHT001001,PRJ00494,Drinking Water Supply,20.725151184991965,85.16123522413618,2025-12-14,False,PHT001001.jpg
PHT001002,PRJ00494,Drinking Water Supply,20.725297400729243,85.16076846032885,2026-03-20,False,PHT001002.jpg
PHT001003,PRJ00494,Drinking Water Supply,20.7251174342097,85.16044395473878,2026-02-12,False,PHT001003.jpg
PHT001004,PRJ00495,Road Construction,20.606587730693512,84.62677741845683,2026-03-21,False,PHT001004.jpg
PHT001005,PRJ00495,Road Construction,20.60646134506472,84.62743759249463,2026-02-22,False,PHT001005.jpg
PHT001006,PRJ00496,Sports Infrastructure,20.773944558265864,84.71812427222591,2026-07-29,False,PHT001006.jpg
PHT001007,PRJ00496,Sports Infrastructure,20.77392085975705,84.7180596834917,2026-05-03,False,PHT001007.jpg
PHT001008,PRJ00497,School Building Repair,21.35472955918165,85.16843195336321,2026-04-24,False,PHT001008.jpg
PHT001009,PRJ00497,School Building Repair,21.355541107299004,85.16855115430612,2026-05-22,False,PHT001009.jpg
PHT001010,PRJ00497,School Building Repair,21.35510393537105,85.16844624548018,2026-03-09,False,PHT001010.jpg
PHT001011,PRJ00498,Community Hall,21.36381079335642,85.62166330315574,2024-11-28,False,PHT001011.jpg
PHT001012,PRJ00498,Community Hall,21.36303838296477,85.62080857746345,2025-07-24,False,PHT001012.jpg
PHT001013,PRJ00498,Community Hall,21.36357944083845,85.62151292416229,2025-09-07,False,PHT001013.jpg
PHT001014,PRJ00499,School Building Repair,21.11287568967337,85.01426185536157,2026-01-01,False,PHT001014.jpg
PHT001015,PRJ00499,School Building Repair,21.112938736470287,85.01412465098446,2025-12-11,False,PHT001015.jpg
PHT001016,PRJ00500,Street Lighting,20.817619474548973,84.95499294230534,2025-07-01,False,PHT001016.jpg
PHT001017,PRJ00500,Street Lighting,20.81778119656052,84.95499180350878,2025-05-16,False,PHT001017.jpg
PHT001018,PRJ00500,Street Lighting,20.81774379681128,84.95479848196518,2024-12-29,False,PHT001018.jpg
PHT001019,PRJ00501,Drinking Water Supply,20.98715241822013,84.89031296414714,2026-08-18,False,PHT001019.jpg
PHT001020,PRJ00502,Drinking Water Supply,20.774658048964778,85.37390647833409,2026-03-17,False,PHT001020.jpg
PHT001021,PRJ00502,Drinking Water Supply,20.773887799581345,85.37361553429523,2026-06-28,False,PHT001021.jpg
PHT001022,PRJ00503,Community Hall,21.239707681064345,84.81922290486104,2025-06-08,False,PHT001022.jpg
PHT001023,PRJ00503,Community Hall,21.23992923668729,84.81949035211302,2025-02-07,False,PHT001023.jpg
PHT001024,PRJ00503,Community Hall,21.239742908623043,84.81951001552297,2025-09-02,False,PHT001024.jpg
PHT001025,PRJ00504,Drainage System,21.42590003994708,84.71694596101835,2025-06-06,False,PHT001025.jpg
PHT001026,PRJ00504,Drainage System,21.42602254739856,84.71789225980174,2026-01-23,False,PHT001026.jpg
PHT001027,PRJ00505,Road Construction,20.50499726173203,85.00216271609462,2025-08-18,False,PHT001027.jpg
PHT001028,PRJ00505,Road Construction,20.5049392386284,85.00221521952874,2026-03-02,False,PHT001028.jpg
PHT001029,PRJ00505,Road Construction,20.505467668375417,85.00178628474305,2026-01-31,False,PHT001029.jpg
PHT001030,PRJ00506,Public Toilet Complex,21.022618353359267,84.69569622295755,2026-08-26,False,PHT001030.jpg
PHT001031,PRJ00506,Public Toilet Complex,21.02272995843052,84.69591735232925,2026-05-28,False,PHT001031.jpg
PHT001032,PRJ00507,Sports Infrastructure,20.803092805683224,84.56101001939783,2026-08-07,False,PHT001032.jpg
PHT001033,PRJ00507,Sports Infrastructure,20.80368447356713,84.56033266419405,2026-08-27,False,PHT001033.jpg
PHT001034,PRJ00508,Public Toilet Complex,21.257897723887183,84.80001746469168,2026-08-05,False,PHT001034.jpg
PHT001035,PRJ00508,Public Toilet Complex,21.25855200219334,84.80050290374244,2026-08-22,False,PHT001035.jpg
PHT001036,PRJ00509,Sports Infrastructure,20.959841404561377,84.56066272778527,2025-11-03,False,PHT001036.jpg
PHT001037,PRJ00510,Road Construction,21.280825841095584,85.61622491649511,2026-08-27,False,PHT001037.jpg
PHT001038,PRJ00511,Community Hall,20.553647580940016,85.40287499206019,2026-07-29,False,PHT001038.jpg
PHT001039,PRJ00511,Community Hall,20.553636331691138,85.40258405376709,2026-07-30,False,PHT001039.jpg
PHT001040,PRJ00512,Road Construction,20.935640520517747,84.69369789063828,2026-05-24,False,PHT001040.jpg
PHT001041,PRJ00512,Road Construction,20.935743314878728,84.69322566981427,2025-12-29,False,PHT001041.jpg
PHT001042,PRJ00512,Road Construction,20.93617711024116,84.69336266384309,2025-09-10,False,PHT001042.jpg
PHT001043,PRJ00513,School Building Repair,20.622256227027343,84.93374415372712,2026-08-25,False,PHT001043.jpg
PHT001044,PRJ00514,Drainage System,20.532429659601576,85.26949318416918,2026-03-22,False,PHT001044.jpg
PHT001045,PRJ00514,Drainage System,20.531962225241525,85.26962313253134,2026-08-20,False,PHT001045.jpg
PHT001046,PRJ00514,Drainage System,20.53241107398288,85.27002900879216,2026-03-17,False,PHT001046.jpg
PHT001047,PRJ00515,Borewell / Handpump,20.793974525559364,84.78896587037951,2025-06-04,False,PHT001047.jpg
PHT001048,PRJ00515,Borewell / Handpump,20.79393617033196,84.78841024753638,2025-04-24,False,PHT001048.jpg
PHT001049,PRJ00516,Street Lighting,20.48773682230652,85.3856948046594,2025-12-15,False,PHT001049.jpg
PHT001050,PRJ00516,Street Lighting,20.487398851808937,85.38603381446227,2026-05-29,False,PHT001050.jpg
PHT001051,PRJ00516,Street Lighting,20.487810075166603,85.38525391728561,2025-12-11,False,PHT001051.jpg
PHT001052,PRJ00517,Road Construction,21.37525479351329,85.60222413187182,2025-04-02,False,PHT001052.jpg
PHT001053,PRJ00518,Public Toilet Complex,20.69603475432189,85.17715275569066,2025-04-03,False,PHT001053.jpg
PHT001054,PRJ00518,Public Toilet Complex,20.69666234501505,85.17676194741784,2025-06-09,False,PHT001054.jpg
PHT001055,PRJ00518,Public Toilet Complex,20.69585565783643,85.17705968232245,2024-11-19,False,PHT001055.jpg
PHT001056,PRJ00519,Drinking Water Supply,20.96790672351187,85.43571059212864,2026-08-25,False,PHT001056.jpg
PHT001057,PRJ00519,Drinking Water Supply,20.96701558735818,85.43551244544078,2026-08-27,False,PHT001057.jpg
PHT001058,PRJ00519,Drinking Water Supply,20.96711971725301,85.43548820834079,2026-08-27,False,PHT001058.jpg
PHT001059,PRJ00520,Drinking Water Supply,20.653149247777648,84.75268499201786,2026-03-10,False,PHT001059.jpg
PHT001060,PRJ00520,Drinking Water Supply,20.65331868210216,84.7522875211552,2025-10-07,False,PHT001060.jpg
PHT001061,PRJ00521,Drainage System,23.108897659526043,88.31646213981395,2026-08-27,False,PHT001061.jpg
PHT001062,PRJ00521,Drainage System,23.108120677651105,88.31612013321532,2026-02-27,False,PHT001062.jpg
PHT001063,PRJ00522,Borewell / Handpump,22.990193315850167,87.8145975297825,2026-06-27,False,PHT001063.jpg
PHT001064,PRJ00522,Borewell / Handpump,22.99001575947328,87.81511660883395,2026-06-24,False,PHT001064.jpg
PHT001065,PRJ00522,Borewell / Handpump,22.9901818041325,87.81462783378316,2026-06-10,False,PHT001065.jpg
PHT001066,PRJ00523,Sports Infrastructure,23.196756171105484,87.56283348561308,2026-08-22,False,PHT001066.jpg
PHT001067,PRJ00523,Sports Infrastructure,23.196958882994164,87.56253838489533,2026-08-25,False,PHT001067.jpg
PHT001068,PRJ00523,Sports Infrastructure,23.196802513273266,87.56285166762432,2026-07-18,False,PHT001068.jpg
PHT001069,PRJ00524,Public Toilet Complex,23.181447902991867,87.70955553016285,2026-06-13,False,PHT001069.jpg
PHT001070,PRJ00524,Public Toilet Complex,23.18060920411934,87.70947794109581,2025-11-27,False,PHT001070.jpg
PHT001071,PRJ00525,Borewell / Handpump,22.3332146587705,88.05727325561995,2026-06-24,False,PHT001071.jpg
PHT001072,PRJ00526,Community Hall,22.902345142314093,88.01435527011742,2026-07-18,False,PHT001072.jpg
PHT001073,PRJ00527,Drainage System,22.65211303894061,87.93031825240261,2025-06-30,False,PHT001073.jpg
PHT001074,PRJ00527,Drainage System,22.652012338144,87.93071668903934,2025-04-23,False,PHT001074.jpg
PHT001075,PRJ00527,Drainage System,22.651699511452467,87.9303111747446,2026-06-19,False,PHT001075.jpg
PHT001076,PRJ00528,Community Hall,23.435007152499946,87.65508799009064,2026-08-29,False,PHT001076.jpg
PHT001077,PRJ00528,Community Hall,23.43485154281272,87.65497945952515,2026-08-29,False,PHT001077.jpg
PHT001078,PRJ00529,Library / Reading Room,23.011728119174386,87.31902674214592,2025-09-17,False,PHT001078.jpg
PHT001079,PRJ00529,Library / Reading Room,23.01205265928752,87.3191288803197,2026-01-03,False,PHT001079.jpg
PHT001080,PRJ00529,Library / Reading Room,23.012646903490896,87.3193876468212,2025-12-03,False,PHT001080.jpg
PHT001081,PRJ00530,School Building Repair,22.413765975942365,88.29815353497244,2025-04-16,False,PHT001081.jpg
PHT001082,PRJ00530,School Building Repair,22.413540489484458,88.29745013504025,2025-05-10,False,PHT001082.jpg
PHT001083,PRJ00531,Drinking Water Supply,22.44164106027718,87.29969816368789,2025-09-10,False,PHT001083.jpg
PHT001084,PRJ00532,Drinking Water Supply,23.44878901455444,87.97909298510817,2026-01-20,False,PHT001084.jpg
PHT001085,PRJ00532,Drinking Water Supply,23.44918914463257,87.97854037593866,2025-09-13,False,PHT001085.jpg
PHT001086,PRJ00532,Drinking Water Supply,23.44924141543526,87.97937900974783,2025-08-27,False,PHT001086.jpg
PHT001087,PRJ00533,Community Hall,22.766257731428567,87.58872845911654,2026-06-25,False,PHT001087.jpg
PHT001088,PRJ00533,Community Hall,22.76684788572137,87.58838328598337,2026-07-18,False,PHT001088.jpg
PHT001089,PRJ00534,Drainage System,22.83273368056435,87.93804311715813,2025-03-05,False,PHT001089.jpg
PHT001090,PRJ00534,Drainage System,22.83330880308096,87.93846979523018,2025-09-01,False,PHT001090.jpg
PHT001091,PRJ00534,Drainage System,22.833222749148952,87.938003114663,2025-08-06,False,PHT001091.jpg
PHT001092,PRJ00535,Drainage System,22.66685306623896,87.7835264416352,2025-08-14,False,PHT001092.jpg
PHT001093,PRJ00536,Community Hall,22.99433417861687,88.13248921241183,2025-09-07,False,PHT001093.jpg
PHT001094,PRJ00537,Street Lighting,22.523534622087368,87.33084405082234,2026-04-05,False,PHT001094.jpg
PHT001095,PRJ00537,Street Lighting,22.524140225380545,87.33127903292474,2026-05-06,False,PHT001095.jpg
PHT001096,PRJ00537,Street Lighting,22.52393419023016,87.33098258480018,2026-02-10,False,PHT001096.jpg
PHT001097,PRJ00538,School Building Repair,23.455929506188923,87.4300719793255,2026-04-26,False,PHT001097.jpg
PHT001098,PRJ00538,School Building Repair,23.455689444043983,87.42935762547256,2026-05-01,False,PHT001098.jpg
PHT001099,PRJ00538,School Building Repair,23.456440399202563,87.42999285957268,2025-12-05,False,PHT001099.jpg
PHT001100,PRJ00539,Drinking Water Supply,22.95364502859628,87.58054194689358,2026-03-21,False,PHT001100.jpg
PHT001101,PRJ00539,Drinking Water Supply,22.95331073886278,87.58011174005468,2026-07-31,False,PHT001101.jpg
PHT001102,PRJ00539,Drinking Water Supply,22.95283687557989,87.5802438819564,2026-05-18,False,PHT001102.jpg
PHT001103,PRJ00540,Borewell / Handpump,23.2720275969615,88.00009414916538,2025-10-09,False,PHT001103.jpg
PHT001104,PRJ00540,Borewell / Handpump,23.27178599323537,88.00017784549955,2025-02-13,False,PHT001104.jpg
PHT001105,PRJ00541,Street Lighting,23.14244213022036,87.9674888177852,2026-07-17,False,PHT001105.jpg
PHT001106,PRJ00541,Street Lighting,23.14172519661341,87.96783821896369,2026-07-28,False,PHT001106.jpg
PHT001107,PRJ00542,Library / Reading Room,23.2198065396469,88.1427755666738,2026-07-09,False,PHT001107.jpg
PHT001108,PRJ00542,Library / Reading Room,23.22006949420872,88.14295432973687,2026-04-07,False,PHT001108.jpg
PHT001109,PRJ00542,Library / Reading Room,23.219506125439167,88.1420768110637,2026-02-14,False,PHT001109.jpg
PHT001110,PRJ00543,Community Hall,22.79437919750388,88.42173394874143,2026-03-23,False,PHT001110.jpg
PHT001111,PRJ00544,Road Construction,22.37398293370729,87.70670198982887,2026-06-22,False,PHT001111.jpg
PHT001112,PRJ00544,Road Construction,22.374535449931443,87.7070240853019,2026-07-17,False,PHT001112.jpg
PHT001113,PRJ00544,Road Construction,22.37401419661141,87.70764632207273,2026-03-28,False,PHT001113.jpg
PHT001114,PRJ00545,Public Toilet Complex,22.72535746425397,87.78102406909898,2026-08-08,False,PHT001114.jpg
PHT001115,PRJ00545,Public Toilet Complex,22.725603342783373,87.78120663260624,2026-06-16,False,PHT001115.jpg
PHT001116,PRJ00545,Public Toilet Complex,22.72545283758358,87.78043849236158,2026-06-21,False,PHT001116.jpg
PHT001117,PRJ00546,Borewell / Handpump,22.830178728811912,88.07829763319091,2026-07-19,False,PHT001117.jpg
PHT001118,PRJ00547,Road Construction,22.481646415120185,87.87293139868723,2026-07-11,False,PHT001118.jpg
PHT001119,PRJ00548,Sports Infrastructure,22.495690696218663,88.18149238811492,2026-08-24,False,PHT001119.jpg
PHT001120,PRJ00548,Sports Infrastructure,22.495480101132536,88.18170220264098,2026-07-12,False,PHT001120.jpg
PHT001121,PRJ00549,Drainage System,22.71415676342545,88.26351592018699,2026-03-31,False,PHT001121.jpg
PHT001122,PRJ00549,Drainage System,22.71442771850945,88.26338738391811,2026-03-01,False,PHT001122.jpg
PHT001123,PRJ00549,Drainage System,22.7150105018767,88.26314898187351,2026-05-22,False,PHT001123.jpg
PHT001124,PRJ00550,Community Hall,22.47238572727804,87.48219895342538,2026-08-05,False,PHT001124.jpg
PHT001125,PRJ00550,Community Hall,22.47242523256204,87.48175540876468,2025-11-30,False,PHT001125.jpg
PHT001126,PRJ00550,Community Hall,22.472208235718323,87.48200035199392,2026-07-24,False,PHT001126.jpg
PHT001127,PRJ00551,School Building Repair,23.294415712009208,87.3959192669352,2026-03-31,False,PHT001127.jpg
PHT001128,PRJ00551,School Building Repair,23.29395817345953,87.3957332056674,2025-11-01,False,PHT001128.jpg
PHT001129,PRJ00551,School Building Repair,23.293739220649933,87.39656671912354,2025-11-23,False,PHT001129.jpg
PHT001130,PRJ00552,Community Hall,23.428840697968887,87.4496749365718,2025-04-08,False,PHT001130.jpg
PHT001131,PRJ00552,Community Hall,23.428565585640143,87.44899884614834,2024-12-01,False,PHT001131.jpg
PHT001132,PRJ00552,Community Hall,23.42865880856173,87.44879248729013,2025-07-23,False,PHT001132.jpg
PHT001133,PRJ00553,Public Toilet Complex,22.99646334772363,88.42298624279404,2026-05-15,False,PHT001133.jpg
PHT001134,PRJ00554,School Building Repair,22.458540338139795,87.82824269135006,2025-12-08,False,PHT001134.jpg
PHT001135,PRJ00554,School Building Repair,22.45851483661484,87.82807738892708,2025-05-12,False,PHT001135.jpg
PHT001136,PRJ00554,School Building Repair,22.458205478382983,87.82797897371393,2025-12-03,False,PHT001136.jpg
PHT001137,PRJ00555,Community Hall,22.76014841525032,87.56001527083735,2026-01-27,False,PHT001137.jpg
PHT001138,PRJ00555,Community Hall,22.759954410026587,87.5595996966278,2026-08-22,False,PHT001138.jpg
PHT001139,PRJ00555,Community Hall,22.76018908440736,87.56001073770828,2025-12-11,False,PHT001139.jpg
PHT001140,PRJ00556,Road Construction,22.723995526423163,88.25950547322499,2025-09-16,False,PHT001140.jpg
PHT001141,PRJ00556,Road Construction,22.72416726615965,88.25925930441672,2026-08-13,False,PHT001141.jpg
PHT001142,PRJ00556,Road Construction,22.723372261896987,88.26005943808178,2025-10-15,False,PHT001142.jpg
PHT001143,PRJ00557,Borewell / Handpump,22.79681970232744,88.44925175771132,2026-03-05,False,PHT001143.jpg
PHT001144,PRJ00557,Borewell / Handpump,22.79681709554751,88.4496923930395,2025-07-04,False,PHT001144.jpg
PHT001145,PRJ00557,Borewell / Handpump,22.79653337488352,88.44913466115273,2025-12-23,False,PHT001145.jpg
PHT001146,PRJ00558,Drinking Water Supply,22.37181979617266,88.02561917791039,2025-05-02,False,PHT001146.jpg
PHT001147,PRJ00558,Drinking Water Supply,22.37157936972424,88.0254993649927,2025-05-23,False,PHT001147.jpg
PHT001148,PRJ00559,Drainage System,22.830109007736738,87.49606397420268,2026-04-28,False,PHT001148.jpg
PHT001149,PRJ00559,Drainage System,22.829725982293727,87.49569280580931,2026-07-07,False,PHT001149.jpg
PHT001150,PRJ00559,Drainage System,22.82977361826153,87.49572969636485,2026-05-26,False,PHT001150.jpg
PHT001151,PRJ00560,Community Hall,22.879530870064308,87.75903269927117,2026-01-26,False,PHT001151.jpg
PHT001152,PRJ00561,Sports Infrastructure,20.153159299132227,75.76960143192417,2025-02-03,False,PHT001152.jpg
PHT001153,PRJ00561,Sports Infrastructure,20.153812648739432,75.76953669172036,2024-11-15,False,PHT001153.jpg
PHT001154,PRJ00562,School Building Repair,19.45628220948757,75.19261694038262,2026-08-05,False,PHT001154.jpg
PHT001155,PRJ00562,School Building Repair,19.455841012536187,75.19310968555392,2026-07-30,False,PHT001155.jpg
PHT001156,PRJ00562,School Building Repair,19.45640095020511,75.19263932647891,2026-06-21,False,PHT001156.jpg
PHT001157,PRJ00563,Sports Infrastructure,19.271323453809323,75.55894729126301,2026-08-13,False,PHT001157.jpg
PHT001158,PRJ00564,Library / Reading Room,19.59277155190604,75.68787170457384,2025-12-13,False,PHT001158.jpg
PHT001159,PRJ00564,Library / Reading Room,19.592992574346745,75.6872528481484,2026-01-27,False,PHT001159.jpg
PHT001160,PRJ00565,Public Toilet Complex,20.24849635836721,75.81887809069977,2025-12-08,False,PHT001160.jpg
PHT001161,PRJ00565,Public Toilet Complex,20.248157954272926,75.8188527383527,2025-07-09,False,PHT001161.jpg
PHT001162,PRJ00566,Street Lighting,19.91311798150452,75.756002178609,2026-06-15,False,PHT001162.jpg
PHT001163,PRJ00566,Street Lighting,19.91352715650953,75.75602975939996,2025-10-28,False,PHT001163.jpg
PHT001164,PRJ00566,Street Lighting,19.9130099350718,75.75656276527714,2025-12-02,False,PHT001164.jpg
PHT001165,PRJ00567,Road Construction,20.096266879908697,75.36963022062804,2026-08-15,False,PHT001165.jpg
PHT001166,PRJ00567,Road Construction,20.09663827685541,75.36950913455419,2026-08-19,False,PHT001166.jpg
PHT001167,PRJ00568,Drainage System,19.501225607611627,75.97726317192284,2026-04-06,False,PHT001167.jpg
PHT001168,PRJ00568,Drainage System,19.501505609210863,75.97723286648443,2026-07-25,False,PHT001168.jpg
PHT001169,PRJ00568,Drainage System,19.50123037886573,75.97727911582484,2026-01-06,False,PHT001169.jpg
PHT001170,PRJ00569,Road Construction,19.93026447869801,75.26826798464957,2026-01-11,False,PHT001170.jpg
PHT001171,PRJ00569,Road Construction,19.930523770070803,75.2677343523109,2026-06-30,False,PHT001171.jpg
PHT001172,PRJ00569,Road Construction,19.93007150135123,75.26831444663976,2026-04-21,False,PHT001172.jpg
PHT001173,PRJ00570,School Building Repair,19.261947909534825,75.9105890353855,2026-01-17,False,PHT001173.jpg
PHT001174,PRJ00570,School Building Repair,19.26208446733473,75.9103985280416,2025-11-10,False,PHT001174.jpg
PHT001175,PRJ00571,Public Toilet Complex,20.1889359616844,76.28937053462813,2026-07-05,False,PHT001175.jpg
PHT001176,PRJ00571,Public Toilet Complex,20.18832122764776,76.28998501029095,2026-05-17,False,PHT001176.jpg
PHT001177,PRJ00572,School Building Repair,19.812710750646257,75.79094123550946,2026-07-21,False,PHT001177.jpg
PHT001178,PRJ00572,School Building Repair,19.81215096198136,75.79086889323466,2026-05-31,False,PHT001178.jpg
PHT001179,PRJ00573,Drinking Water Supply,19.99025480137057,75.13015383067189,2026-03-24,False,PHT001179.jpg
PHT001180,PRJ00573,Drinking Water Supply,19.99069317413335,75.1304438241654,2026-02-17,False,PHT001180.jpg
PHT001181,PRJ00574,Community Hall,20.055307280513105,75.98159055225624,2026-03-30,False,PHT001181.jpg
PHT001182,PRJ00574,Community Hall,20.0555598260914,75.9818794251127,2026-04-08,False,PHT001182.jpg
PHT001183,PRJ00575,Drinking Water Supply,19.819196357749227,75.71641824494587,2026-05-11,False,PHT001183.jpg
PHT001184,PRJ00576,Borewell / Handpump,19.128872348125267,75.80195300260458,2025-01-01,False,PHT001184.jpg
PHT001185,PRJ00577,Drainage System,19.58847974336339,75.72530863418119,2025-07-29,False,PHT001185.jpg
PHT001186,PRJ00577,Drainage System,19.58921187328577,75.72556149627835,2024-12-08,False,PHT001186.jpg
PHT001187,PRJ00577,Drainage System,19.589095602498293,75.72598448947441,2025-11-25,False,PHT001187.jpg
PHT001188,PRJ00578,Street Lighting,19.99993883142892,76.19601072855939,2025-06-09,False,PHT001188.jpg
PHT001189,PRJ00578,Street Lighting,19.99943923580177,76.19524257606706,2026-04-21,False,PHT001189.jpg
PHT001190,PRJ00578,Street Lighting,19.999401581783545,76.19564636437246,2026-01-02,False,PHT001190.jpg
PHT001191,PRJ00579,Borewell / Handpump,19.76597170352356,75.80596040516994,2025-11-23,False,PHT001191.jpg
PHT001192,PRJ00579,Borewell / Handpump,19.7660134627844,75.80586417150002,2025-10-07,False,PHT001192.jpg
PHT001193,PRJ00579,Borewell / Handpump,19.766333950400245,75.80590639772636,2026-08-06,False,PHT001193.jpg
PHT001194,PRJ00580,Drinking Water Supply,19.357170296640493,75.43976038411684,2026-04-20,False,PHT001194.jpg
PHT001195,PRJ00580,Drinking Water Supply,19.35637129349315,75.43969887000355,2025-11-16,False,PHT001195.jpg
PHT001196,PRJ00581,School Building Repair,19.28435518729016,76.16378118721346,2026-01-05,False,PHT001196.jpg
PHT001197,PRJ00581,School Building Repair,19.284601898103,76.16333938084811,2026-02-14,False,PHT001197.jpg
PHT001198,PRJ00581,School Building Repair,19.28500957205184,76.16320215446825,2026-04-16,False,PHT001198.jpg
PHT001199,PRJ00582,Borewell / Handpump,20.29625906266958,75.96375014618106,2026-05-06,False,PHT001199.jpg
PHT001200,PRJ00582,Borewell / Handpump,20.296652343329043,75.96378775296868,2026-02-01,False,PHT001200.jpg
PHT001201,PRJ00582,Borewell / Handpump,20.29599263152039,75.9644534001114,2026-06-28,False,PHT001201.jpg
PHT001202,PRJ00583,Library / Reading Room,19.40749501776891,75.36474922640409,2026-08-17,False,PHT001202.jpg
PHT001203,PRJ00583,Library / Reading Room,19.40769669782384,75.3650929422513,2026-08-09,False,PHT001203.jpg
PHT001204,PRJ00584,Community Hall,20.009791717154744,76.01196501462431,2026-07-26,False,PHT001204.jpg
PHT001205,PRJ00585,Sports Infrastructure,20.2218790074176,75.46358680604325,2025-01-11,False,PHT001205.jpg
PHT001206,PRJ00585,Sports Infrastructure,20.221911743296907,75.46384016061384,2026-02-22,False,PHT001206.jpg
PHT001207,PRJ00585,Sports Infrastructure,20.221341795118963,75.46368210005761,2025-01-25,False,PHT001207.jpg
PHT001208,PRJ00586,Road Construction,19.90570750789908,75.97492189319487,2026-01-08,False,PHT001208.jpg
PHT001209,PRJ00586,Road Construction,19.906252497900567,75.97565839857648,2025-12-17,False,PHT001209.jpg
PHT001210,PRJ00587,Sports Infrastructure,19.994276184942343,75.37869181570139,2026-04-04,False,PHT001210.jpg
PHT001211,PRJ00587,Sports Infrastructure,19.994275740657105,75.37817877475506,2025-10-14,False,PHT001211.jpg
PHT001212,PRJ00587,Sports Infrastructure,19.99385566631813,75.37827155660342,2026-05-26,False,PHT001212.jpg
PHT001213,PRJ00588,Community Hall,19.54398391603252,76.00192971410476,2025-12-19,False,PHT001213.jpg
PHT001214,PRJ00589,Street Lighting,19.507564893337896,75.1753570813049,2025-11-23,False,PHT001214.jpg
PHT001215,PRJ00589,Street Lighting,19.507098776844703,75.1745934549702,2026-06-15,False,PHT001215.jpg
PHT001216,PRJ00589,Street Lighting,19.507477431705144,75.1752692888393,2026-01-23,False,PHT001216.jpg
PHT001217,PRJ00590,Community Hall,19.46321867388469,76.13003557916957,2024-11-06,False,PHT001217.jpg
PHT001218,PRJ00591,Community Hall,19.49819323641431,75.70062035527432,2026-08-10,False,PHT001218.jpg
PHT001219,PRJ00591,Community Hall,19.497537254215857,75.70105062768152,2025-11-28,False,PHT001219.jpg
PHT001220,PRJ00591,Community Hall,19.498267150195502,75.70101212728217,2026-07-02,False,PHT001220.jpg
PHT001221,PRJ00592,Community Hall,19.26455785001129,76.24331379935346,2026-01-22,False,PHT001221.jpg
PHT001222,PRJ00592,Community Hall,19.2643419687776,76.24279561551737,2026-07-15,False,PHT001222.jpg
PHT001223,PRJ00593,Road Construction,20.13018142113064,75.25835328667753,2026-02-12,False,PHT001223.jpg
PHT001224,PRJ00593,Road Construction,20.12991742838614,75.25847288162491,2025-03-18,False,PHT001224.jpg
PHT001225,PRJ00593,Road Construction,20.130606279707543,75.257828443449,2025-10-21,False,PHT001225.jpg
PHT001226,PRJ00594,Drinking Water Supply,19.302552351872706,75.16403383455692,2025-08-03,False,PHT001226.jpg
PHT001227,PRJ00594,Drinking Water Supply,19.30232293443629,75.16406588647546,2025-05-10,False,PHT001227.jpg
PHT001228,PRJ00594,Drinking Water Supply,19.302619017380348,75.16465993136751,2025-11-15,False,PHT001228.jpg
PHT001229,PRJ00595,Borewell / Handpump,20.10412420658855,75.75882854448858,2026-07-14,False,PHT001229.jpg
PHT001230,PRJ00596,School Building Repair,20.094618607229727,76.09542445919318,2026-01-20,False,PHT001230.jpg
PHT001231,PRJ00596,School Building Repair,20.09402070774647,76.0958348514719,2026-03-05,False,PHT001231.jpg
PHT001232,PRJ00597,Library / Reading Room,20.15488022995824,75.97071403245425,2026-06-06,False,PHT001232.jpg
PHT001233,PRJ00597,Library / Reading Room,20.15485224657248,75.97001113723867,2026-08-10,False,PHT001233.jpg
PHT001234,PRJ00598,Drinking Water Supply,19.85790687415118,75.42498463602381,2026-02-16,False,PHT001234.jpg
PHT001235,PRJ00599,School Building Repair,19.54462023272668,75.53116283619751,2026-01-12,False,PHT001235.jpg
PHT001236,PRJ00600,Sports Infrastructure,19.89592479072752,75.81402411009931,2025-12-04,False,PHT001236.jpg
PHT001237,PRJ00600,Sports Infrastructure,19.895750796815,75.81459356515269,2025-11-22,False,PHT001237.jpg
PHT001238,PRJ00600,Sports Infrastructure,19.89546022333084,75.81414444636707,2025-12-23,False,PHT001238.jpg
PHT001239,PRJ00601,Drainage System,25.778223553848527,85.0026591491085,2026-04-26,False,PHT001239.jpg
PHT001240,PRJ00602,Library / Reading Room,26.194819031783133,85.02259097390876,2025-08-19,False,PHT001240.jpg
PHT001241,PRJ00602,Library / Reading Room,26.194507526914048,85.02186384162333,2025-11-05,False,PHT001241.jpg
PHT001242,PRJ00603,Road Construction,25.26314183106656,84.49992033918072,2024-09-11,False,PHT001242.jpg
PHT001243,PRJ00603,Road Construction,25.2636903363653,84.50035437056316,2026-01-02,False,PHT001243.jpg
PHT001244,PRJ00604,School Building Repair,25.86922193239632,85.61448084317747,2026-01-27,False,PHT001244.jpg
PHT001245,PRJ00605,Drainage System,25.86225885203428,84.63237640692003,2026-08-09,False,PHT001245.jpg
PHT001246,PRJ00605,Drainage System,25.86209428370801,84.63233811475719,2026-08-11,False,PHT001246.jpg
PHT001247,PRJ00605,Drainage System,25.86226866863032,84.63318557897104,2026-08-19,False,PHT001247.jpg
PHT001248,PRJ00606,Community Hall,25.556283180679404,85.35245326892633,2026-04-06,False,PHT001248.jpg
PHT001249,PRJ00606,Community Hall,25.555620163564058,85.3522636896294,2026-01-12,False,PHT001249.jpg
PHT001250,PRJ00607,Drinking Water Supply,26.187054079197807,85.08036481068179,2024-07-28,False,PHT001250.jpg
PHT001251,PRJ00607,Drinking Water Supply,26.18625934587473,85.07980152409229,2024-10-06,False,PHT001251.jpg
PHT001252,PRJ00608,Street Lighting,25.008242880393627,84.98380609634987,2026-05-22,False,PHT001252.jpg
PHT001253,PRJ00608,Street Lighting,25.00815069461617,84.98402890505577,2026-03-17,False,PHT001253.jpg
PHT001254,PRJ00609,Drainage System,25.369311128050708,84.78988125761097,2026-04-29,False,PHT001254.jpg
PHT001255,PRJ00610,Drainage System,25.50125042927484,84.95258319914163,2026-01-17,False,PHT001255.jpg
PHT001256,PRJ00610,Drainage System,25.501164109512267,84.95239959682706,2025-12-01,False,PHT001256.jpg
PHT001257,PRJ00610,Drainage System,25.500449644680657,84.9522028306572,2026-02-04,False,PHT001257.jpg
PHT001258,PRJ00611,Public Toilet Complex,25.35744960015129,84.85814107537804,2026-07-04,False,PHT001258.jpg
PHT001259,PRJ00612,Community Hall,25.98587488196744,85.15376352963231,2026-08-15,False,PHT001259.jpg
PHT001260,PRJ00612,Community Hall,25.98552317800984,85.15398123770082,2026-08-19,False,PHT001260.jpg
PHT001261,PRJ00612,Community Hall,25.985843884965664,85.15373000910097,2026-07-20,False,PHT001261.jpg
PHT001262,PRJ00613,Sports Infrastructure,26.12129062979539,85.59147865512941,2025-09-03,False,PHT001262.jpg
PHT001263,PRJ00614,Borewell / Handpump,25.19165414297115,85.32914513510785,2026-08-07,False,PHT001263.jpg
PHT001264,PRJ00614,Borewell / Handpump,25.19219252019445,85.32981050796813,2026-07-14,False,PHT001264.jpg
PHT001265,PRJ00614,Borewell / Handpump,25.1917220153876,85.32930007028479,2026-04-23,False,PHT001265.jpg
PHT001266,PRJ00615,Road Construction,25.774974607558686,84.68651543269749,2026-03-22,False,PHT001266.jpg
PHT001267,PRJ00615,Road Construction,25.77464507494684,84.68695468935893,2026-07-28,False,PHT001267.jpg
PHT001268,PRJ00615,Road Construction,25.77417261501127,84.68720139222462,2025-07-15,False,PHT001268.jpg
PHT001269,PRJ00616,Community Hall,26.036257153605938,85.00177681769814,2026-08-01,False,PHT001269.jpg
PHT001270,PRJ00617,Drainage System,25.41139814395129,85.25323256309365,2026-04-07,False,PHT001270.jpg
PHT001271,PRJ00617,Drainage System,25.41064950068648,85.25331566852974,2026-07-31,False,PHT001271.jpg
PHT001272,PRJ00617,Drainage System,25.41104679953128,85.25325758067153,2026-07-30,False,PHT001272.jpg
PHT001273,PRJ00618,Community Hall,25.970032506174043,84.58256876023765,2026-05-19,False,PHT001273.jpg
PHT001274,PRJ00618,Community Hall,25.970050279459063,84.58307810698088,2026-05-21,False,PHT001274.jpg
PHT001275,PRJ00619,Drinking Water Supply,25.716229242130456,85.47695828830872,2026-08-14,False,PHT001275.jpg
PHT001276,PRJ00619,Drinking Water Supply,25.715798339490348,85.47743295614049,2025-12-01,False,PHT001276.jpg
PHT001277,PRJ00620,Drainage System,25.77123457594137,85.22140437914646,2026-02-08,False,PHT001277.jpg
PHT001278,PRJ00621,Library / Reading Room,25.215730139388167,84.6318825942635,2024-11-09,False,PHT001278.jpg
PHT001279,PRJ00621,Library / Reading Room,25.21668585642918,84.63223329658854,2024-10-07,False,PHT001279.jpg
PHT001280,PRJ00622,Borewell / Handpump,25.067247649578903,85.23219442960055,2026-04-30,False,PHT001280.jpg
PHT001281,PRJ00622,Borewell / Handpump,25.06710850165505,85.2317171037462,2026-06-25,False,PHT001281.jpg
PHT001282,PRJ00622,Borewell / Handpump,25.0667293174043,85.23159755923663,2026-05-13,False,PHT001282.jpg
PHT001283,PRJ00623,Borewell / Handpump,25.580277567758653,84.64822813896444,2026-03-25,False,PHT001283.jpg
PHT001284,PRJ00624,Drinking Water Supply,25.889779149553902,85.1564070546127,2025-05-29,False,PHT001284.jpg
PHT001285,PRJ00624,Drinking Water Supply,25.889923253909352,85.15646949812478,2025-12-08,False,PHT001285.jpg
PHT001286,PRJ00625,Borewell / Handpump,25.393075466708886,84.94647221502993,2026-04-29,False,PHT001286.jpg
PHT001287,PRJ00626,Library / Reading Room,26.056946366298227,84.55939857310852,2026-03-21,False,PHT001287.jpg
PHT001288,PRJ00626,Library / Reading Room,26.05668832311412,84.55976730479075,2026-07-14,False,PHT001288.jpg
PHT001289,PRJ00626,Library / Reading Room,26.057543012963503,84.55980041821091,2026-03-30,False,PHT001289.jpg
PHT001290,PRJ00627,Community Hall,25.410099116578287,85.65434643738438,2026-01-10,False,PHT001290.jpg
PHT001291,PRJ00628,Community Hall,25.91442197154243,85.47457395520975,2026-05-09,False,PHT001291.jpg
PHT001292,PRJ00628,Community Hall,25.91432487117385,85.47455709624272,2026-08-27,False,PHT001292.jpg
PHT001293,PRJ00629,Drainage System,26.12877767856115,85.2482142516283,2025-07-30,False,PHT001293.jpg
PHT001294,PRJ00630,Community Hall,25.482276072446503,85.30892181597576,2026-08-19,False,PHT001294.jpg
PHT001295,PRJ00631,Road Construction,25.89900516391041,85.15454785077097,2026-04-05,False,PHT001295.jpg
PHT001296,PRJ00631,Road Construction,25.89930479785266,85.15434860439545,2026-05-28,False,PHT001296.jpg
PHT001297,PRJ00631,Road Construction,25.89881638401665,85.15474022578293,2026-03-30,False,PHT001297.jpg
PHT001298,PRJ00632,Borewell / Handpump,26.16106021726061,85.35785973899394,2025-01-08,False,PHT001298.jpg
PHT001299,PRJ00633,Sports Infrastructure,25.30297704799661,85.03631826606134,2026-06-17,False,PHT001299.jpg
PHT001300,PRJ00633,Sports Infrastructure,25.302178899418656,85.03628767377685,2026-07-03,False,PHT001300.jpg
PHT001301,PRJ00634,Street Lighting,25.704221481292148,85.60805283602669,2025-11-17,False,PHT001301.jpg
PHT001302,PRJ00634,Street Lighting,25.70390660670124,85.60835610023999,2026-07-17,False,PHT001302.jpg
PHT001303,PRJ00635,School Building Repair,25.777706767196587,84.58215311154122,2024-10-02,False,PHT001303.jpg
PHT001304,PRJ00635,School Building Repair,25.778125409545023,84.5825142828291,2025-03-13,False,PHT001304.jpg
PHT001305,PRJ00636,Borewell / Handpump,25.47279545042108,85.06825360847165,2026-01-25,False,PHT001305.jpg
PHT001306,PRJ00637,Library / Reading Room,25.123965532355832,85.07977352285359,2026-05-23,False,PHT001306.jpg
PHT001307,PRJ00637,Library / Reading Room,25.123602536185004,85.07984019456894,2026-06-25,False,PHT001307.jpg
PHT001308,PRJ00637,Library / Reading Room,25.12367973388612,85.08062634688497,2026-06-18,False,PHT001308.jpg
PHT001309,PRJ00638,Library / Reading Room,26.02980762680429,85.30075491054485,2026-07-17,False,PHT001309.jpg
PHT001310,PRJ00638,Library / Reading Room,26.02923066762451,85.30030902989425,2026-01-17,False,PHT001310.jpg
PHT001311,PRJ00639,Drainage System,25.310584858695137,84.56325280682624,2026-03-16,False,PHT001311.jpg
PHT001312,PRJ00639,Drainage System,25.31063713905512,84.56341569433224,2026-06-01,False,PHT001312.jpg
PHT001313,PRJ00639,Drainage System,25.31024497927219,84.56337995763978,2026-02-18,False,PHT001313.jpg
PHT001314,PRJ00640,Sports Infrastructure,25.199157161958187,84.95579653159461,2025-08-22,False,PHT001314.jpg
PHT001315,PRJ00640,Sports Infrastructure,25.199873404113223,84.9555120996654,2025-10-05,False,PHT001315.jpg
PHT001316,PRJ00640,Sports Infrastructure,25.19960419387852,84.95536856290812,2025-09-14,False,PHT001316.jpg
PHT001317,PRJ00641,School Building Repair,19.33034463185012,75.89987663786314,2026-01-06,False,PHT001317.jpg
PHT001318,PRJ00642,Library / Reading Room,19.72327464014407,75.33713366745376,2025-10-17,False,PHT001318.jpg
PHT001319,PRJ00643,Drainage System,19.43191274951661,75.76943142622716,2026-06-24,False,PHT001319.jpg
PHT001320,PRJ00643,Drainage System,19.432455780382632,75.76956200623222,2026-03-20,False,PHT001320.jpg
PHT001321,PRJ00643,Drainage System,19.432103569216963,75.76983832684276,2026-05-28,False,PHT001321.jpg
PHT001322,PRJ00644,Library / Reading Room,19.984100603233355,75.14427747708274,2025-09-12,False,PHT001322.jpg
PHT001323,PRJ00644,Library / Reading Room,19.98452728856768,75.14438367113557,2026-02-04,False,PHT001323.jpg
PHT001324,PRJ00644,Library / Reading Room,19.98420808974877,75.14454103384502,2026-07-18,False,PHT001324.jpg
PHT001325,PRJ00645,Borewell / Handpump,19.6157306288437,75.28624037756038,2024-10-17,False,PHT001325.jpg
PHT001326,PRJ00645,Borewell / Handpump,19.615900726391896,75.28636121708399,2025-09-12,False,PHT001326.jpg
PHT001327,PRJ00646,Drinking Water Supply,19.38762609500576,75.33378528831707,2026-08-23,False,PHT001327.jpg
PHT001328,PRJ00647,Community Hall,19.15420383304849,75.62512069542386,2025-02-13,False,PHT001328.jpg
PHT001329,PRJ00647,Community Hall,19.1541639442794,75.62502247091048,2025-06-13,False,PHT001329.jpg
PHT001330,PRJ00647,Community Hall,19.15410094084208,75.62575933626532,2025-04-21,False,PHT001330.jpg
PHT001331,PRJ00648,Drinking Water Supply,19.785570548761537,75.4985927699193,2026-05-19,False,PHT001331.jpg
PHT001332,PRJ00648,Drinking Water Supply,19.784677699297006,75.499145863984,2026-08-27,False,PHT001332.jpg
PHT001333,PRJ00649,Public Toilet Complex,20.26440813863775,76.13814070354073,2025-12-27,False,PHT001333.jpg
PHT001334,PRJ00650,Road Construction,19.481983029961267,76.21000597408471,2026-08-28,False,PHT001334.jpg
PHT001335,PRJ00651,Community Hall,19.399589539227563,75.5124219174748,2025-01-07,False,PHT001335.jpg
PHT001336,PRJ00652,Library / Reading Room,19.55213654977593,75.82344501612474,2026-07-17,True,PHT001336.jpg
PHT001337,PRJ00652,Library / Reading Room,19.55265093755162,75.82420892435819,2026-08-16,False,PHT001337.jpg
PHT001338,PRJ00653,Drinking Water Supply,20.019748065778167,75.58771396651252,2025-09-15,False,PHT001338.jpg
PHT001339,PRJ00653,Drinking Water Supply,20.019507833549262,75.58804130835149,2025-08-31,False,PHT001339.jpg
PHT001340,PRJ00654,Street Lighting,19.34235180469849,76.19062793599312,2026-03-17,False,PHT001340.jpg
PHT001341,PRJ00654,Street Lighting,19.34190601473368,76.19047314765335,2026-01-22,False,PHT001341.jpg
PHT001342,PRJ00655,Road Construction,19.66898274889613,75.37133621401343,2025-10-14,False,PHT001342.jpg
PHT001343,PRJ00655,Road Construction,19.66885933016882,75.37133573578939,2025-12-10,False,PHT001343.jpg
PHT001344,PRJ00656,Library / Reading Room,19.3509331245842,75.25625676371533,2026-05-07,False,PHT001344.jpg
PHT001345,PRJ00656,Library / Reading Room,19.35107294871084,75.25604384066153,2026-08-10,False,PHT001345.jpg
PHT001346,PRJ00657,Borewell / Handpump,19.141597203136765,75.6346817482637,2025-10-28,False,PHT001346.jpg
PHT001347,PRJ00657,Borewell / Handpump,19.141420632921285,75.63467553505073,2025-04-03,False,PHT001347.jpg
PHT001348,PRJ00657,Borewell / Handpump,19.14122698650373,75.63519024273525,2025-10-01,False,PHT001348.jpg
PHT001349,PRJ00658,Drinking Water Supply,20.09551123484768,75.26070341054312,2025-08-26,False,PHT001349.jpg
PHT001350,PRJ00658,Drinking Water Supply,20.095596859154064,75.26072199008338,2025-01-28,False,PHT001350.jpg
PHT001351,PRJ00658,Drinking Water Supply,20.095860249528325,75.2605499100858,2025-09-27,False,PHT001351.jpg
PHT001352,PRJ00659,Borewell / Handpump,19.43072627910479,75.49832543824499,2025-11-15,False,PHT001352.jpg
PHT001353,PRJ00660,Community Hall,19.17642411166377,75.56486549903603,2026-05-05,False,PHT001353.jpg
PHT001354,PRJ00660,Community Hall,19.176889112804925,75.56484607251232,2026-06-20,False,PHT001354.jpg
PHT001355,PRJ00661,Drainage System,20.27165815533349,75.55312624976649,2026-01-21,False,PHT001355.jpg
PHT001356,PRJ00661,Drainage System,20.272230004884563,75.55247221522517,2025-08-23,False,PHT001356.jpg
PHT001357,PRJ00661,Drainage System,20.27157810318808,75.55268047597667,2025-02-11,False,PHT001357.jpg
PHT001358,PRJ00662,Library / Reading Room,19.36257903784399,75.49161372188016,2025-07-19,False,PHT001358.jpg
PHT001359,PRJ00662,Library / Reading Room,19.36252454487833,75.49184065338768,2025-03-01,False,PHT001359.jpg
PHT001360,PRJ00662,Library / Reading Room,19.362817732893,75.491135754551,2025-01-25,False,PHT001360.jpg
PHT001361,PRJ00663,Drinking Water Supply,19.169835574602743,75.46018004318996,2026-01-18,False,PHT001361.jpg
PHT001362,PRJ00663,Drinking Water Supply,19.170522520516847,75.45993970754118,2025-08-28,False,PHT001362.jpg
PHT001363,PRJ00664,Community Hall,19.800185713609604,76.16082223290873,2026-08-04,False,PHT001363.jpg
PHT001364,PRJ00664,Community Hall,19.79963710254981,76.16105744638581,2026-08-01,False,PHT001364.jpg
PHT001365,PRJ00665,Sports Infrastructure,19.59333223135748,75.70543643395065,2026-08-29,False,PHT001365.jpg
PHT001366,PRJ00665,Sports Infrastructure,19.5932074002202,75.70525579226549,2026-08-29,False,PHT001366.jpg
PHT001367,PRJ00666,Drinking Water Supply,19.71103750746408,75.59198585540733,2024-12-10,False,PHT001367.jpg
PHT001368,PRJ00667,Drinking Water Supply,19.93640250396035,75.1994997708886,2025-04-20,False,PHT001368.jpg
PHT001369,PRJ00667,Drinking Water Supply,19.93630364864112,75.20001199795362,2026-02-17,False,PHT001369.jpg
PHT001370,PRJ00667,Drinking Water Supply,19.93611200916308,75.19990891981328,2025-07-23,False,PHT001370.jpg
PHT001371,PRJ00668,Drinking Water Supply,19.34520820878968,76.09176400533477,2026-02-08,False,PHT001371.jpg
PHT001372,PRJ00668,Drinking Water Supply,19.34476565280133,76.09152690430456,2025-07-08,False,PHT001372.jpg
PHT001373,PRJ00669,Street Lighting,19.66319665768221,76.12898159147124,2026-05-14,False,PHT001373.jpg
PHT001374,PRJ00670,Road Construction,19.665759293643244,75.37301160240153,2026-05-11,False,PHT001374.jpg
PHT001375,PRJ00670,Road Construction,19.66638462996574,75.37337252124355,2026-05-18,False,PHT001375.jpg
PHT001376,PRJ00671,School Building Repair,19.31484044428329,76.16948149277185,2025-10-04,False,PHT001376.jpg
PHT001377,PRJ00671,School Building Repair,19.31485156782112,76.16911911228682,2026-07-29,False,PHT001377.jpg
PHT001378,PRJ00672,Community Hall,19.32151451063629,75.14731383274126,2026-08-23,False,PHT001378.jpg
PHT001379,PRJ00672,Community Hall,19.321592725794545,75.14766642778298,2026-08-28,False,PHT001379.jpg
PHT001380,PRJ00673,Drainage System,20.130120378884108,76.28980555781075,2026-05-10,False,PHT001380.jpg
PHT001381,PRJ00673,Drainage System,20.13053643447661,76.2896634659049,2025-10-13,False,PHT001381.jpg
PHT001382,PRJ00673,Drainage System,20.13088308038225,76.29051387079554,2026-01-21,False,PHT001382.jpg
PHT001383,PRJ00674,Community Hall,19.711142050616928,75.64348367507439,2026-07-17,False,PHT001383.jpg
PHT001384,PRJ00674,Community Hall,19.71067843107116,75.64300339832734,2026-04-28,False,PHT001384.jpg
PHT001385,PRJ00675,Public Toilet Complex,19.434767299798,75.58601294419384,2024-08-17,False,PHT001385.jpg
PHT001386,PRJ00675,Public Toilet Complex,19.435301401863047,75.5857061368208,2024-10-02,False,PHT001386.jpg
PHT001387,PRJ00675,Public Toilet Complex,19.434836802918856,75.58599920817939,2025-01-29,False,PHT001387.jpg
PHT001388,PRJ00676,Sports Infrastructure,19.712823892146325,75.41056765440072,2026-05-24,False,PHT001388.jpg
PHT001389,PRJ00676,Sports Infrastructure,19.712775746385407,75.41007602510156,2026-05-14,False,PHT001389.jpg
PHT001390,PRJ00676,Sports Infrastructure,19.712936194471222,75.41006838874293,2026-04-03,False,PHT001390.jpg
PHT001391,PRJ00677,Sports Infrastructure,19.502280227450207,75.78487815440229,2025-04-21,False,PHT001391.jpg
PHT001392,PRJ00678,Road Construction,19.294218541393043,76.25259532385896,2025-07-27,False,PHT001392.jpg
PHT001393,PRJ00679,Street Lighting,19.98015142259086,76.29487446534121,2026-05-02,False,PHT001393.jpg
PHT001394,PRJ00679,Street Lighting,19.97980620717448,76.29484180636962,2026-07-01,False,PHT001394.jpg
PHT001395,PRJ00679,Street Lighting,19.97955714900222,76.29402289335506,2026-05-03,False,PHT001395.jpg
PHT001396,PRJ00680,Street Lighting,20.27330691232609,76.1243768346767,2026-08-11,False,PHT001396.jpg
PHT001397,PRJ00680,Street Lighting,20.27332756323761,76.1240610435553,2026-01-22,False,PHT001397.jpg
PHT001398,PRJ00680,Street Lighting,20.273222849846533,76.12422082163437,2026-02-28,False,PHT001398.jpg
PHT001399,PRJ00681,Community Hall,22.91778732737256,88.48876808134679,2025-12-08,False,PHT001399.jpg
PHT001400,PRJ00681,Community Hall,22.91806333378192,88.48847156739517,2026-03-24,False,PHT001400.jpg
PHT001401,PRJ00682,Library / Reading Room,22.71606168791703,87.81850593884481,2025-05-09,False,PHT001401.jpg
PHT001402,PRJ00682,Library / Reading Room,22.716037683925915,87.81807539985286,2025-12-13,False,PHT001402.jpg
PHT001403,PRJ00683,Sports Infrastructure,23.27243945817844,87.58625728126437,2026-08-18,False,PHT001403.jpg
PHT001404,PRJ00683,Sports Infrastructure,23.271614605804075,87.58551917679887,2026-06-13,False,PHT001404.jpg
PHT001405,PRJ00683,Sports Infrastructure,23.271764297483045,87.58627605497297,2026-07-02,False,PHT001405.jpg
PHT001406,PRJ00684,Community Hall,22.835091728163984,88.46011679235573,2026-01-09,False,PHT001406.jpg
PHT001407,PRJ00684,Community Hall,22.834622240477422,88.46010117679486,2026-02-25,False,PHT001407.jpg
PHT001408,PRJ00684,Community Hall,22.83456428598608,88.46030872155599,2025-11-14,False,PHT001408.jpg
PHT001409,PRJ00685,Library / Reading Room,22.410455929352423,87.84950209523691,2026-02-03,False,PHT001409.jpg
PHT001410,PRJ00685,Library / Reading Room,22.410440319868982,87.84928794370767,2026-01-17,False,PHT001410.jpg
PHT001411,PRJ00686,Street Lighting,22.717555448153224,88.37429885198965,2025-03-30,False,PHT001411.jpg
PHT001412,PRJ00686,Street Lighting,22.71785444035252,88.37479718556905,2025-08-23,False,PHT001412.jpg
PHT001413,PRJ00687,Sports Infrastructure,22.628121008287987,88.18378709173034,2026-08-22,False,PHT001413.jpg
PHT001414,PRJ00687,Sports Infrastructure,22.62809670117082,88.1839695993499,2026-08-08,False,PHT001414.jpg
PHT001415,PRJ00688,Public Toilet Complex,22.88914173619451,87.68514020562453,2026-04-28,False,PHT001415.jpg
PHT001416,PRJ00688,Public Toilet Complex,22.88906258597194,87.68460417227675,2026-05-26,False,PHT001416.jpg
PHT001417,PRJ00689,Road Construction,22.991584374822366,88.48008840563108,2026-07-22,False,PHT001417.jpg
PHT001418,PRJ00690,School Building Repair,23.112533613061217,87.37677850096455,2026-08-23,False,PHT001418.jpg
PHT001419,PRJ00690,School Building Repair,23.112340854364707,87.37681340030177,2026-06-12,False,PHT001419.jpg
PHT001420,PRJ00691,School Building Repair,22.56133587401264,87.46078327533682,2024-11-07,False,PHT001420.jpg
PHT001421,PRJ00691,School Building Repair,22.561074324307366,87.46089582813082,2025-04-08,False,PHT001421.jpg
PHT001422,PRJ00691,School Building Repair,22.56128945274342,87.46062193373302,2025-09-22,False,PHT001422.jpg
PHT001423,PRJ00692,Library / Reading Room,22.55603556083976,87.79344847527788,2025-04-19,False,PHT001423.jpg
PHT001424,PRJ00692,Library / Reading Room,22.5564412107767,87.79360496783835,2025-03-10,False,PHT001424.jpg
PHT001425,PRJ00692,Library / Reading Room,22.556426790963627,87.79328769015417,2025-04-19,False,PHT001425.jpg
PHT001426,PRJ00693,Drainage System,23.2600849075477,87.5896852329297,2026-07-31,False,PHT001426.jpg
PHT001427,PRJ00693,Drainage System,23.26004933902796,87.59022939163694,2026-08-17,False,PHT001427.jpg
PHT001428,PRJ00694,School Building Repair,23.330095028654384,88.31335968684219,2026-08-09,False,PHT001428.jpg
PHT001429,PRJ00694,School Building Repair,23.330174233280097,88.31337119544993,2026-07-08,False,PHT001429.jpg
PHT001430,PRJ00695,School Building Repair,22.72889426615472,87.67923222118957,2025-10-14,False,PHT001430.jpg
PHT001431,PRJ00695,School Building Repair,22.72911383878236,87.67954271372012,2025-09-30,False,PHT001431.jpg
PHT001432,PRJ00695,School Building Repair,22.728769344117573,87.67959963872721,2026-05-27,False,PHT001432.jpg
PHT001433,PRJ00696,School Building Repair,23.094965432689584,88.03158589252813,2024-10-16,False,PHT001433.jpg
PHT001434,PRJ00696,School Building Repair,23.095071748118578,88.03119347791441,2024-10-04,False,PHT001434.jpg
PHT001435,PRJ00696,School Building Repair,23.09481838384244,88.03127812824017,2024-09-04,False,PHT001435.jpg
PHT001436,PRJ00697,Library / Reading Room,22.869245113431,87.7001692172316,2025-08-09,False,PHT001436.jpg
PHT001437,PRJ00698,Road Construction,22.579006910638736,87.89010709375371,2026-06-20,False,PHT001437.jpg
PHT001438,PRJ00698,Road Construction,22.57973892730721,87.89035453364403,2026-05-01,False,PHT001438.jpg
PHT001439,PRJ00698,Road Construction,22.578962655034594,87.88997131626137,2026-03-01,False,PHT001439.jpg
PHT001440,PRJ00699,Drinking Water Supply,22.85682689842072,87.46018055114874,2025-06-17,False,PHT001440.jpg
PHT001441,PRJ00699,Drinking Water Supply,22.856675127854988,87.459559324073,2025-09-12,False,PHT001441.jpg
PHT001442,PRJ00699,Drinking Water Supply,22.8566467860516,87.46017705401448,2025-05-02,False,PHT001442.jpg
PHT001443,PRJ00700,Library / Reading Room,23.1263081457876,87.5192517331213,2026-07-05,False,PHT001443.jpg
PHT001444,PRJ00700,Library / Reading Room,23.12610459051404,87.5188559519246,2025-08-15,False,PHT001444.jpg
PHT001445,PRJ00700,Library / Reading Room,23.126505283565564,87.51880236272704,2025-06-08,False,PHT001445.jpg
PHT001446,PRJ00701,Sports Infrastructure,22.71629989732964,87.71224786473225,2026-01-26,False,PHT001446.jpg
PHT001447,PRJ00702,Borewell / Handpump,22.860774275514856,87.4278917557615,2025-05-07,False,PHT001447.jpg
PHT001448,PRJ00702,Borewell / Handpump,22.861156503535632,87.42832735311349,2026-05-22,False,PHT001448.jpg
PHT001449,PRJ00702,Borewell / Handpump,22.86057986839429,87.42831483103002,2025-11-28,False,PHT001449.jpg
PHT001450,PRJ00703,Borewell / Handpump,22.434577083488406,87.3587954233769,2026-04-20,False,PHT001450.jpg
PHT001451,PRJ00703,Borewell / Handpump,22.43451355211148,87.3596692689762,2026-02-19,False,PHT001451.jpg
PHT001452,PRJ00704,Street Lighting,23.30191014359937,88.1523740935224,2026-06-30,False,PHT001452.jpg
PHT001453,PRJ00704,Street Lighting,23.302040351565708,88.15207197702415,2026-08-10,False,PHT001453.jpg
PHT001454,PRJ00704,Street Lighting,23.301801447718248,88.1525133425898,2026-08-04,False,PHT001454.jpg
PHT001455,PRJ00705,Drainage System,23.49759604211769,87.61659778743646,2026-06-04,False,PHT001455.jpg
PHT001456,PRJ00705,Drainage System,23.497095393180384,87.61626520467009,2026-07-09,False,PHT001456.jpg
PHT001457,PRJ00705,Drainage System,23.49758454554256,87.61586578192818,2026-04-16,False,PHT001457.jpg
PHT001458,PRJ00706,Community Hall,23.303930116598416,88.4692586517626,2024-12-26,False,PHT001458.jpg
PHT001459,PRJ00707,Library / Reading Room,22.453931322696825,88.08032784474679,2025-11-16,False,PHT001459.jpg
PHT001460,PRJ00707,Library / Reading Room,22.454012992429103,88.07993349447496,2024-09-28,False,PHT001460.jpg
PHT001461,PRJ00708,Community Hall,23.18366734974748,87.79476681723492,2026-08-11,False,PHT001461.jpg
PHT001462,PRJ00708,Community Hall,23.18383023392678,87.79490332940645,2026-08-18,False,PHT001462.jpg
PHT001463,PRJ00708,Community Hall,23.183884098205382,87.79455209976403,2026-08-28,False,PHT001463.jpg
PHT001464,PRJ00709,Drinking Water Supply,22.87331526446785,87.72660180167176,2025-10-16,False,PHT001464.jpg
PHT001465,PRJ00710,Street Lighting,23.08690534482786,87.34802602323879,2026-03-24,False,PHT001465.jpg
PHT001466,PRJ00710,Street Lighting,23.08696677834629,87.34819621849488,2026-02-11,False,PHT001466.jpg
PHT001467,PRJ00710,Street Lighting,23.086349468907223,87.34765562896165,2026-05-06,False,PHT001467.jpg
PHT001468,PRJ00711,Borewell / Handpump,23.105068883485124,88.28518879833857,2026-03-01,False,PHT001468.jpg
PHT001469,PRJ00712,Community Hall,22.531174961593543,87.42200607902403,2025-05-10,False,PHT001469.jpg
PHT001470,PRJ00713,Road Construction,22.64805943999139,87.89265841279682,2026-06-27,False,PHT001470.jpg
PHT001471,PRJ00714,Borewell / Handpump,22.349587580236783,87.29078932818403,2025-09-26,False,PHT001471.jpg
PHT001472,PRJ00714,Borewell / Handpump,22.34996740339195,87.29107396577983,2025-09-02,False,PHT001472.jpg
PHT001473,PRJ00715,Library / Reading Room,23.189588554843457,88.10994843220448,2026-08-26,False,PHT001473.jpg
PHT001474,PRJ00716,Public Toilet Complex,23.33028854694979,88.4556463455047,2026-06-13,False,PHT001474.jpg
PHT001475,PRJ00716,Public Toilet Complex,23.330331519557465,88.45548568770846,2025-07-23,False,PHT001475.jpg
PHT001476,PRJ00716,Public Toilet Complex,23.33050839670493,88.45505138457926,2026-06-04,False,PHT001476.jpg
PHT001477,PRJ00717,Drainage System,23.04152572413311,88.23802813867289,2025-04-08,False,PHT001477.jpg
PHT001478,PRJ00718,Road Construction,23.068918189236893,87.67679820451812,2025-06-17,False,PHT001478.jpg
PHT001479,PRJ00718,Road Construction,23.06852450227862,87.67686030314526,2025-06-13,False,PHT001479.jpg
PHT001480,PRJ00718,Road Construction,23.06898452298055,87.67653526974736,2025-10-26,False,PHT001480.jpg
PHT001481,PRJ00719,Street Lighting,22.511177081655024,87.58276731430077,2025-12-31,False,PHT001481.jpg
PHT001482,PRJ00719,Street Lighting,22.51103984297484,87.5828288507518,2026-01-12,False,PHT001482.jpg
PHT001483,PRJ00720,Community Hall,23.39417665956675,87.47545719492308,2025-06-22,False,PHT001483.jpg
PHT001484,PRJ00720,Community Hall,23.39428368650797,87.47615397690106,2026-01-18,False,PHT001484.jpg
PHT001485,PRJ00721,Road Construction,22.07099831003628,71.13751140542858,2026-02-04,False,PHT001485.jpg
PHT001486,PRJ00722,Sports Infrastructure,22.002782661344035,71.69871832903455,2026-07-13,False,PHT001486.jpg
PHT001487,PRJ00722,Sports Infrastructure,22.00237098950139,71.69873830919776,2026-05-11,False,PHT001487.jpg
PHT001488,PRJ00722,Sports Infrastructure,22.00303086214489,71.69798803923126,2026-06-21,False,PHT001488.jpg
PHT001489,PRJ00723,Borewell / Handpump,21.902235326017607,71.76193038089714,2025-09-12,False,PHT001489.jpg
PHT001490,PRJ00723,Borewell / Handpump,21.90215061063793,71.76158408049314,2025-11-30,False,PHT001490.jpg
PHT001491,PRJ00724,Street Lighting,21.811221018090023,70.77283391002662,2026-06-14,False,PHT001491.jpg
PHT001492,PRJ00724,Street Lighting,21.811738740500623,70.77228270783083,2026-08-24,False,PHT001492.jpg
PHT001493,PRJ00725,Street Lighting,22.472548094073108,70.83634550310252,2026-07-31,False,PHT001493.jpg
PHT001494,PRJ00726,Road Construction,22.48651300531948,71.24516278854306,2025-11-24,False,PHT001494.jpg
PHT001495,PRJ00727,Road Construction,22.480140773310417,71.48011461867792,2024-08-09,False,PHT001495.jpg
PHT001496,PRJ00728,Community Hall,21.828327944439373,71.53700892634217,2025-04-25,False,PHT001496.jpg
PHT001497,PRJ00728,Community Hall,21.82831872217472,71.53645815704554,2025-01-04,False,PHT001497.jpg
PHT001498,PRJ00728,Community Hall,21.82803514328774,71.53714649873166,2024-11-10,False,PHT001498.jpg
PHT001499,PRJ00729,Community Hall,22.61465137336655,71.72325474041358,2024-12-01,False,PHT001499.jpg
PHT001500,PRJ00730,School Building Repair,22.02173646843949,71.69460700230937,2025-10-30,False,PHT001500.jpg
PHT001501,PRJ00731,Road Construction,21.757643852004893,71.44266926762849,2026-04-23,False,PHT001501.jpg
PHT001502,PRJ00731,Road Construction,21.757610061287764,71.44284749857655,2026-03-03,False,PHT001502.jpg
PHT001503,PRJ00731,Road Construction,21.757516871728907,71.44223568328458,2026-04-02,False,PHT001503.jpg
PHT001504,PRJ00732,Sports Infrastructure,21.953778508734075,70.91857118891527,2026-06-01,False,PHT001504.jpg
PHT001505,PRJ00732,Sports Infrastructure,21.95328794401013,70.91812410508629,2026-01-04,False,PHT001505.jpg
PHT001506,PRJ00732,Sports Infrastructure,21.95336506990455,70.91847043221675,2026-03-25,False,PHT001506.jpg
PHT001507,PRJ00733,Drinking Water Supply,22.873329341013708,71.75673248601208,2026-05-23,False,PHT001507.jpg
PHT001508,PRJ00734,Library / Reading Room,21.806403186714245,71.01084158005082,2025-09-25,False,PHT001508.jpg
PHT001509,PRJ00734,Library / Reading Room,21.80563317965453,71.01076796396572,2025-04-17,False,PHT001509.jpg
PHT001510,PRJ00734,Library / Reading Room,21.80561167441636,71.01068452207691,2025-05-07,False,PHT001510.jpg
PHT001511,PRJ00735,Street Lighting,22.6847102931742,70.93754632958313,2026-08-10,False,PHT001511.jpg
PHT001512,PRJ00735,Street Lighting,22.6849873009476,70.93813101365758,2026-07-26,False,PHT001512.jpg
PHT001513,PRJ00735,Street Lighting,22.684785659658388,70.93825786594036,2026-08-24,False,PHT001513.jpg
PHT001514,PRJ00736,Street Lighting,22.295620992745,71.61180572861531,2025-10-20,False,PHT001514.jpg
PHT001515,PRJ00737,Road Construction,22.46429048519483,70.68460969551597,2026-02-02,False,PHT001515.jpg
PHT001516,PRJ00737,Road Construction,22.46508231876235,70.68504666724594,2026-08-23,False,PHT001516.jpg
PHT001517,PRJ00737,Road Construction,22.464974512900312,70.68475425555326,2026-06-04,False,PHT001517.jpg
PHT001518,PRJ00738,Public Toilet Complex,22.218980459067183,71.55587914188256,2026-05-08,False,PHT001518.jpg
PHT001519,PRJ00739,Community Hall,22.201298365015187,70.77278765126131,2026-08-08,False,PHT001519.jpg
PHT001520,PRJ00740,Public Toilet Complex,22.583592805957966,70.98447337860023,2025-10-18,False,PHT001520.jpg
PHT001521,PRJ00740,Public Toilet Complex,22.583245929007724,70.98419955484765,2025-11-01,False,PHT001521.jpg
PHT001522,PRJ00740,Public Toilet Complex,22.583342472863247,70.9837765787825,2025-12-06,False,PHT001522.jpg
PHT001523,PRJ00741,Community Hall,22.61477451869651,70.77268019009874,2026-08-28,False,PHT001523.jpg
PHT001524,PRJ00742,School Building Repair,21.70894919551979,71.1070225887563,2025-04-25,False,PHT001524.jpg
PHT001525,PRJ00742,School Building Repair,21.708503349977327,71.10691997872249,2025-11-21,False,PHT001525.jpg
PHT001526,PRJ00743,Road Construction,21.9532021154478,70.88373424759745,2025-06-11,False,PHT001526.jpg
PHT001527,PRJ00743,Road Construction,21.95316529036055,70.88387015833054,2026-08-02,False,PHT001527.jpg
PHT001528,PRJ00743,Road Construction,21.953130317970608,70.88389175604725,2025-09-09,False,PHT001528.jpg
PHT001529,PRJ00744,Drinking Water Supply,22.50314569838628,71.13728214466828,2025-09-23,False,PHT001529.jpg
PHT001530,PRJ00744,Drinking Water Supply,22.50279785788132,71.13797772359331,2026-02-22,False,PHT001530.jpg
PHT001531,PRJ00744,Drinking Water Supply,22.502632567122777,71.13787651652747,2026-01-19,False,PHT001531.jpg
PHT001532,PRJ00745,Borewell / Handpump,22.27623085236496,71.18277711624341,2026-02-09,False,PHT001532.jpg
PHT001533,PRJ00745,Borewell / Handpump,22.27669915323975,71.18263644469101,2025-10-12,False,PHT001533.jpg
PHT001534,PRJ00745,Borewell / Handpump,22.27596299759286,71.18281154931076,2025-11-24,False,PHT001534.jpg
PHT001535,PRJ00746,Public Toilet Complex,22.291158109784742,70.83119185868998,2025-11-10,False,PHT001535.jpg
PHT001536,PRJ00747,Drainage System,22.33970894993795,71.35798989897216,2026-02-04,False,PHT001536.jpg
PHT001537,PRJ00748,Drinking Water Supply,22.6335160763942,70.86425697550585,2026-06-25,True,PHT001537.jpg
PHT001538,PRJ00748,Drinking Water Supply,22.63348321482772,70.8648605633625,2026-07-30,False,PHT001538.jpg
PHT001539,PRJ00748,Drinking Water Supply,22.633215998681205,70.86415351905256,2026-08-17,False,PHT001539.jpg
PHT001540,PRJ00749,Public Toilet Complex,21.801091508388964,71.78184880093728,2025-04-16,False,PHT001540.jpg
PHT001541,PRJ00750,Borewell / Handpump,22.47766251561652,70.89458442651457,2026-04-08,False,PHT001541.jpg
PHT001542,PRJ00750,Borewell / Handpump,22.47723360999823,70.89428544556367,2025-08-26,False,PHT001542.jpg
PHT001543,PRJ00751,Drinking Water Supply,22.09746384147542,70.89838388331508,2025-11-08,False,PHT001543.jpg
PHT001544,PRJ00751,Drinking Water Supply,22.09755719348646,70.89745094175585,2024-07-28,False,PHT001544.jpg
PHT001545,PRJ00752,Public Toilet Complex,22.03718860681916,71.09320186209676,2026-07-29,False,PHT001545.jpg
PHT001546,PRJ00752,Public Toilet Complex,22.03793365619533,71.09303983440628,2026-06-20,False,PHT001546.jpg
PHT001547,PRJ00753,Road Construction,22.106625361985063,70.60847373173593,2025-04-28,False,PHT001547.jpg
PHT001548,PRJ00753,Road Construction,22.106165813650083,70.60838579490229,2025-12-18,False,PHT001548.jpg
PHT001549,PRJ00753,Road Construction,22.10614665868441,70.60802734592684,2026-07-13,False,PHT001549.jpg
PHT001550,PRJ00754,Public Toilet Complex,21.75387654023773,71.34702963075549,2026-08-18,False,PHT001550.jpg
PHT001551,PRJ00755,Road Construction,22.836239860367584,71.08744423760254,2026-01-28,False,PHT001551.jpg
PHT001552,PRJ00755,Road Construction,22.836344831080023,71.0880542271063,2025-05-08,False,PHT001552.jpg
PHT001553,PRJ00755,Road Construction,22.836117187630222,71.08777201472388,2025-04-01,False,PHT001553.jpg
PHT001554,PRJ00756,Sports Infrastructure,22.824049846292933,71.59078319963324,2026-03-11,False,PHT001554.jpg
PHT001555,PRJ00756,Sports Infrastructure,22.824074988357268,71.59032277595485,2026-01-09,False,PHT001555.jpg
PHT001556,PRJ00757,Street Lighting,21.759973737044813,70.78005995164176,2026-06-18,False,PHT001556.jpg
PHT001557,PRJ00757,Street Lighting,21.75990582406919,70.77985700351437,2026-03-27,False,PHT001557.jpg
PHT001558,PRJ00758,Library / Reading Room,21.871471957428955,70.61649959713108,2026-03-10,False,PHT001558.jpg
PHT001559,PRJ00758,Library / Reading Room,21.871407848369085,70.61639691510935,2025-06-07,False,PHT001559.jpg
PHT001560,PRJ00759,Public Toilet Complex,22.2988703194014,70.68651814878348,2026-03-12,False,PHT001560.jpg
PHT001561,PRJ00759,Public Toilet Complex,22.298637176398312,70.68664200344824,2025-09-22,False,PHT001561.jpg
PHT001562,PRJ00759,Public Toilet Complex,22.29891257479111,70.68651213916202,2026-06-25,False,PHT001562.jpg
PHT001563,PRJ00760,Borewell / Handpump,21.8890811469866,71.75515402790266,2026-07-27,False,PHT001563.jpg
PHT001564,PRJ00760,Borewell / Handpump,21.88859413968846,71.75484243039679,2026-05-15,False,PHT001564.jpg
PHT001565,PRJ00760,Borewell / Handpump,21.88884114592494,71.75519667859561,2026-05-04,False,PHT001565.jpg
PHT001566,PRJ00761,Borewell / Handpump,23.47523488470823,87.90209150579983,2026-06-30,False,PHT001566.jpg
PHT001567,PRJ00761,Borewell / Handpump,23.47493463482284,87.90243438644521,2025-12-30,False,PHT001567.jpg
PHT001568,PRJ00762,Community Hall,22.801866601792423,88.32434237602234,2025-02-04,False,PHT001568.jpg
PHT001569,PRJ00762,Community Hall,22.80170649683712,88.3238341348291,2026-02-20,False,PHT001569.jpg
PHT001570,PRJ00763,School Building Repair,23.163974832815832,87.4211273201738,2025-10-28,False,PHT001570.jpg
PHT001571,PRJ00764,Drinking Water Supply,23.156545838389818,88.34799008937135,2026-07-21,False,PHT001571.jpg
PHT001572,PRJ00765,Public Toilet Complex,23.14084822475918,88.21099236278766,2026-06-16,False,PHT001572.jpg
PHT001573,PRJ00765,Public Toilet Complex,23.140910389878737,88.2108407269237,2026-06-23,False,PHT001573.jpg
PHT001574,PRJ00766,Public Toilet Complex,23.43984741608917,87.94249828263628,2026-07-09,False,PHT001574.jpg
PHT001575,PRJ00767,Road Construction,23.315663639324946,88.29806314730362,2026-06-13,False,PHT001575.jpg
PHT001576,PRJ00767,Road Construction,23.316228110535896,88.29861273571036,2026-06-09,False,PHT001576.jpg
PHT001577,PRJ00768,Sports Infrastructure,23.25229660138712,87.8841715114191,2026-02-07,False,PHT001577.jpg
PHT001578,PRJ00768,Sports Infrastructure,23.252799392440227,87.88392328815654,2026-01-23,False,PHT001578.jpg
PHT001579,PRJ00769,School Building Repair,22.8532832312567,87.66849315595609,2026-08-07,False,PHT001579.jpg
PHT001580,PRJ00769,School Building Repair,22.85324426204477,87.66859126784318,2026-08-22,False,PHT001580.jpg
PHT001581,PRJ00770,Public Toilet Complex,22.83678817578993,88.45895673795478,2025-11-15,False,PHT001581.jpg
PHT001582,PRJ00771,Public Toilet Complex,22.54695437836528,88.1511246483564,2026-08-18,False,PHT001582.jpg
PHT001583,PRJ00771,Public Toilet Complex,22.54739190666933,88.15104866341406,2026-08-20,False,PHT001583.jpg
PHT001584,PRJ00772,Public Toilet Complex,22.54547837884681,88.19061383031175,2026-08-23,False,PHT001584.jpg
PHT001585,PRJ00772,Public Toilet Complex,22.54587004053568,88.19045821797702,2026-08-01,False,PHT001585.jpg
PHT001586,PRJ00773,Community Hall,23.16734219764628,87.68258213745831,2025-05-08,False,PHT001586.jpg
PHT001587,PRJ00774,Drainage System,23.47193220548184,87.75192919177323,2025-03-02,False,PHT001587.jpg
PHT001588,PRJ00774,Drainage System,23.47205319020298,87.75160868702994,2025-11-27,False,PHT001588.jpg
PHT001589,PRJ00775,Sports Infrastructure,22.43627337767566,87.30452109533988,2025-09-08,False,PHT001589.jpg
PHT001590,PRJ00776,Public Toilet Complex,22.641159244401408,87.75080138539293,2025-02-15,False,PHT001590.jpg
PHT001591,PRJ00776,Public Toilet Complex,22.64195310995657,87.75067560742337,2026-03-08,False,PHT001591.jpg
PHT001592,PRJ00777,Drinking Water Supply,23.06483426779537,88.26169502527885,2026-01-20,False,PHT001592.jpg
PHT001593,PRJ00778,Community Hall,23.049796800841044,88.43554840048748,2026-04-04,False,PHT001593.jpg
PHT001594,PRJ00778,Community Hall,23.050097527570404,88.43496451952544,2026-03-24,False,PHT001594.jpg
PHT001595,PRJ00778,Community Hall,23.050452038783607,88.43564432427732,2026-06-12,False,PHT001595.jpg
PHT001596,PRJ00779,Street Lighting,23.19172350952355,88.16838488793965,2026-06-20,False,PHT001596.jpg
PHT001597,PRJ00779,Street Lighting,23.19153640481425,88.16833939164633,2026-08-23,False,PHT001597.jpg
PHT001598,PRJ00780,Library / Reading Room,22.746924558197417,87.60532843663047,2025-11-13,False,PHT001598.jpg
PHT001599,PRJ00781,Library / Reading Room,23.050975592873435,87.36580883107959,2025-01-16,False,PHT001599.jpg
PHT001600,PRJ00781,Library / Reading Room,23.051334973669583,87.3652023028087,2025-12-08,False,PHT001600.jpg
PHT001601,PRJ00781,Library / Reading Room,23.0514292711976,87.36533849387199,2025-05-02,False,PHT001601.jpg
PHT001602,PRJ00782,Sports Infrastructure,22.53753022131897,87.68261048288238,2026-04-03,False,PHT001602.jpg
PHT001603,PRJ00782,Sports Infrastructure,22.53735082923696,87.68223388884564,2026-06-17,False,PHT001603.jpg
PHT001604,PRJ00783,Public Toilet Complex,23.262932775111413,88.24607428214408,2026-03-08,False,PHT001604.jpg
PHT001605,PRJ00784,Library / Reading Room,23.23952888097327,88.4247616553935,2025-08-03,False,PHT001605.jpg
PHT001606,PRJ00785,Drinking Water Supply,23.143746001852783,87.78327989225403,2025-05-30,False,PHT001606.jpg
PHT001607,PRJ00785,Drinking Water Supply,23.144318952455848,87.78283937271921,2025-08-05,False,PHT001607.jpg
PHT001608,PRJ00785,Drinking Water Supply,23.144188948599663,87.78268348211303,2025-03-14,False,PHT001608.jpg
PHT001609,PRJ00786,Drinking Water Supply,22.78269481749435,87.3613246873899,2025-12-06,False,PHT001609.jpg
PHT001610,PRJ00786,Drinking Water Supply,22.782898419894,87.36118486639766,2026-05-07,False,PHT001610.jpg
PHT001611,PRJ00787,Street Lighting,22.48453004419639,87.73992619752119,2026-05-07,False,PHT001611.jpg
PHT001612,PRJ00788,Public Toilet Complex,22.739634932702124,87.4273304769036,2025-09-07,False,PHT001612.jpg
PHT001613,PRJ00788,Public Toilet Complex,22.74018105116553,87.42744511216974,2026-02-07,False,PHT001613.jpg
PHT001614,PRJ00788,Public Toilet Complex,22.740290709487464,87.42691131961821,2025-05-18,False,PHT001614.jpg
PHT001615,PRJ00789,Sports Infrastructure,22.99457459934949,88.39314499884127,2026-04-19,False,PHT001615.jpg
PHT001616,PRJ00789,Sports Infrastructure,22.99379992157315,88.39397230523657,2025-08-25,False,PHT001616.jpg
PHT001617,PRJ00789,Sports Infrastructure,22.99429127149544,88.39370715070447,2026-01-03,False,PHT001617.jpg
PHT001618,PRJ00790,Sports Infrastructure,23.340026763489348,88.37273581429618,2025-01-30,False,PHT001618.jpg
PHT001619,PRJ00791,School Building Repair,23.02799712234708,87.500003912991,2025-09-11,False,PHT001619.jpg
PHT001620,PRJ00791,School Building Repair,23.02779692416224,87.50063365655491,2025-08-09,False,PHT001620.jpg
PHT001621,PRJ00792,Borewell / Handpump,22.704666162077416,87.32167406674957,2026-07-17,False,PHT001621.jpg
PHT001622,PRJ00792,Borewell / Handpump,22.704493806793124,87.32187655411911,2026-04-08,False,PHT001622.jpg
PHT001623,PRJ00792,Borewell / Handpump,22.70464155799437,87.3220144764393,2026-02-11,False,PHT001623.jpg
PHT001624,PRJ00793,Community Hall,22.558348802028814,87.44490612519186,2025-09-03,False,PHT001624.jpg
PHT001625,PRJ00793,Community Hall,22.55895325908368,87.44470788370367,2025-10-23,False,PHT001625.jpg
PHT001626,PRJ00794,Library / Reading Room,23.47804244589626,87.41640673963592,2026-07-06,False,PHT001626.jpg
PHT001627,PRJ00795,Sports Infrastructure,22.959407706481848,88.0086095077965,2025-12-06,False,PHT001627.jpg
PHT001628,PRJ00796,Sports Infrastructure,22.974769458077983,88.21486094720171,2025-11-07,False,PHT001628.jpg
PHT001629,PRJ00797,Road Construction,23.460362573537413,87.84234113537157,2026-07-17,False,PHT001629.jpg
PHT001630,PRJ00798,School Building Repair,23.35721258213457,87.72033806498473,2026-08-12,False,PHT001630.jpg
PHT001631,PRJ00798,School Building Repair,23.35772330432933,87.72053907399068,2026-08-20,False,PHT001631.jpg
PHT001632,PRJ00798,School Building Repair,23.357078271726262,87.72006726715708,2026-08-09,False,PHT001632.jpg
PHT001633,PRJ00799,Street Lighting,22.88231858628739,88.23318167594675,2026-04-16,False,PHT001633.jpg
PHT001634,PRJ00799,Street Lighting,22.88222743565277,88.23338103827766,2026-07-02,False,PHT001634.jpg
PHT001635,PRJ00799,Street Lighting,22.88222759833383,88.23301745450549,2025-11-19,False,PHT001635.jpg
PHT001636,PRJ00800,Community Hall,23.27091524404169,87.73458260081001,2026-04-22,False,PHT001636.jpg
PHT001637,PRJ00800,Community Hall,23.2704233682941,87.73456060031579,2026-04-11,False,PHT001637.jpg
PHT001638,PRJ00801,Sports Infrastructure,11.1929683335492,78.87752985230404,2026-08-17,False,PHT001638.jpg
PHT001639,PRJ00801,Sports Infrastructure,11.192602702200851,78.87695013215436,2026-08-16,False,PHT001639.jpg
PHT001640,PRJ00802,Road Construction,10.598047125661289,78.33240097839189,2025-07-28,False,PHT001640.jpg
PHT001641,PRJ00803,Drainage System,11.145679173696657,78.71003350926894,2026-03-03,False,PHT001641.jpg
PHT001642,PRJ00803,Drainage System,11.145588325564614,78.71041082171877,2026-06-16,False,PHT001642.jpg
PHT001643,PRJ00804,Street Lighting,11.280672489521388,79.08990972289047,2026-01-31,False,PHT001643.jpg
PHT001644,PRJ00805,Drainage System,10.5091770946638,78.72188196670567,2026-08-07,False,PHT001644.jpg
PHT001645,PRJ00805,Drainage System,10.509126565552537,78.72205682707492,2026-08-17,False,PHT001645.jpg
PHT001646,PRJ00805,Drainage System,10.508843553091332,78.72143447960575,2026-08-20,False,PHT001646.jpg
PHT001647,PRJ00806,Street Lighting,11.050257245155755,79.23361424491922,2025-07-22,False,PHT001647.jpg
PHT001648,PRJ00806,Street Lighting,11.050248307973442,79.23380534390982,2026-01-31,False,PHT001648.jpg
PHT001649,PRJ00806,Street Lighting,11.049880818164944,79.234117327605,2025-10-05,False,PHT001649.jpg
PHT001650,PRJ00807,Public Toilet Complex,11.198373991470554,78.52767353345074,2026-07-27,False,PHT001650.jpg
PHT001651,PRJ00808,Borewell / Handpump,11.594895093462195,78.35138872574008,2026-08-19,False,PHT001651.jpg
PHT001652,PRJ00809,Drinking Water Supply,11.220385717132167,78.73558534493377,2026-08-25,False,PHT001652.jpg
PHT001653,PRJ00809,Drinking Water Supply,11.220633138535696,78.73586983813071,2026-08-13,False,PHT001653.jpg
PHT001654,PRJ00809,Drinking Water Supply,11.220204721590902,78.73591186672179,2026-08-25,False,PHT001654.jpg
PHT001655,PRJ00810,Library / Reading Room,11.391581723749336,78.43611675136462,2026-07-24,False,PHT001655.jpg
PHT001656,PRJ00810,Library / Reading Room,11.39157072534313,78.43574722475161,2025-09-14,False,PHT001656.jpg
PHT001657,PRJ00811,Borewell / Handpump,11.689069046582835,78.43318271297485,2025-11-14,False,PHT001657.jpg
PHT001658,PRJ00811,Borewell / Handpump,11.688504254321822,78.4334839824037,2025-12-05,False,PHT001658.jpg
PHT001659,PRJ00812,Road Construction,11.558583156049623,78.34416617341189,2025-12-11,False,PHT001659.jpg
PHT001660,PRJ00813,School Building Repair,11.62889855285495,78.15771633560588,2026-01-19,False,PHT001660.jpg
PHT001661,PRJ00813,School Building Repair,11.628494973873671,78.1574135771257,2026-04-02,False,PHT001661.jpg
PHT001662,PRJ00813,School Building Repair,11.628988172641648,78.15763262679103,2026-06-21,False,PHT001662.jpg
PHT001663,PRJ00814,Community Hall,10.963105261173656,79.19839725640915,2025-04-14,False,PHT001663.jpg
PHT001664,PRJ00814,Community Hall,10.962713912639948,79.19810974312018,2025-05-24,False,PHT001664.jpg
PHT001665,PRJ00815,Borewell / Handpump,10.587489447057594,79.35286408874028,2025-02-22,False,PHT001665.jpg
PHT001666,PRJ00815,Borewell / Handpump,10.58731340074688,79.3531243190281,2025-10-27,False,PHT001666.jpg
PHT001667,PRJ00816,Drinking Water Supply,11.17478235893604,78.76340538644027,2026-06-13,False,PHT001667.jpg
PHT001668,PRJ00816,Drinking Water Supply,11.174365078881376,78.76287452660989,2026-08-15,False,PHT001668.jpg
PHT001669,PRJ00816,Drinking Water Supply,11.174820903655355,78.76294652700291,2026-07-03,False,PHT001669.jpg
PHT001670,PRJ00817,Drainage System,11.367873614992265,78.13907815935788,2026-05-27,False,PHT001670.jpg
PHT001671,PRJ00818,Library / Reading Room,11.161790591034768,79.10902505292017,2025-07-21,False,PHT001671.jpg
PHT001672,PRJ00818,Library / Reading Room,11.16221187245523,79.10949597792921,2025-03-28,False,PHT001672.jpg
PHT001673,PRJ00818,Library / Reading Room,11.162089578342776,79.1095506975053,2024-11-08,False,PHT001673.jpg
PHT001674,PRJ00819,Road Construction,10.986709768465856,78.14967063677052,2026-02-22,False,PHT001674.jpg
PHT001675,PRJ00819,Road Construction,10.98690330957138,78.149501639464,2026-08-28,False,PHT001675.jpg
PHT001676,PRJ00819,Road Construction,10.986792291331495,78.14922709287663,2026-07-17,False,PHT001676.jpg
PHT001677,PRJ00820,Library / Reading Room,11.47406450311126,78.16666307588173,2026-01-12,False,PHT001677.jpg
PHT001678,PRJ00820,Library / Reading Room,11.47358293912016,78.16654073048258,2026-07-07,False,PHT001678.jpg
PHT001679,PRJ00821,Drainage System,11.27740777745821,79.26234149834507,2025-09-09,False,PHT001679.jpg
PHT001680,PRJ00821,Drainage System,11.2769887219562,79.26321061536753,2026-01-10,False,PHT001680.jpg
PHT001681,PRJ00822,School Building Repair,11.21089924641726,78.67851805788598,2026-01-26,False,PHT001681.jpg
PHT001682,PRJ00822,School Building Repair,11.210588075975638,78.67932644995734,2026-04-28,False,PHT001682.jpg
PHT001683,PRJ00823,Drainage System,11.009206509159908,78.95756421077954,2026-07-10,False,PHT001683.jpg
PHT001684,PRJ00823,Drainage System,11.009034458350415,78.9573840199621,2026-07-30,False,PHT001684.jpg
PHT001685,PRJ00824,Road Construction,10.946513245836751,78.13132762559306,2026-04-12,False,PHT001685.jpg
PHT001686,PRJ00824,Road Construction,10.945847295991433,78.13053302954981,2026-04-19,False,PHT001686.jpg
PHT001687,PRJ00824,Road Construction,10.946478190491714,78.13074703841876,2026-07-13,False,PHT001687.jpg
PHT001688,PRJ00825,Sports Infrastructure,10.601470908265366,79.06904629249796,2026-04-25,False,PHT001688.jpg
PHT001689,PRJ00826,Sports Infrastructure,11.339990529524066,78.6491528887844,2026-04-24,False,PHT001689.jpg
PHT001690,PRJ00826,Sports Infrastructure,11.339855342779112,78.64926641229923,2026-05-08,False,PHT001690.jpg
PHT001691,PRJ00826,Sports Infrastructure,11.340440604878587,78.64959411270405,2026-06-07,False,PHT001691.jpg
PHT001692,PRJ00827,Street Lighting,10.723821196422088,78.18011092235623,2024-07-24,False,PHT001692.jpg
PHT001693,PRJ00828,Sports Infrastructure,11.582073356323598,79.21161702994927,2026-08-27,False,PHT001693.jpg
PHT001694,PRJ00829,Drinking Water Supply,11.052249346148722,78.82877908513157,2026-08-01,False,PHT001694.jpg
PHT001695,PRJ00829,Drinking Water Supply,11.051735109190211,78.82845464301245,2026-08-16,False,PHT001695.jpg
PHT001696,PRJ00830,Borewell / Handpump,11.170784664726222,78.70366002782227,2026-05-12,False,PHT001696.jpg
PHT001697,PRJ00830,Borewell / Handpump,11.170467646702784,78.70359971166033,2026-08-02,False,PHT001697.jpg
PHT001698,PRJ00830,Borewell / Handpump,11.171252977187851,78.70377002683789,2026-05-23,False,PHT001698.jpg
PHT001699,PRJ00831,Community Hall,10.509926984984984,79.01361072492037,2025-05-08,False,PHT001699.jpg
PHT001700,PRJ00831,Community Hall,10.510377229267576,79.01323746300004,2025-03-23,False,PHT001700.jpg
PHT001701,PRJ00832,Community Hall,10.787967263661942,78.48825037221644,2026-08-08,False,PHT001701.jpg
PHT001702,PRJ00833,Drinking Water Supply,10.963962538489616,78.60442188316145,2026-01-17,False,PHT001702.jpg
PHT001703,PRJ00833,Drinking Water Supply,10.963553683983816,78.60391924491131,2025-12-09,False,PHT001703.jpg
PHT001704,PRJ00833,Drinking Water Supply,10.963283518493911,78.60401105588926,2025-12-20,False,PHT001704.jpg
PHT001705,PRJ00834,Road Construction,10.824738605185672,78.544134295431,2026-02-25,True,PHT001705.jpg
PHT001706,PRJ00834,Road Construction,10.824869684255852,78.54416810430402,2026-08-03,False,PHT001706.jpg
PHT001707,PRJ00834,Road Construction,10.824419382778952,78.54494483415124,2025-06-05,False,PHT001707.jpg
PHT001708,PRJ00835,Library / Reading Room,11.065223281095044,78.15849771973221,2026-07-24,False,PHT001708.jpg
PHT001709,PRJ00835,Library / Reading Room,11.0647026908113,78.15921621680015,2026-06-02,False,PHT001709.jpg
PHT001710,PRJ00836,Community Hall,11.52484990792233,78.9990665066954,2026-02-13,False,PHT001710.jpg
PHT001711,PRJ00836,Community Hall,11.52570112043596,78.99834997403579,2026-05-10,False,PHT001711.jpg
PHT001712,PRJ00837,School Building Repair,11.21589503443085,78.53912724646479,2025-03-14,False,PHT001712.jpg
PHT001713,PRJ00837,School Building Repair,11.215931090961396,78.53951829470478,2026-02-26,False,PHT001713.jpg
PHT001714,PRJ00837,School Building Repair,11.21554816511043,78.5392402517345,2025-05-25,False,PHT001714.jpg
PHT001715,PRJ00838,Drinking Water Supply,11.623641081821852,78.47027403296154,2025-03-25,False,PHT001715.jpg
PHT001716,PRJ00838,Drinking Water Supply,11.623812149441992,78.46992667365762,2025-09-25,False,PHT001716.jpg
PHT001717,PRJ00839,Sports Infrastructure,10.95819079562611,78.7977137560613,2025-09-21,False,PHT001717.jpg
PHT001718,PRJ00839,Sports Infrastructure,10.958052205114738,78.79768797132412,2025-03-02,False,PHT001718.jpg
PHT001719,PRJ00840,School Building Repair,11.33902866358642,78.59395891694408,2026-07-02,False,PHT001719.jpg
PHT001720,PRJ00841,Drainage System,23.38856585343434,88.00465708316936,2026-07-21,False,PHT001720.jpg
PHT001721,PRJ00841,Drainage System,23.38864947710837,88.00518090344532,2026-08-07,False,PHT001721.jpg
PHT001722,PRJ00841,Drainage System,23.38800680378209,88.0044610414827,2026-06-28,False,PHT001722.jpg
PHT001723,PRJ00842,Community Hall,23.373304010672605,87.62099459644362,2026-04-06,False,PHT001723.jpg
PHT001724,PRJ00842,Community Hall,23.37326100008276,87.62083822777832,2025-12-07,False,PHT001724.jpg
PHT001725,PRJ00842,Community Hall,23.373828982092984,87.62131778979898,2026-04-05,False,PHT001725.jpg
PHT001726,PRJ00843,Sports Infrastructure,22.406278501424698,88.33786511969122,2026-01-14,False,PHT001726.jpg
PHT001727,PRJ00844,Drainage System,22.46170046060376,87.65580970522647,2026-08-19,False,PHT001727.jpg
PHT001728,PRJ00844,Drainage System,22.46212165958564,87.65582882329203,2026-03-20,False,PHT001728.jpg
PHT001729,PRJ00845,Borewell / Handpump,22.697934196486106,88.19382776258499,2026-05-16,False,PHT001729.jpg
PHT001730,PRJ00845,Borewell / Handpump,22.698583641801445,88.19308383620307,2026-06-19,False,PHT001730.jpg
PHT001731,PRJ00845,Borewell / Handpump,22.6985469341848,88.1932674873493,2026-06-03,False,PHT001731.jpg
PHT001732,PRJ00846,Street Lighting,22.37573844618688,87.45789254811692,2026-02-03,False,PHT001732.jpg
PHT001733,PRJ00846,Street Lighting,22.376202613015924,87.45800954877147,2025-01-23,False,PHT001733.jpg
PHT001734,PRJ00847,Sports Infrastructure,23.086834016110263,87.57948218247161,2025-01-24,False,PHT001734.jpg
PHT001735,PRJ00848,Community Hall,22.95204701339184,87.38766434819584,2025-02-13,False,PHT001735.jpg
PHT001736,PRJ00848,Community Hall,22.95180323419285,87.3872779749883,2025-04-25,False,PHT001736.jpg
PHT001737,PRJ00849,Public Toilet Complex,23.18912872794165,88.09418363668469,2026-03-24,False,PHT001737.jpg
PHT001738,PRJ00849,Public Toilet Complex,23.18867197297049,88.09387304969026,2026-07-10,False,PHT001738.jpg
PHT001739,PRJ00850,Street Lighting,22.75513288273757,87.66305568353287,2025-10-12,False,PHT001739.jpg
PHT001740,PRJ00850,Street Lighting,22.75430041667193,87.66342929761373,2026-05-17,False,PHT001740.jpg
PHT001741,PRJ00850,Street Lighting,22.7546198099892,87.66350067586748,2026-05-17,False,PHT001741.jpg
PHT001742,PRJ00851,Drainage System,23.3843633422814,87.41782087363784,2026-04-05,False,PHT001742.jpg
PHT001743,PRJ00852,School Building Repair,22.4067765259876,87.82570599393334,2026-07-22,False,PHT001743.jpg
PHT001744,PRJ00853,Drainage System,23.015351642070623,87.40716666341005,2026-02-18,True,PHT001744.jpg
PHT001745,PRJ00853,Drainage System,23.01507471984806,87.40764374319602,2026-02-14,False,PHT001745.jpg
PHT001746,PRJ00853,Drainage System,23.01484995986392,87.40781376230186,2026-02-24,False,PHT001746.jpg
PHT001747,PRJ00854,Drainage System,22.713468374177022,87.49280866663499,2026-06-02,False,PHT001747.jpg
PHT001748,PRJ00855,Drinking Water Supply,22.435957531876923,87.9846265856262,2025-06-16,False,PHT001748.jpg
PHT001749,PRJ00855,Drinking Water Supply,22.43633342567181,87.98461686820437,2025-07-26,False,PHT001749.jpg
PHT001750,PRJ00856,Drainage System,22.64531689343815,87.96927808874729,2026-03-31,False,PHT001750.jpg
PHT001751,PRJ00856,Drainage System,22.644428477951305,87.96954420090675,2026-06-23,False,PHT001751.jpg
PHT001752,PRJ00856,Drainage System,22.64515651919024,87.96910481628605,2026-04-18,False,PHT001752.jpg
PHT001753,PRJ00857,School Building Repair,22.63622286321209,87.49186112734886,2026-05-14,False,PHT001753.jpg
PHT001754,PRJ00858,Library / Reading Room,22.57915216368396,88.35728763464566,2026-02-27,False,PHT001754.jpg
PHT001755,PRJ00858,Library / Reading Room,22.57909890632215,88.35751546761014,2025-12-21,False,PHT001755.jpg
PHT001756,PRJ00859,Street Lighting,22.6447035862512,88.18373754333537,2026-08-23,False,PHT001756.jpg
PHT001757,PRJ00859,Street Lighting,22.64479711157045,88.1839095326176,2026-03-26,False,PHT001757.jpg
PHT001758,PRJ00859,Street Lighting,22.64428586710338,88.18445289130426,2026-08-02,False,PHT001758.jpg
PHT001759,PRJ00860,Community Hall,22.904134444388205,87.6789647576023,2025-07-08,False,PHT001759.jpg
PHT001760,PRJ00860,Community Hall,22.903295087611216,87.67927440035871,2025-10-19,False,PHT001760.jpg
PHT001761,PRJ00861,Road Construction,22.96061334637133,88.29147363095333,2026-02-12,False,PHT001761.jpg
PHT001762,PRJ00862,Library / Reading Room,23.45344366626669,87.67498731645212,2026-07-03,False,PHT001762.jpg
PHT001763,PRJ00862,Library / Reading Room,23.453467285549262,87.67541684371065,2026-07-09,False,PHT001763.jpg
PHT001764,PRJ00862,Library / Reading Room,23.453614483008067,87.67566408407495,2026-07-01,False,PHT001764.jpg
PHT001765,PRJ00863,Sports Infrastructure,22.902287605100994,88.12510126490585,2025-09-30,False,PHT001765.jpg
PHT001766,PRJ00863,Sports Infrastructure,22.902533867039853,88.12478935163482,2025-09-24,False,PHT001766.jpg
PHT001767,PRJ00863,Sports Infrastructure,22.90245442296033,88.12533997424838,2025-06-06,False,PHT001767.jpg
PHT001768,PRJ00864,Drinking Water Supply,22.582576681135144,88.41918526562873,2025-12-30,False,PHT001768.jpg
PHT001769,PRJ00864,Drinking Water Supply,22.582220066373747,88.4185765388219,2025-03-25,False,PHT001769.jpg
PHT001770,PRJ00865,School Building Repair,22.55805577968444,88.27308993088623,2026-05-02,False,PHT001770.jpg
PHT001771,PRJ00865,School Building Repair,22.55801882504886,88.27295562396687,2026-08-18,False,PHT001771.jpg
PHT001772,PRJ00866,Drinking Water Supply,22.406456189463903,87.91353540377477,2024-12-29,False,PHT001772.jpg
PHT001773,PRJ00867,Library / Reading Room,23.46206001487313,88.3979547141336,2026-08-02,False,PHT001773.jpg
PHT001774,PRJ00867,Library / Reading Room,23.46123175825954,88.39803530987501,2026-06-14,False,PHT001774.jpg
PHT001775,PRJ00867,Library / Reading Room,23.461389823026213,88.39777475008353,2026-08-06,False,PHT001775.jpg
PHT001776,PRJ00868,Public Toilet Complex,22.79982065215108,87.83901199748259,2026-07-25,False,PHT001776.jpg
PHT001777,PRJ00868,Public Toilet Complex,22.799280122071423,87.83854585789418,2025-05-18,False,PHT001777.jpg
PHT001778,PRJ00869,Borewell / Handpump,23.237928321659265,87.32293557215147,2026-07-24,False,PHT001778.jpg
PHT001779,PRJ00869,Borewell / Handpump,23.23737838732199,87.32314913358998,2025-12-26,False,PHT001779.jpg
PHT001780,PRJ00869,Borewell / Handpump,23.237375878789766,87.3236693636828,2025-12-22,False,PHT001780.jpg
PHT001781,PRJ00870,Street Lighting,22.38619432747305,88.39033839962981,2025-01-28,False,PHT001781.jpg
PHT001782,PRJ00871,Drainage System,22.993359640640783,88.44932721839326,2026-07-11,False,PHT001782.jpg
PHT001783,PRJ00872,Drainage System,22.821550049220622,87.5311817979914,2026-06-29,False,PHT001783.jpg
PHT001784,PRJ00873,Road Construction,22.685666106959832,87.85834339160742,2025-05-07,False,PHT001784.jpg
PHT001785,PRJ00874,School Building Repair,22.91171952304185,87.8528781277374,2025-05-14,False,PHT001785.jpg
PHT001786,PRJ00875,Library / Reading Room,22.30465998907025,87.68451924453572,2025-11-08,False,PHT001786.jpg
PHT001787,PRJ00875,Library / Reading Room,22.304222665009984,87.68389054906288,2025-11-20,False,PHT001787.jpg
PHT001788,PRJ00875,Library / Reading Room,22.30469830313733,87.68433087870405,2026-03-10,False,PHT001788.jpg
PHT001789,PRJ00876,Library / Reading Room,22.506210770777795,87.486903544138,2025-09-01,False,PHT001789.jpg
PHT001790,PRJ00876,Library / Reading Room,22.50646434152402,87.48741782757358,2025-04-11,False,PHT001790.jpg
PHT001791,PRJ00876,Library / Reading Room,22.50634054827233,87.48720548842996,2025-08-27,False,PHT001791.jpg
PHT001792,PRJ00877,School Building Repair,23.39298856536328,88.03829817500096,2026-05-29,False,PHT001792.jpg
PHT001793,PRJ00878,Drinking Water Supply,22.347852876111983,87.78315221251847,2026-07-08,False,PHT001793.jpg
PHT001794,PRJ00878,Drinking Water Supply,22.347480515136084,87.78384773188037,2026-05-30,False,PHT001794.jpg
PHT001795,PRJ00879,Public Toilet Complex,23.53070510369232,87.98068597407337,2026-02-06,False,PHT001795.jpg
PHT001796,PRJ00879,Public Toilet Complex,23.53039716753448,87.98050847136885,2026-07-27,False,PHT001796.jpg
PHT001797,PRJ00880,Borewell / Handpump,22.464196426177537,87.57454874045838,2025-06-15,False,PHT001797.jpg
PHT001798,PRJ00881,Borewell / Handpump,25.008347393087696,85.48375800041559,2026-02-18,False,PHT001798.jpg
PHT001799,PRJ00881,Borewell / Handpump,25.00876018610723,85.4833099817999,2026-05-10,False,PHT001799.jpg
PHT001800,PRJ00881,Borewell / Handpump,25.00840948055059,85.48374282312547,2026-04-30,False,PHT001800.jpg
PHT001801,PRJ00882,Community Hall,25.63804578763046,84.97917059141618,2025-05-12,False,PHT001801.jpg
PHT001802,PRJ00882,Community Hall,25.637825186889724,84.97990808017117,2025-10-23,False,PHT001802.jpg
PHT001803,PRJ00882,Community Hall,25.63711240160901,84.97916333015927,2025-03-23,False,PHT001803.jpg
PHT001804,PRJ00883,Community Hall,25.434147293705006,85.29303853255367,2025-11-13,False,PHT001804.jpg
PHT001805,PRJ00883,Community Hall,25.434590664729367,85.29212513763001,2026-03-04,False,PHT001805.jpg
PHT001806,PRJ00884,Library / Reading Room,25.52313595612515,85.39795166002888,2025-04-24,False,PHT001806.jpg
PHT001807,PRJ00884,Library / Reading Room,25.523147436020224,85.39889692149129,2025-02-20,False,PHT001807.jpg
PHT001808,PRJ00885,Street Lighting,26.001992779615367,85.5115283155492,2026-07-10,False,PHT001808.jpg
PHT001809,PRJ00885,Street Lighting,26.00244136750088,85.51150929831466,2026-04-30,False,PHT001809.jpg
PHT001810,PRJ00885,Street Lighting,26.00214437584987,85.51065144312695,2026-04-18,False,PHT001810.jpg
PHT001811,PRJ00886,Borewell / Handpump,26.136592018542267,84.78886033532098,2026-07-04,False,PHT001811.jpg
PHT001812,PRJ00886,Borewell / Handpump,26.136528751329983,84.78860846914124,2026-08-05,False,PHT001812.jpg
PHT001813,PRJ00887,Road Construction,26.09385182243091,84.91445418510362,2026-06-23,False,PHT001813.jpg
PHT001814,PRJ00888,Drinking Water Supply,25.420688818806106,84.95242331243838,2026-02-19,False,PHT001814.jpg
PHT001815,PRJ00889,School Building Repair,25.335490871752235,84.73013587641505,2026-03-16,False,PHT001815.jpg
PHT001816,PRJ00889,School Building Repair,25.335499562102427,84.72943559787034,2026-07-18,False,PHT001816.jpg
PHT001817,PRJ00890,Public Toilet Complex,25.74489838074901,85.427710351304,2025-01-22,False,PHT001817.jpg
PHT001818,PRJ00891,Borewell / Handpump,25.8001903387635,84.84156819972382,2025-08-01,False,PHT001818.jpg
PHT001819,PRJ00891,Borewell / Handpump,25.80011795047564,84.84141043286236,2026-05-08,False,PHT001819.jpg
PHT001820,PRJ00892,Drainage System,25.6452566319146,85.29647473945991,2025-12-24,False,PHT001820.jpg
PHT001821,PRJ00892,Drainage System,25.645572027637755,85.29661181309687,2025-06-08,False,PHT001821.jpg
PHT001822,PRJ00892,Drainage System,25.645727726401056,85.29628450269372,2024-12-27,False,PHT001822.jpg
PHT001823,PRJ00893,Street Lighting,25.875288616951583,84.52403678295458,2026-04-11,False,PHT001823.jpg
PHT001824,PRJ00894,Street Lighting,25.58033753504011,85.08809237549417,2026-07-31,False,PHT001824.jpg
PHT001825,PRJ00894,Street Lighting,25.5801299888842,85.08824228955544,2026-06-08,False,PHT001825.jpg
PHT001826,PRJ00895,Drinking Water Supply,25.6238401677309,85.31228075166554,2025-09-29,False,PHT001826.jpg
PHT001827,PRJ00896,Public Toilet Complex,25.21997268555645,84.93843255665435,2026-07-17,False,PHT001827.jpg
PHT001828,PRJ00897,Community Hall,25.88563106703604,84.9024959071935,2025-02-05,False,PHT001828.jpg
PHT001829,PRJ00897,Community Hall,25.88623346833992,84.90230081630149,2025-10-01,False,PHT001829.jpg
PHT001830,PRJ00897,Community Hall,25.885702875572324,84.90247444563403,2026-05-04,False,PHT001830.jpg
PHT001831,PRJ00898,Sports Infrastructure,25.43097096277093,84.67826056120991,2026-07-31,False,PHT001831.jpg
PHT001832,PRJ00898,Sports Infrastructure,25.431085197251345,84.67806911239079,2026-08-25,False,PHT001832.jpg
PHT001833,PRJ00898,Sports Infrastructure,25.43049552155,84.6780189413974,2026-08-08,False,PHT001833.jpg
PHT001834,PRJ00899,Sports Infrastructure,25.283852937305028,85.56807870798241,2026-08-28,False,PHT001834.jpg
PHT001835,PRJ00899,Sports Infrastructure,25.28395376949137,85.5675896406548,2026-08-27,False,PHT001835.jpg
PHT001836,PRJ00899,Sports Infrastructure,25.284312736745733,85.56784446842552,2026-08-27,False,PHT001836.jpg
PHT001837,PRJ00900,Drinking Water Supply,25.080431169910447,84.53334730012274,2026-07-17,False,PHT001837.jpg
PHT001838,PRJ00900,Drinking Water Supply,25.080217312273543,84.53380200748211,2026-07-21,False,PHT001838.jpg
PHT001839,PRJ00901,Library / Reading Room,25.489195448817284,84.7291915415356,2025-12-26,False,PHT001839.jpg
PHT001840,PRJ00901,Library / Reading Room,25.489378925163543,84.72937090142578,2026-08-28,False,PHT001840.jpg
PHT001841,PRJ00901,Library / Reading Room,25.48997441443757,84.72991690181496,2026-08-03,False,PHT001841.jpg
PHT001842,PRJ00902,Street Lighting,26.08879693588032,84.6467750769578,2025-10-09,False,PHT001842.jpg
PHT001843,PRJ00902,Street Lighting,26.089286116911307,84.64715755186229,2025-10-10,False,PHT001843.jpg
PHT001844,PRJ00902,Street Lighting,26.08883299382921,84.64698471176393,2026-02-10,False,PHT001844.jpg
PHT001845,PRJ00903,Sports Infrastructure,26.13453572772855,84.83908156613295,2026-07-26,False,PHT001845.jpg
PHT001846,PRJ00904,Road Construction,25.15148136756032,85.6351783726748,2026-08-21,False,PHT001846.jpg
PHT001847,PRJ00904,Road Construction,25.151947575703964,85.6344889528673,2026-06-09,False,PHT001847.jpg
PHT001848,PRJ00904,Road Construction,25.15151690542553,85.63486355428996,2026-07-23,False,PHT001848.jpg
PHT001849,PRJ00905,Drinking Water Supply,25.905020709050824,84.76248340471128,2026-02-18,False,PHT001849.jpg
PHT001850,PRJ00905,Drinking Water Supply,25.904268411037886,84.7632651075984,2026-08-16,False,PHT001850.jpg
PHT001851,PRJ00905,Drinking Water Supply,25.90455470168189,84.76247501029773,2026-06-15,False,PHT001851.jpg
PHT001852,PRJ00906,Drainage System,25.393582141350493,85.46044667082661,2026-07-13,False,PHT001852.jpg
PHT001853,PRJ00907,School Building Repair,26.032172831889785,85.04996185384913,2026-06-01,False,PHT001853.jpg
PHT001854,PRJ00908,Drainage System,25.11597951350512,85.07135250603599,2025-02-04,False,PHT001854.jpg
PHT001855,PRJ00909,Street Lighting,25.49127519102693,85.43566818519652,2025-04-30,False,PHT001855.jpg
PHT001856,PRJ00909,Street Lighting,25.49117085464968,85.43614304198455,2025-10-19,False,PHT001856.jpg
PHT001857,PRJ00909,Street Lighting,25.491581571724304,85.43598918100103,2025-07-22,False,PHT001857.jpg
PHT001858,PRJ00910,Borewell / Handpump,25.72642023842964,85.17184523281352,2026-08-24,False,PHT001858.jpg
PHT001859,PRJ00911,School Building Repair,25.919328617230008,85.61908258094462,2024-08-31,False,PHT001859.jpg
PHT001860,PRJ00911,School Building Repair,25.91954233992442,85.61928442639442,2025-11-16,False,PHT001860.jpg
PHT001861,PRJ00912,Borewell / Handpump,26.12128232061164,84.72007817864565,2026-06-06,False,PHT001861.jpg
PHT001862,PRJ00912,Borewell / Handpump,26.12073571798553,84.72035981748058,2026-03-16,False,PHT001862.jpg
PHT001863,PRJ00912,Borewell / Handpump,26.1211411495726,84.72070556894334,2026-05-12,False,PHT001863.jpg
PHT001864,PRJ00913,Street Lighting,25.32043242986157,85.11057683342764,2026-07-24,False,PHT001864.jpg
PHT001865,PRJ00914,Street Lighting,26.09451723183962,85.6357005385699,2026-06-27,False,PHT001865.jpg
PHT001866,PRJ00914,Street Lighting,26.094850685325177,85.63535040211589,2026-02-28,False,PHT001866.jpg
PHT001867,PRJ00915,Library / Reading Room,26.031621922435683,84.6321489374933,2025-12-12,False,PHT001867.jpg
PHT001868,PRJ00915,Library / Reading Room,26.03122735640477,84.6322311108919,2024-09-03,False,PHT001868.jpg
PHT001869,PRJ00915,Library / Reading Room,26.03132173617682,84.63228564961159,2025-08-27,False,PHT001869.jpg
PHT001870,PRJ00916,Drinking Water Supply,25.69006711165223,85.12145828262729,2026-02-02,False,PHT001870.jpg
PHT001871,PRJ00917,Public Toilet Complex,25.195978182120623,85.47447159587516,2026-01-27,False,PHT001871.jpg
PHT001872,PRJ00918,School Building Repair,25.307340449194303,84.72868528408176,2025-08-31,False,PHT001872.jpg
PHT001873,PRJ00918,School Building Repair,25.30801875432337,84.72809750385831,2025-11-18,False,PHT001873.jpg
PHT001874,PRJ00918,School Building Repair,25.307479047791944,84.72832202345228,2026-01-30,False,PHT001874.jpg
PHT001875,PRJ00919,Drinking Water Supply,25.384486055743423,85.65691566241814,2026-08-06,False,PHT001875.jpg
PHT001876,PRJ00919,Drinking Water Supply,25.38515955871447,85.65705901675291,2025-10-03,False,PHT001876.jpg
PHT001877,PRJ00919,Drinking Water Supply,25.384679886606484,85.6567160483547,2025-04-30,False,PHT001877.jpg
PHT001878,PRJ00920,Sports Infrastructure,25.910507358134456,85.22686078517302,2026-07-16,False,PHT001878.jpg
PHT001879,PRJ00921,Public Toilet Complex,22.353441582222,70.94053162492767,2024-10-20,False,PHT001879.jpg
PHT001880,PRJ00922,School Building Repair,21.78110513161409,71.75323348945025,2026-06-02,False,PHT001880.jpg
PHT001881,PRJ00923,Sports Infrastructure,21.986069824328204,71.47182326036884,2026-08-12,False,PHT001881.jpg
PHT001882,PRJ00923,Sports Infrastructure,21.98628745824872,71.47172048929313,2026-08-23,False,PHT001882.jpg
PHT001883,PRJ00923,Sports Infrastructure,21.98585634874744,71.47187253659334,2026-08-15,False,PHT001883.jpg
PHT001884,PRJ00924,Road Construction,22.485589360304004,71.1313255702034,2025-03-10,False,PHT001884.jpg
PHT001885,PRJ00925,Drinking Water Supply,21.781502113213435,70.8327195671951,2026-07-08,False,PHT001885.jpg
PHT001886,PRJ00925,Drinking Water Supply,21.78115792005609,70.83238574449425,2026-05-23,False,PHT001886.jpg
PHT001887,PRJ00926,Street Lighting,22.733546892161165,71.73035890086669,2025-08-06,False,PHT001887.jpg
PHT001888,PRJ00927,Community Hall,22.27116824209861,71.71957155720297,2025-11-17,False,PHT001888.jpg
PHT001889,PRJ00927,Community Hall,22.27019224937979,71.71955428780015,2026-03-07,False,PHT001889.jpg
PHT001890,PRJ00928,Drainage System,21.750927796709068,71.19597747603783,2026-03-09,False,PHT001890.jpg
PHT001891,PRJ00928,Drainage System,21.75032810842292,71.19583619403605,2026-08-09,False,PHT001891.jpg
PHT001892,PRJ00928,Drainage System,21.750721231287063,71.19573599744729,2025-11-17,False,PHT001892.jpg
PHT001893,PRJ00929,Library / Reading Room,22.750317527694666,71.44562665449786,2026-08-03,False,PHT001893.jpg
PHT001894,PRJ00930,Road Construction,22.292025988387223,71.29524584790849,2026-04-30,False,PHT001894.jpg
PHT001895,PRJ00930,Road Construction,22.29160895909025,71.29498803468684,2026-04-30,False,PHT001895.jpg
PHT001896,PRJ00930,Road Construction,22.29203199507021,71.2947476531854,2026-07-29,False,PHT001896.jpg
PHT001897,PRJ00931,Sports Infrastructure,22.42531711034661,70.74511678745576,2026-07-13,False,PHT001897.jpg
PHT001898,PRJ00932,Sports Infrastructure,22.21732677496108,70.81023678701825,2025-05-10,False,PHT001898.jpg
PHT001899,PRJ00933,Public Toilet Complex,22.138630571595897,71.43366685294623,2026-08-19,False,PHT001899.jpg
PHT001900,PRJ00934,Public Toilet Complex,21.99957778380686,70.67903405120714,2026-04-22,False,PHT001900.jpg
PHT001901,PRJ00934,Public Toilet Complex,21.99964061877131,70.67854664477694,2025-06-24,False,PHT001901.jpg
PHT001902,PRJ00935,Community Hall,22.86521038254737,70.81086064933461,2026-03-19,False,PHT001902.jpg
PHT001903,PRJ00935,Community Hall,22.8647174820867,70.8109890141935,2025-11-12,False,PHT001903.jpg
PHT001904,PRJ00935,Community Hall,22.86464167843773,70.81099248007317,2026-02-16,False,PHT001904.jpg
PHT001905,PRJ00936,Street Lighting,22.282100527954167,71.25173634845032,2026-03-31,False,PHT001905.jpg
PHT001906,PRJ00936,Street Lighting,22.28222219763914,71.25221568433342,2026-08-08,False,PHT001906.jpg
PHT001907,PRJ00936,Street Lighting,22.28184318479753,71.25183066101255,2026-02-18,False,PHT001907.jpg
PHT001908,PRJ00937,Sports Infrastructure,22.52809229440869,71.06838170080704,2026-06-01,False,PHT001908.jpg
PHT001909,PRJ00938,School Building Repair,22.498683415912545,70.94356349836575,2026-07-17,False,PHT001909.jpg
PHT001910,PRJ00939,Community Hall,21.85330067773992,71.36757378460473,2026-08-16,False,PHT001910.jpg
PHT001911,PRJ00940,Drainage System,22.36931598790626,70.90695953087199,2025-07-07,False,PHT001911.jpg
PHT001912,PRJ00940,Drainage System,22.36841648808378,70.90743184435743,2026-07-09,False,PHT001912.jpg
PHT001913,PRJ00941,Street Lighting,22.74528693534504,71.79882294357543,2026-04-29,False,PHT001913.jpg
PHT001914,PRJ00941,Street Lighting,22.746027614235143,71.79883286022402,2026-08-14,False,PHT001914.jpg
PHT001915,PRJ00942,Street Lighting,22.79642167314101,71.04180492853378,2026-04-17,False,PHT001915.jpg
PHT001916,PRJ00942,Street Lighting,22.79646050188112,71.04145642572828,2026-06-11,False,PHT001916.jpg
PHT001917,PRJ00942,Street Lighting,22.79682871704148,71.0422019746047,2026-02-18,False,PHT001917.jpg
PHT001918,PRJ00943,Street Lighting,22.10099428947331,71.58134497351817,2026-08-04,False,PHT001918.jpg
PHT001919,PRJ00943,Street Lighting,22.10103444894127,71.58110876066608,2026-08-06,False,PHT001919.jpg
PHT001920,PRJ00943,Street Lighting,22.10122749906869,71.58099450620242,2026-08-27,False,PHT001920.jpg
PHT001921,PRJ00944,Community Hall,22.500914255364112,70.6158020164307,2024-11-03,False,PHT001921.jpg
PHT001922,PRJ00944,Community Hall,22.500982529548867,70.61516832703597,2025-11-27,False,PHT001922.jpg
PHT001923,PRJ00945,Public Toilet Complex,22.184237222735234,71.41415248757906,2026-07-12,False,PHT001923.jpg
PHT001924,PRJ00945,Public Toilet Complex,22.18425065309165,71.41390883331987,2026-02-08,False,PHT001924.jpg
PHT001925,PRJ00946,Public Toilet Complex,22.17690452226901,71.00397135953881,2025-12-16,False,PHT001925.jpg
PHT001926,PRJ00947,School Building Repair,22.50206071513828,71.25154209279151,2025-11-15,False,PHT001926.jpg
PHT001927,PRJ00947,School Building Repair,22.5024173125614,71.2513742326328,2024-12-19,False,PHT001927.jpg
PHT001928,PRJ00947,School Building Repair,22.50220594086451,71.25110867530313,2025-07-02,False,PHT001928.jpg
PHT001929,PRJ00948,Drinking Water Supply,22.198026255540952,70.99277994013127,2025-06-10,False,PHT001929.jpg
PHT001930,PRJ00948,Drinking Water Supply,22.19809686797316,70.99235749852733,2026-01-08,False,PHT001930.jpg
PHT001931,PRJ00948,Drinking Water Supply,22.198370159287386,70.99203653847069,2025-05-25,False,PHT001931.jpg
PHT001932,PRJ00949,Sports Infrastructure,22.68486427150763,70.94213815746414,2026-02-27,False,PHT001932.jpg
PHT001933,PRJ00949,Sports Infrastructure,22.684443374007287,70.94210232677422,2026-06-18,False,PHT001933.jpg
PHT001934,PRJ00949,Sports Infrastructure,22.684364585794047,70.94220605434796,2026-05-24,False,PHT001934.jpg
PHT001935,PRJ00950,Sports Infrastructure,22.435180237391364,71.30292494076667,2025-07-11,False,PHT001935.jpg
PHT001936,PRJ00951,Borewell / Handpump,22.26879396818645,71.51617493721399,2026-03-19,False,PHT001936.jpg
PHT001937,PRJ00951,Borewell / Handpump,22.268273392618017,71.51604683788125,2026-04-30,False,PHT001937.jpg
PHT001938,PRJ00952,Public Toilet Complex,21.75641793449629,71.53517668888144,2026-03-24,False,PHT001938.jpg
PHT001939,PRJ00953,Street Lighting,22.494360235173872,71.15822627702713,2025-09-23,False,PHT001939.jpg
PHT001940,PRJ00954,Library / Reading Room,22.58277701461534,71.39675815168775,2026-08-10,False,PHT001940.jpg
PHT001941,PRJ00954,Library / Reading Room,22.582688924457923,71.39645245517828,2026-08-26,False,PHT001941.jpg
PHT001942,PRJ00954,Library / Reading Room,22.582736330753303,71.39677856521163,2026-07-04,False,PHT001942.jpg
PHT001943,PRJ00955,Street Lighting,21.766357949181003,71.58452779766218,2026-08-10,False,PHT001943.jpg
PHT001944,PRJ00956,Drainage System,21.71024072220181,70.80234039473626,2026-04-05,False,PHT001944.jpg
PHT001945,PRJ00956,Drainage System,21.709795438490747,70.80241772334105,2025-12-16,False,PHT001945.jpg
PHT001946,PRJ00957,Drainage System,21.701637960286845,70.74398187973225,2026-04-30,False,PHT001946.jpg
PHT001947,PRJ00958,Borewell / Handpump,21.93072592936616,71.60775791647386,2025-06-29,False,PHT001947.jpg
PHT001948,PRJ00959,Street Lighting,21.71429715426972,71.79710358517431,2026-06-25,False,PHT001948.jpg
PHT001949,PRJ00959,Street Lighting,21.714318698504776,71.79680080771695,2026-04-18,False,PHT001949.jpg
PHT001950,PRJ00960,Sports Infrastructure,22.08397181762364,71.4039618336999,2026-07-15,False,PHT001950.jpg
PHT001951,PRJ00961,Borewell / Handpump,21.38189218878597,84.97706179228679,2026-07-26,False,PHT001951.jpg
PHT001952,PRJ00961,Borewell / Handpump,21.38265650573996,84.97703066881462,2026-05-08,False,PHT001952.jpg
PHT001953,PRJ00962,Public Toilet Complex,21.33358670072335,85.17869406130029,2026-05-03,False,PHT001953.jpg
PHT001954,PRJ00963,Sports Infrastructure,21.381697891394666,85.40037779664799,2026-08-24,False,PHT001954.jpg
PHT001955,PRJ00963,Sports Infrastructure,21.3815877964296,85.40105644971024,2025-11-11,False,PHT001955.jpg
PHT001956,PRJ00963,Sports Infrastructure,21.38158686539392,85.40034621993725,2026-06-27,False,PHT001956.jpg
PHT001957,PRJ00964,School Building Repair,20.35228562409303,84.89214335806683,2025-08-11,False,PHT001957.jpg
PHT001958,PRJ00964,School Building Repair,20.35218445316943,84.89192749367855,2025-07-15,False,PHT001958.jpg
PHT001959,PRJ00965,Community Hall,20.615461443988327,84.69739856584339,2025-08-17,False,PHT001959.jpg
PHT001960,PRJ00965,Community Hall,20.615299439251263,84.69744596827758,2025-09-04,False,PHT001960.jpg
PHT001961,PRJ00965,Community Hall,20.61554762177104,84.69734020984956,2025-04-10,False,PHT001961.jpg
PHT001962,PRJ00966,Public Toilet Complex,20.38650335778513,84.67686837676702,2026-08-04,False,PHT001962.jpg
PHT001963,PRJ00967,Drainage System,21.103135423696173,85.07267991170022,2025-04-27,False,PHT001963.jpg
PHT001964,PRJ00967,Drainage System,21.1031947675382,85.07227225591465,2026-02-22,False,PHT001964.jpg
PHT001965,PRJ00968,School Building Repair,20.7294822762519,84.83292237540662,2026-08-08,False,PHT001965.jpg
PHT001966,PRJ00969,Library / Reading Room,20.973429249394915,85.55893486813254,2025-09-15,False,PHT001966.jpg
PHT001967,PRJ00969,Library / Reading Room,20.973522124884774,85.5592203339092,2025-08-17,False,PHT001967.jpg
PHT001968,PRJ00969,Library / Reading Room,20.973559660107693,85.55924211577167,2025-08-28,False,PHT001968.jpg
PHT001969,PRJ00970,Sports Infrastructure,20.36391811713061,85.62544643605536,2025-11-10,False,PHT001969.jpg
PHT001970,PRJ00971,Drainage System,20.67425795542324,84.86759904707965,2025-06-01,False,PHT001970.jpg
PHT001971,PRJ00972,Community Hall,21.113486025636803,84.99718501469934,2025-12-19,False,PHT001971.jpg
PHT001972,PRJ00973,Borewell / Handpump,20.72619875321475,84.55870789643357,2026-08-12,False,PHT001972.jpg
PHT001973,PRJ00973,Borewell / Handpump,20.72672776693792,84.55893331297575,2026-08-21,False,PHT001973.jpg
PHT001974,PRJ00973,Borewell / Handpump,20.726338410361137,84.55936556651835,2026-08-20,False,PHT001974.jpg
PHT001975,PRJ00974,Library / Reading Room,20.34009278141795,84.94052660099042,2026-07-08,False,PHT001975.jpg
PHT001976,PRJ00974,Library / Reading Room,20.339723549907347,84.93977970446119,2026-07-20,False,PHT001976.jpg
PHT001977,PRJ00974,Library / Reading Room,20.34044785132118,84.94014719082908,2026-06-08,False,PHT001977.jpg
PHT001978,PRJ00975,Borewell / Handpump,21.40690093296285,85.01101111577428,2025-06-08,False,PHT001978.jpg
PHT001979,PRJ00975,Borewell / Handpump,21.406377481257568,85.01153327924237,2025-07-13,False,PHT001979.jpg
PHT001980,PRJ00976,School Building Repair,20.55471812666453,84.67504615033798,2025-11-21,False,PHT001980.jpg
PHT001981,PRJ00977,Drainage System,21.06052934296383,85.59770157674058,2026-07-01,False,PHT001981.jpg
PHT001982,PRJ00978,Borewell / Handpump,21.183026641155063,84.86159128639383,2026-06-22,False,PHT001982.jpg
PHT001983,PRJ00978,Borewell / Handpump,21.18267028477233,84.86142862104793,2026-06-01,False,PHT001983.jpg
PHT001984,PRJ00979,Street Lighting,20.489986144470464,85.32589247608793,2026-07-13,False,PHT001984.jpg
PHT001985,PRJ00980,Community Hall,21.35855287454468,85.56973862153649,2026-06-12,False,PHT001985.jpg
PHT001986,PRJ00981,Community Hall,21.09089941654912,85.24930078556211,2026-04-14,False,PHT001986.jpg
PHT001987,PRJ00982,Road Construction,20.598387540091498,84.88978968716596,2026-08-15,False,PHT001987.jpg
PHT001988,PRJ00983,School Building Repair,20.921698109646226,85.04674174771203,2026-08-20,False,PHT001988.jpg
PHT001989,PRJ00984,School Building Repair,20.71063658698052,85.60918944560981,2026-08-15,False,PHT001989.jpg
PHT001990,PRJ00984,School Building Repair,20.71058417438561,85.60930884812129,2026-08-22,False,PHT001990.jpg
PHT001991,PRJ00984,School Building Repair,20.71072391897324,85.60947044620569,2026-08-22,False,PHT001991.jpg
PHT001992,PRJ00985,Borewell / Handpump,21.082824988231195,85.37305352207193,2026-08-29,False,PHT001992.jpg
PHT001993,PRJ00985,Borewell / Handpump,21.08251582023481,85.37238161724231,2026-08-29,False,PHT001993.jpg
PHT001994,PRJ00985,Borewell / Handpump,21.08239977390266,85.37295286693916,2026-08-29,False,PHT001994.jpg
PHT001995,PRJ00986,Road Construction,20.34562848838995,84.64726864284887,2025-11-03,False,PHT001995.jpg
PHT001996,PRJ00986,Road Construction,20.34561496170816,84.6480135221096,2024-07-29,False,PHT001996.jpg
PHT001997,PRJ00986,Road Construction,20.345388960918942,84.64786159828672,2025-03-31,False,PHT001997.jpg
PHT001998,PRJ00987,Public Toilet Complex,20.608509647465706,84.5254088740636,2026-05-12,False,PHT001998.jpg
PHT001999,PRJ00987,Public Toilet Complex,20.608691668675625,84.52475391610477,2026-04-24,False,PHT001999.jpg
PHT002000,PRJ00988,Public Toilet Complex,21.386676345619925,85.18003142681134,2026-03-09,False,PHT002000.jpg
PHT002001,PRJ00988,Public Toilet Complex,21.387438270597205,85.18032013067028,2026-03-25,False,PHT002001.jpg
PHT002002,PRJ00989,Borewell / Handpump,21.433066113978622,84.90268778335052,2025-08-30,False,PHT002002.jpg
PHT002003,PRJ00989,Borewell / Handpump,21.433040947855243,84.90327636681923,2026-05-20,False,PHT002003.jpg
PHT002004,PRJ00989,Borewell / Handpump,21.43281699975905,84.90335755409662,2026-04-11,False,PHT002004.jpg
PHT002005,PRJ00990,Library / Reading Room,20.490407393378373,85.04650813022641,2026-01-26,False,PHT002005.jpg
PHT002006,PRJ00990,Library / Reading Room,20.49004576444211,85.04729164788493,2025-08-11,False,PHT002006.jpg
PHT002007,PRJ00991,School Building Repair,20.38071221801997,85.05747318530771,2025-08-03,False,PHT002007.jpg
PHT002008,PRJ00991,School Building Repair,20.380421128602105,85.05717461237842,2025-08-26,False,PHT002008.jpg
PHT002009,PRJ00991,School Building Repair,20.380524854315865,85.05730894140174,2025-04-25,False,PHT002009.jpg
PHT002010,PRJ00992,Community Hall,20.315917280201447,84.86431344223409,2025-12-06,False,PHT002010.jpg
PHT002011,PRJ00993,Borewell / Handpump,20.792941768681345,84.77754111819755,2026-08-18,False,PHT002011.jpg
PHT002012,PRJ00994,Borewell / Handpump,21.05269331822156,84.8797239453222,2025-03-17,False,PHT002012.jpg
PHT002013,PRJ00995,Public Toilet Complex,21.307283278295863,84.5384596560776,2024-12-24,False,PHT002013.jpg
PHT002014,PRJ00995,Public Toilet Complex,21.30669553953132,84.53849912438888,2025-04-11,False,PHT002014.jpg
PHT002015,PRJ00995,Public Toilet Complex,21.306645975696696,84.5382886174658,2025-04-23,False,PHT002015.jpg
PHT002016,PRJ00996,Drinking Water Supply,21.076993893233823,84.55329810105583,2026-08-04,False,PHT002016.jpg
PHT002017,PRJ00996,Drinking Water Supply,21.07698965612271,84.55387042393177,2026-08-02,False,PHT002017.jpg
PHT002018,PRJ00997,Sports Infrastructure,21.287523335122025,84.75205029358055,2026-03-26,False,PHT002018.jpg
PHT002019,PRJ00997,Sports Infrastructure,21.2876545873392,84.75250411650323,2026-02-11,False,PHT002019.jpg
PHT002020,PRJ00997,Sports Infrastructure,21.286818579128663,84.75188266673227,2025-11-01,False,PHT002020.jpg
PHT002021,PRJ00998,Drinking Water Supply,21.26149176788671,85.02973652213626,2026-08-06,False,PHT002021.jpg
PHT002022,PRJ00998,Drinking Water Supply,21.262342357341232,85.02985244283393,2026-03-13,False,PHT002022.jpg
PHT002023,PRJ00999,Drinking Water Supply,21.361417933496742,85.19213950115584,2026-03-15,False,PHT002023.jpg
PHT002024,PRJ00999,Drinking Water Supply,21.36216653953269,85.19206964579602,2026-08-06,False,PHT002024.jpg
PHT002025,PRJ01000,Drinking Water Supply,21.12021532431368,84.8241634186765,2025-10-06,False,PHT002025.jpg
