project_id,mp_id,constituency,state,district,category,description,sanctioned_amount,expenditure,unit_cost_basis,status,recommendation_date,sanction_date,implementing_agency,marked_complete_by_ia,contractor_id,site_latitude,site_longitude,photo_latitude,photo_longitude,is_seeded_anomalous,seeded_anomaly_types
PRJ00001,MP001,Maharashtra-18,Maharashtra,Maharashtra District 2,Public Toilet Complex,"Public Toilet Complex at Maharashtra District 2, Ward 9",543267.12,521427.29,543267.12,Work In Progress,2026-04-08,2026-04-27,District Rural Development Agency,False,CTR0044,19.81839,75.287222,19.81839,75.287222,False,
PRJ00002,MP001,Maharashtra-18,Maharashtra,Maharashtra District 2,Public Toilet Complex,"Public Toilet Complex at Maharashtra District 2, Ward 16",1059484.95,1013091.05,1059484.95,Completed,2024-10-03,2024-11-02,Public Works Department (PWD),True,CTR0015,19.124701,76.263892,19.124701,76.263892,False,
PRJ00003,MP001,Maharashtra-18,Maharashtra,Maharashtra District 2,Community Hall,"Community Hall at Maharashtra District 2, Ward 5",1753703.45,1628688.01,1753703.45,Completed,2025-04-02,2025-04-27,District Rural Development Agency,True,CTR0074,19.618334,75.449475,19.618334,75.449475,False,
PRJ00004,MP001,Maharashtra-18,Maharashtra,Maharashtra District 2,Borewell / Handpump,"Borewell / Handpump at Maharashtra District 2, Ward 3",178917.7,173152.32,178917.7,Completed,2025-04-25,2025-05-13,Zilla Parishad PWD Division,True,CTR0104,19.339609,75.717081,19.339609,75.717081,False,
PRJ00005,MP001,Maharashtra-18,Maharashtra,Maharashtra District 2,Street Lighting,"Street Lighting at Maharashtra District 2, Ward 20",277893.09,253495.14,277893.09,Completed,2026-04-07,2026-06-12,Public Works Department (PWD),True,CTR0016,20.070077,75.465537,20.06863,75.325854,True,phantom_work
PRJ00006,MP001,Maharashtra-18,Maharashtra,Maharashtra District 2,Library / Reading Room,"Library / Reading Room at Maharashtra District 2, Ward 13",536413.98,481032.81,536413.98,Payment Released,2026-01-07,2026-04-04,Panchayati Raj Engineering Department,False,CTR0102,19.724082,75.756052,19.724082,75.756052,False,
PRJ00007,MP001,Maharashtra-18,Maharashtra,Maharashtra District 2,Public Toilet Complex,"Public Toilet Complex at Maharashtra District 2, Ward 14",963889.46,948683.24,963889.46,Sanctioned,2026-05-22,2026-06-20,Panchayati Raj Engineering Department,False,CTR0117,19.81748,76.206249,19.81748,76.206249,False,
PRJ00008,MP001,Maharashtra-18,Maharashtra,Maharashtra District 2,School Building Repair,"School Building Repair at Maharashtra District 2, Ward 24",281409.12,255604.35,281409.12,Payment Released,2025-10-12,2025-11-17,Panchayati Raj Engineering Department,False,CTR0073,19.425619,76.094485,19.425619,76.094485,False,
PRJ00009,MP001,Maharashtra-18,Maharashtra,Maharashtra District 2,Community Hall,"Community Hall at Maharashtra District 2, Ward 9",3622019.63,3514552.67,3622019.63,Payment Released,2024-11-21,2024-12-20,Municipal Corporation Engineering Cell,False,CTR0098,19.189461,76.284264,19.189461,76.284264,False,
PRJ00010,MP001,Maharashtra-18,Maharashtra,Maharashtra District 2,Community Hall,"Community Hall at Maharashtra District 2, Ward 3",828715.01,792275.25,828715.01,Sanctioned,2026-05-21,2026-07-01,Panchayati Raj Engineering Department,False,CTR0021,19.974809,76.025524,19.974809,76.025524,False,
PRJ00011,MP001,Maharashtra-18,Maharashtra,Maharashtra District 2,Borewell / Handpump,"Borewell / Handpump at Maharashtra District 2, Ward 20",111284.65,104996.48,111284.65,Work In Progress,2025-11-15,2025-12-24,Cantonment Board Works Wing,False,CTR0001,19.497078,75.17627,19.497078,75.17627,False,
PRJ00012,MP001,Maharashtra-18,Maharashtra,Maharashtra District 2,Public Toilet Complex,"Public Toilet Complex at Maharashtra District 2, Ward 23",916086.49,900588.05,916086.49,Work In Progress,2024-11-25,2025-02-05,Zilla Parishad PWD Division,False,CTR0038,19.666658,75.243513,19.666658,75.243513,False,
PRJ00013,MP001,Maharashtra-18,Maharashtra,Maharashtra District 2,School Building Repair,"School Building Repair at Maharashtra District 2, Ward 22",1210298.96,1118400.16,1210298.96,Work In Progress,2026-07-17,2026-08-09,District Rural Development Agency,False,CTR0090,19.727279,75.613049,19.727279,75.613049,False,
PRJ00014,MP001,Maharashtra-18,Maharashtra,Maharashtra District 2,Street Lighting,"Street Lighting at Maharashtra District 2, Ward 19",173571.89,155720.61,173571.89,Work In Progress,2025-12-28,2026-02-11,Cantonment Board Works Wing,False,CTR0119,19.710285,76.18908,19.710285,76.18908,False,
PRJ00015,MP001,Maharashtra-18,Maharashtra,Maharashtra District 2,Street Lighting,"Street Lighting at Maharashtra District 2, Ward 21",716663.35,617439.15,716663.35,Work In Progress,2024-06-02,2024-08-16,Municipal Corporation Engineering Cell,False,CTR0055,19.447702,75.293466,19.447702,75.293466,False,
PRJ00016,MP001,Maharashtra-18,Maharashtra,Maharashtra District 2,Borewell / Handpump,"Borewell / Handpump at Maharashtra District 2, Ward 3",251019.01,243626.71,251019.01,Payment Released,2025-04-10,2025-06-24,Municipal Corporation Engineering Cell,False,CTR0117,19.323884,76.171071,19.323884,76.171071,False,
PRJ00017,MP001,Maharashtra-18,Maharashtra,Maharashtra District 2,Road Construction,"Road Construction at Maharashtra District 2, Ward 24",4063583.46,3521126.72,4063583.46,Completed,2024-08-26,2024-11-13,Panchayati Raj Engineering Department,False,CTR0022,19.373522,75.612529,19.373522,75.612529,False,
PRJ00018,MP001,Maharashtra-18,Maharashtra,Maharashtra District 2,Library / Reading Room,"Library / Reading Room at Maharashtra District 2, Ward 15",863971.49,763159.99,863971.49,Payment Released,2024-06-27,2024-08-05,District Rural Development Agency,False,CTR0118,19.243838,75.505138,19.243838,75.505138,False,
PRJ00019,MP001,Maharashtra-18,Maharashtra,Maharashtra District 2,School Building Repair,"School Building Repair at Maharashtra District 2, Ward 17",1133823.12,1025593.4,1133823.12,Work In Progress,2025-12-19,2026-02-09,Zilla Parishad PWD Division,False,CTR0090,20.266138,76.254937,20.266138,76.254937,False,
PRJ00020,MP001,Maharashtra-18,Maharashtra,Maharashtra District 2,Sports Infrastructure,"Sports Infrastructure at Maharashtra District 2, Ward 2",1332722.76,1140188.36,1332722.76,Sanctioned,2026-06-14,2026-07-19,Panchayati Raj Engineering Department,False,CTR0064,19.831477,75.703215,19.831477,75.703215,False,
PRJ00021,MP001,Maharashtra-18,Maharashtra,Maharashtra District 2,Drinking Water Supply,"Drinking Water Supply at Maharashtra District 2, Ward 1",2298184.95,2003406.49,2298184.95,Work In Progress,2025-12-14,2026-02-17,Zilla Parishad PWD Division,False,CTR0095,19.687343,76.282781,19.687343,76.282781,False,
PRJ00022,MP001,Maharashtra-18,Maharashtra,Maharashtra District 2,Community Hall,"Community Hall at Maharashtra District 2, Ward 19",4760422.0,4566351.27,4760422.0,Completed,2025-02-14,2025-04-10,Panchayati Raj Engineering Department,False,CTR0030,19.54134,75.858767,19.54134,75.858767,False,
PRJ00023,MP001,Maharashtra-18,Maharashtra,Maharashtra District 2,Road Construction,"Road Construction at Maharashtra District 2, Ward 19",3808270.48,3343576.85,3808270.48,Completed,2025-02-17,2025-03-05,Zilla Parishad PWD Division,True,CTR0098,19.14893,75.809072,19.14893,75.809072,False,
PRJ00024,MP001,Maharashtra-18,Maharashtra,Maharashtra District 2,Road Construction,"Road Construction at Maharashtra District 2, Ward 17",1251282.26,1096317.16,1251282.26,Completed,2024-07-16,2024-08-10,Public Works Department (PWD),True,CTR0098,19.929125,75.564082,19.929125,75.564082,False,
PRJ00025,MP001,Maharashtra-18,Maharashtra,Maharashtra District 2,Public Toilet Complex,"Public Toilet Complex at Maharashtra District 2, Ward 14",269147.2,264195.13,269147.2,Payment Released,2024-09-19,2024-11-14,Panchayati Raj Engineering Department,False,CTR0118,19.40953,75.891981,19.40953,75.891981,False,
PRJ00026,MP001,Maharashtra-18,Maharashtra,Maharashtra District 2,Public Toilet Complex,"Public Toilet Complex at Maharashtra District 2, Ward 11",706133.11,610074.58,706133.11,Completed,2025-03-01,2025-04-10,Public Works Department (PWD),True,CTR0012,20.176659,76.180502,20.176659,76.180502,False,
PRJ00027,MP001,Maharashtra-18,Maharashtra,Maharashtra District 2,Drainage System,"Drainage System at Maharashtra District 2, Ward 11",2246378.12,2208331.13,2246378.12,Sanctioned,2026-05-27,2026-06-23,Municipal Corporation Engineering Cell,False,CTR0086,20.035851,75.870438,20.035851,75.870438,False,
PRJ00028,MP001,Maharashtra-18,Maharashtra,Maharashtra District 2,Drinking Water Supply,"Drinking Water Supply at Maharashtra District 2, Ward 13",2276819.21,1938437.34,2276819.21,Sanctioned,2026-07-29,2026-08-25,Cantonment Board Works Wing,False,CTR0089,19.221766,75.896202,19.221766,75.896202,False,
PRJ00029,MP001,Maharashtra-18,Maharashtra,Maharashtra District 2,Sports Infrastructure,"Sports Infrastructure at Maharashtra District 2, Ward 9",2101074.75,1991386.44,2101074.75,Payment Released,2026-01-13,2026-02-21,Zilla Parishad PWD Division,False,CTR0005,19.369123,75.954615,19.369123,75.954615,False,
PRJ00030,MP001,Maharashtra-18,Maharashtra,Maharashtra District 2,Drainage System,"Drainage System at Maharashtra District 2, Ward 17",2302851.36,2250768.95,2302851.36,Payment Released,2026-05-05,2026-06-16,Public Works Department (PWD),False,CTR0015,19.889135,75.78197,19.889135,75.78197,False,
PRJ00031,MP001,Maharashtra-18,Maharashtra,Maharashtra District 2,Road Construction,"Road Construction at Maharashtra District 2, Ward 14",1413849.94,1408126.09,1413849.94,Completed,2025-01-28,2025-04-12,Public Works Department (PWD),True,CTR0085,19.571717,76.170456,19.571717,76.170456,False,
PRJ00032,MP001,Maharashtra-18,Maharashtra,Maharashtra District 2,Road Construction,"Road Construction at Maharashtra District 2, Ward 25",2722996.32,2394293.76,2722996.32,Sanctioned,2026-06-08,2026-08-10,Panchayati Raj Engineering Department,False,CTR0025,19.966943,75.436927,19.966943,75.436927,False,
PRJ00033,MP001,Maharashtra-18,Maharashtra,Maharashtra District 2,Public Toilet Complex,"Public Toilet Complex at Maharashtra District 2, Ward 7",335966.21,333644.45,335966.21,Sanctioned,2026-05-25,2026-08-17,District Rural Development Agency,False,CTR0081,20.197837,75.54419,20.197837,75.54419,False,
PRJ00034,MP001,Maharashtra-18,Maharashtra,Maharashtra District 2,School Building Repair,"School Building Repair at Maharashtra District 2, Ward 15",970731.47,965434.18,970731.47,Work In Progress,2025-08-08,2025-10-25,Zilla Parishad PWD Division,False,CTR0071,20.123611,75.453339,20.123611,75.453339,False,
PRJ00035,MP001,Maharashtra-18,Maharashtra,Maharashtra District 2,Public Toilet Complex,"Public Toilet Complex at Maharashtra District 2, Ward 20",482768.11,450673.77,482768.11,Sanctioned,2025-05-08,2025-05-30,Cantonment Board Works Wing,False,CTR0016,20.223386,75.935236,20.223386,75.935236,False,
PRJ00036,MP001,Maharashtra-18,Maharashtra,Maharashtra District 2,Street Lighting,"Street Lighting at Maharashtra District 2, Ward 1",611255.42,532411.17,611255.42,Payment Released,2024-11-08,2025-01-14,Panchayati Raj Engineering Department,False,CTR0091,19.721996,76.152848,19.721996,76.152848,False,
PRJ00037,MP001,Maharashtra-18,Maharashtra,Maharashtra District 2,Sports Infrastructure,"Sports Infrastructure at Maharashtra District 2, Ward 15",2577700.66,2304564.34,2577700.66,Work In Progress,2024-07-14,2024-10-05,District Rural Development Agency,False,CTR0053,20.071233,76.072136,20.071233,76.072136,False,
PRJ00038,MP001,Maharashtra-18,Maharashtra,Maharashtra District 2,Community Hall,"Community Hall at Maharashtra District 2, Ward 23",3458980.47,3354326.52,3458980.47,Completed,2024-09-11,2024-12-01,Public Works Department (PWD),True,CTR0083,19.879957,75.94236,19.879957,75.94236,False,
PRJ00039,MP001,Maharashtra-18,Maharashtra,Maharashtra District 2,School Building Repair,"School Building Repair at Maharashtra District 2, Ward 16",1428160.42,1440941.53,1428160.42,Payment Released,2025-11-14,2026-01-12,Public Works Department (PWD),False,CTR0017,19.658718,75.751174,19.658718,75.751174,True,cost_inflation
PRJ00040,MP001,Maharashtra-18,Maharashtra,Maharashtra District 2,Public Toilet Complex,"Public Toilet Complex at Maharashtra District 2, Ward 13",528200.17,490347.49,528200.17,Completed,2025-03-28,2025-04-18,Municipal Corporation Engineering Cell,False,CTR0032,20.023992,75.358985,20.023992,75.358985,False,
PRJ00041,MP002,West-7,West Bengal,West District 1,Library / Reading Room,"Library / Reading Room at West District 1, Ward 3",890761.02,842316.52,890761.02,Completed,2025-06-03,2025-07-12,Municipal Corporation Engineering Cell,True,CTR0066,23.17131,88.471022,23.17131,88.471022,False,
PRJ00042,MP002,West-7,West Bengal,West District 1,School Building Repair,"School Building Repair at West District 1, Ward 11",687498.05,592464.14,687498.05,Completed,2024-08-24,2024-10-30,Public Works Department (PWD),True,CTR0099,22.330421,88.455178,22.330421,88.455178,False,
PRJ00043,MP002,West-7,West Bengal,West District 1,Sports Infrastructure,"Sports Infrastructure at West District 1, Ward 24",937212.39,831810.15,937212.39,Completed,2025-02-12,2025-03-19,Zilla Parishad PWD Division,True,CTR0035,22.959072,88.157515,22.959072,88.157515,False,
PRJ00044,MP002,West-7,West Bengal,West District 1,School Building Repair,"School Building Repair at West District 1, Ward 16",1528214.45,1439208.36,1528214.45,Payment Released,2025-09-08,2025-11-18,Cantonment Board Works Wing,False,CTR0108,22.80352,87.597277,22.80352,87.597277,False,
PRJ00045,MP002,West-7,West Bengal,West District 1,Borewell / Handpump,"Borewell / Handpump at West District 1, Ward 11",83886.24,79469.39,83886.24,Completed,2025-07-24,2025-08-15,Zilla Parishad PWD Division,True,CTR0015,23.326553,88.144389,23.228514,88.124544,True,phantom_work
PRJ00046,MP002,West-7,West Bengal,West District 1,Sports Infrastructure,"Sports Infrastructure at West District 1, Ward 11",2309135.3,1978456.97,2309135.3,Completed,2025-05-05,2025-07-23,Public Works Department (PWD),True,CTR0098,22.749535,88.051032,22.749535,88.051032,False,
PRJ00047,MP002,West-7,West Bengal,West District 1,Street Lighting,"Street Lighting at West District 1, Ward 2",272200.82,257600.76,272200.82,Payment Released,2025-04-12,2025-05-26,Public Works Department (PWD),False,CTR0023,23.002931,88.428276,23.085008702334406,88.34008282474788,True,geo_mismatch
PRJ00048,MP002,West-7,West Bengal,West District 1,Drainage System,"Drainage System at West District 1, Ward 13",2839028.22,2822501.06,2839028.22,Sanctioned,2026-06-13,2026-07-05,Public Works Department (PWD),False,CTR0096,23.386421,87.534949,23.386421,87.534949,False,
PRJ00049,MP002,West-7,West Bengal,West District 1,Borewell / Handpump,"Borewell / Handpump at West District 1, Ward 17",145670.45,147913.28,145670.45,Payment Released,2026-05-27,2026-08-11,Municipal Corporation Engineering Cell,False,CTR0016,22.682771,88.31385,22.682771,88.31385,True,cost_inflation
PRJ00050,MP002,West-7,West Bengal,West District 1,Library / Reading Room,"Library / Reading Room at West District 1, Ward 4",1017625.7,977185.92,1017625.7,Completed,2026-01-29,2026-04-10,Public Works Department (PWD),True,CTR0043,23.264177,87.638441,23.264177,87.638441,False,
PRJ00051,MP002,West-7,West Bengal,West District 1,Sports Infrastructure,"Sports Infrastructure at West District 1, Ward 5",3470565.94,3143648.04,3470565.94,Completed,2024-05-28,2024-08-15,Cantonment Board Works Wing,True,CTR0117,23.231696,87.708964,23.231696,87.708964,False,
PRJ00052,MP002,West-7,West Bengal,West District 1,Drinking Water Supply,"Drinking Water Supply at West District 1, Ward 3",1951916.35,1689322.27,1951916.35,Completed,2024-09-28,2024-11-06,Municipal Corporation Engineering Cell,True,CTR0112,23.383063,87.906303,23.383063,87.906303,False,
PRJ00053,MP002,West-7,West Bengal,West District 1,Public Toilet Complex,"Public Toilet Complex at West District 1, Ward 22",558661.76,550732.84,558661.76,Payment Released,2024-06-02,2024-07-30,Zilla Parishad PWD Division,False,CTR0009,22.683176,88.440074,22.764567186538482,88.36954924598113,True,geo_mismatch
PRJ00054,MP002,West-7,West Bengal,West District 1,Sports Infrastructure,"Sports Infrastructure at West District 1, Ward 23",1418860.09,1366158.21,1418860.09,Payment Released,2026-04-27,2026-06-18,Cantonment Board Works Wing,False,CTR0049,23.249895,88.247542,23.249895,88.247542,False,
PRJ00055,MP002,West-7,West Bengal,West District 1,Public Toilet Complex,"Public Toilet Complex at West District 1, Ward 3",210436.7,192808.33,210436.7,Payment Released,2026-05-03,2026-05-28,Panchayati Raj Engineering Department,False,CTR0112,23.365245,87.721098,23.365245,87.721098,False,
PRJ00056,MP002,West-7,West Bengal,West District 1,Street Lighting,"Street Lighting at West District 1, Ward 8",721132.97,623901.46,721132.97,Work In Progress,2026-04-17,2026-07-02,Zilla Parishad PWD Division,False,CTR0081,22.400928,88.141163,22.400928,88.141163,False,
PRJ00057,MP002,West-7,West Bengal,West District 1,Community Hall,"Community Hall at West District 1, Ward 23",4472459.58,3858505.63,4472459.58,Completed,2024-08-23,2024-11-17,Cantonment Board Works Wing,True,CTR0056,22.749125,87.744771,22.749125,87.744771,True,duplicate_photo
PRJ00058,MP002,West-7,West Bengal,West District 1,Community Hall,"Community Hall at West District 1, Ward 1",5679486.75,5960743.46,5679486.75,Sanctioned,2026-04-12,2026-06-02,Zilla Parishad PWD Division,False,CTR0057,22.809066,88.387625,22.809066,88.387625,True,cost_inflation
PRJ00059,MP002,West-7,West Bengal,West District 1,Road Construction,"Road Construction at West District 1, Ward 12",460061.81,459215.82,460061.81,Payment Released,2025-09-28,2025-11-03,Zilla Parishad PWD Division,False,CTR0042,23.000043,88.454607,23.000043,88.454607,True,split_tender
PRJ00060,MP002,West-7,West Bengal,West District 1,Drainage System,"Drainage System at West District 1, Ward 14",283424.81,242745.97,283424.81,Work In Progress,2024-06-06,2024-06-26,Panchayati Raj Engineering Department,False,CTR0056,23.369372,87.933241,23.369372,87.933241,False,
PRJ00061,MP002,West-7,West Bengal,West District 1,Library / Reading Room,"Library / Reading Room at West District 1, Ward 6",920010.57,854197.32,920010.57,Payment Released,2025-06-30,2025-08-31,Municipal Corporation Engineering Cell,False,CTR0088,23.055278,88.134898,23.055278,88.134898,False,
PRJ00062,MP002,West-7,West Bengal,West District 1,Community Hall,"Community Hall at West District 1, Ward 22",3838434.42,3288835.7,3838434.42,Completed,2024-07-29,2024-09-16,Panchayati Raj Engineering Department,True,CTR0079,22.637156,88.440494,22.637156,88.440494,False,
PRJ00063,MP002,West-7,West Bengal,West District 1,Street Lighting,"Street Lighting at West District 1, Ward 8",358035.89,329233.6,358035.89,Payment Released,2026-04-01,2026-06-28,Municipal Corporation Engineering Cell,False,CTR0064,22.724023,88.000387,22.724023,88.000387,False,
PRJ00064,MP002,West-7,West Bengal,West District 1,Public Toilet Complex,"Public Toilet Complex at West District 1, Ward 22",1185521.28,1103026.14,1185521.28,Payment Released,2025-02-01,2025-02-28,Zilla Parishad PWD Division,False,CTR0082,22.671433,88.276554,22.671433,88.276554,False,
PRJ00065,MP002,West-7,West Bengal,West District 1,Road Construction,"Road Construction at West District 1, Ward 22",4125894.17,4094826.14,4125894.17,Completed,2025-07-07,2025-09-29,Zilla Parishad PWD Division,True,CTR0116,23.170863,88.036098,23.170863,88.036098,False,
PRJ00066,MP002,West-7,West Bengal,West District 1,Sports Infrastructure,"Sports Infrastructure at West District 1, Ward 19",540177.88,489654.77,540177.88,Work In Progress,2025-03-29,2025-05-11,Zilla Parishad PWD Division,False,CTR0021,23.484731,87.4805,23.484731,87.4805,True,duplicate_photo
PRJ00067,MP002,West-7,West Bengal,West District 1,School Building Repair,"School Building Repair at West District 1, Ward 9",1715814.06,1579070.5,1715814.06,Payment Released,2026-04-27,2026-07-15,Cantonment Board Works Wing,False,CTR0082,22.797783,87.628088,22.797783,87.628088,False,
PRJ00068,MP002,West-7,West Bengal,West District 1,Public Toilet Complex,"Public Toilet Complex at West District 1, Ward 16",1003546.06,1003039.8,1003546.06,Payment Released,2024-05-18,2024-08-04,Public Works Department (PWD),False,CTR0109,22.966518,88.222785,22.966518,88.222785,False,
PRJ00069,MP002,West-7,West Bengal,West District 1,Community Hall,"Community Hall at West District 1, Ward 19",2086210.13,1813696.66,2086210.13,Work In Progress,2025-12-25,2026-02-28,Zilla Parishad PWD Division,False,CTR0031,23.444861,88.02741,23.444861,88.02741,False,
PRJ00070,MP002,West-7,West Bengal,West District 1,School Building Repair,"School Building Repair at West District 1, Ward 13",1312630.83,1138095.09,1312630.83,Payment Released,2024-10-27,2024-12-20,Cantonment Board Works Wing,False,CTR0090,23.105888,87.924369,23.105888,87.924369,False,
PRJ00071,MP002,West-7,West Bengal,West District 1,School Building Repair,"School Building Repair at West District 1, Ward 25",1733926.7,1619731.49,1733926.7,Payment Released,2026-04-27,2026-05-14,Cantonment Board Works Wing,False,CTR0002,23.351984,87.784179,23.351984,87.784179,False,
PRJ00072,MP002,West-7,West Bengal,West District 1,Road Construction,"Road Construction at West District 1, Ward 10",3471576.47,3317480.02,3471576.47,Work In Progress,2026-07-08,2026-08-18,Public Works Department (PWD),False,CTR0117,22.555557,87.463646,22.555557,87.463646,False,
PRJ00073,MP002,West-7,West Bengal,West District 1,Street Lighting,"Street Lighting at West District 1, Ward 21",592438.27,542449.06,592438.27,Completed,2025-05-02,2025-07-14,Municipal Corporation Engineering Cell,True,CTR0078,23.38499,87.717907,23.38499,87.717907,False,
PRJ00074,MP002,West-7,West Bengal,West District 1,Street Lighting,"Street Lighting at West District 1, Ward 25",616565.03,611896.45,616565.03,Payment Released,2025-06-28,2025-08-01,Cantonment Board Works Wing,False,CTR0080,22.476488,88.411905,22.476488,88.411905,False,
PRJ00075,MP002,West-7,West Bengal,West District 1,Borewell / Handpump,"Borewell / Handpump at West District 1, Ward 21",203966.65,188443.31,203966.65,Sanctioned,2026-01-29,2026-02-18,Cantonment Board Works Wing,False,CTR0081,22.694502,88.060081,22.694502,88.060081,False,
PRJ00076,MP002,West-7,West Bengal,West District 1,Road Construction,"Road Construction at West District 1, Ward 19",841294.83,734269.85,841294.83,Payment Released,2026-02-25,2026-04-06,District Rural Development Agency,False,CTR0040,22.466593,88.06905,22.466593,88.06905,False,
PRJ00077,MP002,West-7,West Bengal,West District 1,Drainage System,"Drainage System at West District 1, Ward 11",2716168.13,2580722.77,2716168.13,Sanctioned,2026-07-01,2026-07-28,Zilla Parishad PWD Division,False,CTR0094,22.506784,87.530747,22.506784,87.530747,False,
PRJ00078,MP002,West-7,West Bengal,West District 1,Drinking Water Supply,"Drinking Water Supply at West District 1, Ward 12",912898.75,788110.4,912898.75,Work In Progress,2026-02-03,2026-03-17,Panchayati Raj Engineering Department,False,CTR0023,22.444763,87.852935,22.444763,87.852935,False,
PRJ00079,MP002,West-7,West Bengal,West District 1,Sports Infrastructure,"Sports Infrastructure at West District 1, Ward 9",1960593.54,1678065.78,1960593.54,Payment Released,2026-04-06,2026-06-25,Municipal Corporation Engineering Cell,False,CTR0065,23.259292,88.05348,23.259292,88.05348,False,
PRJ00080,MP002,West-7,West Bengal,West District 1,Public Toilet Complex,"Public Toilet Complex at West District 1, Ward 4",1116916.02,1074278.28,1116916.02,Completed,2026-02-01,2026-03-15,Zilla Parishad PWD Division,True,CTR0104,23.197912,87.521425,23.158586,87.510185,True,phantom_work
PRJ00081,MP003,Maharashtra-3,Maharashtra,Maharashtra District 2,Community Hall,"Community Hall at Maharashtra District 2, Ward 22",990752.66,948152.71,990752.66,Completed,2025-06-07,2025-06-30,Municipal Corporation Engineering Cell,True,CTR0019,20.174248,75.714013,20.174248,75.714013,False,
PRJ00082,MP003,Maharashtra-3,Maharashtra,Maharashtra District 2,Drinking Water Supply,"Drinking Water Supply at Maharashtra District 2, Ward 3",1471757.99,1310433.42,1471757.99,Completed,2025-11-15,2025-12-15,Zilla Parishad PWD Division,True,CTR0109,19.552741,75.124085,19.552741,75.124085,False,
PRJ00083,MP003,Maharashtra-3,Maharashtra,Maharashtra District 2,Drinking Water Supply,"Drinking Water Supply at Maharashtra District 2, Ward 15",563476.69,529126.51,563476.69,Payment Released,2025-07-06,2025-07-27,District Rural Development Agency,False,CTR0002,19.914923,76.047005,19.914923,76.047005,False,
PRJ00084,MP003,Maharashtra-3,Maharashtra,Maharashtra District 2,Drainage System,"Drainage System at Maharashtra District 2, Ward 19",1727042.99,1661097.44,1727042.99,Payment Released,2025-12-03,2026-01-14,Zilla Parishad PWD Division,False,CTR0087,19.617991,75.253096,19.617991,75.253096,False,
PRJ00085,MP003,Maharashtra-3,Maharashtra,Maharashtra District 2,Drinking Water Supply,"Drinking Water Supply at Maharashtra District 2, Ward 4",1721017.93,1554792.57,1721017.93,Payment Released,2026-01-30,2026-02-21,Zilla Parishad PWD Division,False,CTR0106,20.283818,75.82693,20.283818,75.82693,False,
PRJ00086,MP003,Maharashtra-3,Maharashtra,Maharashtra District 2,Street Lighting,"Street Lighting at Maharashtra District 2, Ward 11",264644.35,231326.21,264644.35,Sanctioned,2026-01-21,2026-04-13,Panchayati Raj Engineering Department,False,CTR0061,19.32388,75.442114,19.32388,75.442114,False,
PRJ00087,MP003,Maharashtra-3,Maharashtra,Maharashtra District 2,Library / Reading Room,"Library / Reading Room at Maharashtra District 2, Ward 15",304303.87,277391.09,304303.87,Payment Released,2025-07-20,2025-10-15,Cantonment Board Works Wing,False,CTR0029,20.278854,75.234447,20.278854,75.234447,False,
PRJ00088,MP003,Maharashtra-3,Maharashtra,Maharashtra District 2,School Building Repair,"School Building Repair at Maharashtra District 2, Ward 2",1757912.83,1562231.51,1757912.83,Completed,2024-06-21,2024-08-16,Municipal Corporation Engineering Cell,True,CTR0084,19.305065,75.902372,19.305065,75.902372,False,
PRJ00089,MP003,Maharashtra-3,Maharashtra,Maharashtra District 2,Road Construction,"Road Construction at Maharashtra District 2, Ward 4",1475912.19,1295934.39,1475912.19,Completed,2025-06-16,2025-07-19,District Rural Development Agency,False,CTR0039,19.488415,75.610524,19.488415,75.610524,False,
PRJ00090,MP003,Maharashtra-3,Maharashtra,Maharashtra District 2,Street Lighting,"Street Lighting at Maharashtra District 2, Ward 15",607965.03,569776.15,607965.03,Completed,2025-06-11,2025-06-29,Public Works Department (PWD),True,CTR0114,19.285235,75.677368,19.285235,75.677368,False,
PRJ00091,MP003,Maharashtra-3,Maharashtra,Maharashtra District 2,Drainage System,"Drainage System at Maharashtra District 2, Ward 21",619640.36,618707.2,619640.36,Completed,2024-12-20,2025-03-02,Public Works Department (PWD),True,CTR0022,20.071849,75.405569,20.154859333198512,75.32674013600969,True,geo_mismatch
PRJ00092,MP003,Maharashtra-3,Maharashtra,Maharashtra District 2,Community Hall,"Community Hall at Maharashtra District 2, Ward 9",5633551.55,5603998.14,5633551.55,Completed,2024-07-12,2024-08-09,Public Works Department (PWD),False,CTR0107,19.249157,75.977041,19.249157,75.977041,False,
PRJ00093,MP003,Maharashtra-3,Maharashtra,Maharashtra District 2,Road Construction,"Road Construction at Maharashtra District 2, Ward 15",3412706.73,3331737.93,3412706.73,Work In Progress,2026-02-22,2026-03-21,Public Works Department (PWD),False,CTR0089,19.267727,76.054321,19.267727,76.054321,False,
PRJ00094,MP003,Maharashtra-3,Maharashtra,Maharashtra District 2,Street Lighting,"Street Lighting at Maharashtra District 2, Ward 12",273199.35,259479.16,273199.35,Payment Released,2024-08-14,2024-09-27,Cantonment Board Works Wing,False,CTR0110,19.727679,75.530597,19.727679,75.530597,False,
PRJ00095,MP003,Maharashtra-3,Maharashtra,Maharashtra District 2,Sports Infrastructure,"Sports Infrastructure at Maharashtra District 2, Ward 2",2931458.26,2657489.05,2931458.26,Completed,2024-11-17,2025-01-08,Zilla Parishad PWD Division,True,CTR0116,19.655216,75.461653,19.655216,75.461653,False,
PRJ00096,MP003,Maharashtra-3,Maharashtra,Maharashtra District 2,Drinking Water Supply,"Drinking Water Supply at Maharashtra District 2, Ward 15",2279064.06,2123023.22,2279064.06,Work In Progress,2026-03-04,2026-05-28,District Rural Development Agency,False,CTR0036,20.187767,75.849086,20.187767,75.849086,False,
PRJ00097,MP003,Maharashtra-3,Maharashtra,Maharashtra District 2,Community Hall,"Community Hall at Maharashtra District 2, Ward 20",4064081.88,3539371.56,4064081.88,Payment Released,2025-04-08,2025-06-29,Cantonment Board Works Wing,False,CTR0085,20.05283,75.844087,20.05283,75.844087,False,
PRJ00098,MP003,Maharashtra-3,Maharashtra,Maharashtra District 2,Road Construction,"Road Construction at Maharashtra District 2, Ward 5",3612108.29,3239188.12,3612108.29,Work In Progress,2026-06-07,2026-08-03,Municipal Corporation Engineering Cell,False,CTR0007,19.398187,75.992736,19.398187,75.992736,False,
PRJ00099,MP003,Maharashtra-3,Maharashtra,Maharashtra District 2,Library / Reading Room,"Library / Reading Room at Maharashtra District 2, Ward 7",1191196.29,1073639.82,1191196.29,Work In Progress,2024-09-27,2024-10-21,Panchayati Raj Engineering Department,False,CTR0027,20.085509,75.232758,20.085509,75.232758,False,
PRJ00100,MP003,Maharashtra-3,Maharashtra,Maharashtra District 2,Library / Reading Room,"Library / Reading Room at Maharashtra District 2, Ward 11",716473.48,625114.24,716473.48,Completed,2024-11-28,2025-01-30,Municipal Corporation Engineering Cell,True,CTR0028,19.375102,75.966703,19.375102,75.966703,False,
PRJ00101,MP003,Maharashtra-3,Maharashtra,Maharashtra District 2,Borewell / Handpump,"Borewell / Handpump at Maharashtra District 2, Ward 9",226535.6,204302.13,226535.6,Completed,2025-04-05,2025-05-20,District Rural Development Agency,True,CTR0101,19.317917,76.190141,19.317917,76.190141,False,
PRJ00102,MP003,Maharashtra-3,Maharashtra,Maharashtra District 2,Borewell / Handpump,"Borewell / Handpump at Maharashtra District 2, Ward 4",335766.5,314926.98,335766.5,Sanctioned,2026-05-27,2026-08-15,Municipal Corporation Engineering Cell,False,CTR0017,19.707066,75.833745,19.707066,75.833745,False,
PRJ00103,MP003,Maharashtra-3,Maharashtra,Maharashtra District 2,Road Construction,"Road Construction at Maharashtra District 2, Ward 19",4214896.79,4023108.97,4214896.79,Sanctioned,2026-03-02,2026-04-29,Municipal Corporation Engineering Cell,False,CTR0017,20.206999,75.948686,20.206999,75.948686,False,
PRJ00104,MP003,Maharashtra-3,Maharashtra,Maharashtra District 2,Drainage System,"Drainage System at Maharashtra District 2, Ward 5",1918466.38,1842622.95,1918466.38,Work In Progress,2025-08-11,2025-09-03,District Rural Development Agency,False,CTR0003,20.22124,76.210682,20.22124,76.210682,False,
PRJ00105,MP003,Maharashtra-3,Maharashtra,Maharashtra District 2,Drinking Water Supply,"Drinking Water Supply at Maharashtra District 2, Ward 16",2466650.64,2142777.93,2466650.64,Work In Progress,2025-05-12,2025-07-10,District Rural Development Agency,False,CTR0068,20.20501,76.143876,20.20501,76.143876,False,
PRJ00106,MP003,Maharashtra-3,Maharashtra,Maharashtra District 2,Public Toilet Complex,"Public Toilet Complex at Maharashtra District 2, Ward 4",568952.84,512216.63,568952.84,Work In Progress,2025-08-21,2025-10-15,Panchayati Raj Engineering Department,False,CTR0100,19.105558,75.500199,19.105558,75.500199,True,duplicate_photo
PRJ00107,MP003,Maharashtra-3,Maharashtra,Maharashtra District 2,Public Toilet Complex,"Public Toilet Complex at Maharashtra District 2, Ward 2",513663.29,493437.9,513663.29,Work In Progress,2025-08-08,2025-09-02,Panchayati Raj Engineering Department,False,CTR0065,19.642662,75.369526,19.642662,75.369526,False,
PRJ00108,MP003,Maharashtra-3,Maharashtra,Maharashtra District 2,Sports Infrastructure,"Sports Infrastructure at Maharashtra District 2, Ward 2",946799.66,864275.48,946799.66,Completed,2025-03-21,2025-05-22,District Rural Development Agency,False,CTR0039,20.197815,75.534873,20.197815,75.534873,False,
PRJ00109,MP003,Maharashtra-3,Maharashtra,Maharashtra District 2,Public Toilet Complex,"Public Toilet Complex at Maharashtra District 2, Ward 4",846714.24,841769.89,846714.24,Sanctioned,2026-03-25,2026-06-22,Cantonment Board Works Wing,False,CTR0109,19.278395,75.597549,19.278395,75.597549,False,
PRJ00110,MP003,Maharashtra-3,Maharashtra,Maharashtra District 2,Public Toilet Complex,"Public Toilet Complex at Maharashtra District 2, Ward 3",677304.76,582523.73,677304.76,Completed,2024-08-11,2024-09-10,District Rural Development Agency,True,CTR0092,19.999953,75.351887,19.999953,75.351887,False,
PRJ00111,MP003,Maharashtra-3,Maharashtra,Maharashtra District 2,Drainage System,"Drainage System at Maharashtra District 2, Ward 9",350511.59,327632.35,350511.59,Work In Progress,2025-07-09,2025-09-01,Municipal Corporation Engineering Cell,False,CTR0078,19.17885,76.030633,19.17885,76.030633,False,
PRJ00112,MP003,Maharashtra-3,Maharashtra,Maharashtra District 2,Library / Reading Room,"Library / Reading Room at Maharashtra District 2, Ward 11",772991.57,721932.42,772991.57,Completed,2024-07-16,2024-10-09,Cantonment Board Works Wing,True,CTR0082,19.286288,75.318314,19.286288,75.318314,False,
PRJ00113,MP003,Maharashtra-3,Maharashtra,Maharashtra District 2,Drinking Water Supply,"Drinking Water Supply at Maharashtra District 2, Ward 17",895638.28,816204.23,895638.28,Completed,2024-12-01,2025-02-03,Public Works Department (PWD),False,CTR0077,19.130464,75.287383,19.130464,75.287383,False,
PRJ00114,MP003,Maharashtra-3,Maharashtra,Maharashtra District 2,Library / Reading Room,"Library / Reading Room at Maharashtra District 2, Ward 4",488563.81,464518.61,488563.81,Work In Progress,2024-10-31,2024-11-28,Cantonment Board Works Wing,False,CTR0056,19.123653,75.22493,19.123653,75.22493,False,
PRJ00115,MP003,Maharashtra-3,Maharashtra,Maharashtra District 2,Sports Infrastructure,"Sports Infrastructure at Maharashtra District 2, Ward 15",2423512.93,2096135.62,2423512.93,Completed,2024-07-29,2024-10-14,Public Works Department (PWD),True,CTR0093,19.391807,75.96672,19.391807,75.96672,False,
PRJ00116,MP003,Maharashtra-3,Maharashtra,Maharashtra District 2,Street Lighting,"Street Lighting at Maharashtra District 2, Ward 13",651063.85,582032.96,651063.85,Sanctioned,2026-05-23,2026-06-22,Public Works Department (PWD),False,CTR0053,20.175603,75.115602,20.175603,75.115602,False,
PRJ00117,MP003,Maharashtra-3,Maharashtra,Maharashtra District 2,Drinking Water Supply,"Drinking Water Supply at Maharashtra District 2, Ward 11",358370.85,335956.99,358370.85,Work In Progress,2024-10-05,2024-11-14,Public Works Department (PWD),False,CTR0094,19.605709,76.171206,19.605709,76.171206,False,
PRJ00118,MP003,Maharashtra-3,Maharashtra,Maharashtra District 2,School Building Repair,"School Building Repair at Maharashtra District 2, Ward 16",666962.18,625973.51,666962.18,Completed,2025-08-11,2025-10-06,Cantonment Board Works Wing,True,CTR0048,19.421676,75.848979,19.421676,75.848979,False,
PRJ00119,MP003,Maharashtra-3,Maharashtra,Maharashtra District 2,Community Hall,"Community Hall at Maharashtra District 2, Ward 14",2331221.95,2248558.85,2331221.95,Completed,2025-05-15,2025-08-05,District Rural Development Agency,True,CTR0012,19.268136,76.142162,19.268136,76.142162,False,
PRJ00120,MP003,Maharashtra-3,Maharashtra,Maharashtra District 2,Community Hall,"Community Hall at Maharashtra District 2, Ward 18",3011110.22,2680796.26,3011110.22,Payment Released,2026-02-22,2026-05-10,Municipal Corporation Engineering Cell,False,CTR0096,19.860174,75.409465,19.860174,75.409465,True,duplicate_photo
PRJ00121,MP004,Maharashtra-33,Maharashtra,Maharashtra District 1,Library / Reading Room,"Library / Reading Room at Maharashtra District 1, Ward 4",883397.24,786970.98,883397.24,Payment Released,2026-03-30,2026-05-27,Cantonment Board Works Wing,False,CTR0072,19.122069,76.197159,19.122069,76.197159,False,
PRJ00122,MP004,Maharashtra-33,Maharashtra,Maharashtra District 1,Drinking Water Supply,"Drinking Water Supply at Maharashtra District 1, Ward 24",902921.49,855710.48,902921.49,Work In Progress,2026-07-27,2026-08-21,Public Works Department (PWD),False,CTR0046,20.09569,75.347706,20.09569,75.347706,False,
PRJ00123,MP004,Maharashtra-33,Maharashtra,Maharashtra District 1,Road Construction,"Road Construction at Maharashtra District 1, Ward 4",4080078.3,3833690.39,4080078.3,Payment Released,2026-01-18,2026-04-11,Zilla Parishad PWD Division,False,CTR0037,19.82062,75.898044,19.82062,75.898044,False,
PRJ00124,MP004,Maharashtra-33,Maharashtra,Maharashtra District 1,Library / Reading Room,"Library / Reading Room at Maharashtra District 1, Ward 16",744401.68,690683.91,744401.68,Payment Released,2024-12-26,2025-01-16,Cantonment Board Works Wing,False,CTR0065,19.156359,75.29954,19.156359,75.29954,False,
PRJ00125,MP004,Maharashtra-33,Maharashtra,Maharashtra District 1,Street Lighting,"Street Lighting at Maharashtra District 1, Ward 12",602364.08,547184.12,602364.08,Work In Progress,2024-12-25,2025-01-31,Panchayati Raj Engineering Department,False,CTR0109,19.446432,75.526807,19.446432,75.526807,False,
PRJ00126,MP004,Maharashtra-33,Maharashtra,Maharashtra District 1,Community Hall,"Community Hall at Maharashtra District 1, Ward 14",3745304.13,3556356.06,3745304.13,Work In Progress,2026-02-22,2026-03-11,Municipal Corporation Engineering Cell,False,CTR0098,20.224196,75.979087,20.224196,75.979087,False,
PRJ00127,MP004,Maharashtra-33,Maharashtra,Maharashtra District 1,Sports Infrastructure,"Sports Infrastructure at Maharashtra District 1, Ward 22",1213018.54,1040422.83,1213018.54,Completed,2025-09-24,2025-12-05,Panchayati Raj Engineering Department,False,CTR0099,19.695639,75.816211,19.695639,75.816211,False,
PRJ00128,MP004,Maharashtra-33,Maharashtra,Maharashtra District 1,Sports Infrastructure,"Sports Infrastructure at Maharashtra District 1, Ward 23",632927.12,585029.54,632927.12,Payment Released,2025-11-29,2026-02-13,Cantonment Board Works Wing,False,CTR0004,19.926083,75.621793,19.926083,75.621793,False,
PRJ00129,MP004,Maharashtra-33,Maharashtra,Maharashtra District 1,School Building Repair,"School Building Repair at Maharashtra District 1, Ward 25",1638948.58,1460011.08,1638948.58,Sanctioned,2026-03-26,2026-06-17,Cantonment Board Works Wing,False,CTR0004,19.808277,75.533169,19.808277,75.533169,False,
PRJ00130,MP004,Maharashtra-33,Maharashtra,Maharashtra District 1,School Building Repair,"School Building Repair at Maharashtra District 1, Ward 6",446273.54,409188.59,446273.54,Payment Released,2024-07-23,2024-09-30,District Rural Development Agency,False,CTR0118,19.32216,75.750281,19.32216,75.750281,False,
PRJ00131,MP004,Maharashtra-33,Maharashtra,Maharashtra District 1,Borewell / Handpump,"Borewell / Handpump at Maharashtra District 1, Ward 5",297771.51,284026.82,297771.51,Completed,2025-07-03,2025-08-03,District Rural Development Agency,True,CTR0073,20.119035,75.399602,20.119035,75.399602,False,
PRJ00132,MP004,Maharashtra-33,Maharashtra,Maharashtra District 1,Road Construction,"Road Construction at Maharashtra District 1, Ward 15",4265049.23,4076688.77,4265049.23,Completed,2024-08-10,2024-08-27,Public Works Department (PWD),True,CTR0012,19.31669,75.781534,19.24587556948392,75.89624173367635,True,geo_mismatch
PRJ00133,MP004,Maharashtra-33,Maharashtra,Maharashtra District 1,Drainage System,"Drainage System at Maharashtra District 1, Ward 11",2846732.85,2787823.69,2846732.85,Payment Released,2024-10-18,2024-11-04,Cantonment Board Works Wing,False,CTR0021,20.113459,75.482921,20.113459,75.482921,False,
PRJ00134,MP004,Maharashtra-33,Maharashtra,Maharashtra District 1,Library / Reading Room,"Library / Reading Room at Maharashtra District 1, Ward 5",975150.84,846513.85,975150.84,Sanctioned,2025-09-23,2025-12-01,District Rural Development Agency,False,CTR0077,19.192344,75.935547,19.192344,75.935547,False,
PRJ00135,MP004,Maharashtra-33,Maharashtra,Maharashtra District 1,Borewell / Handpump,"Borewell / Handpump at Maharashtra District 1, Ward 3",97646.21,90901.17,97646.21,Completed,2025-01-25,2025-04-16,Cantonment Board Works Wing,True,CTR0097,20.048868,75.482503,20.048868,75.482503,False,
PRJ00136,MP004,Maharashtra-33,Maharashtra,Maharashtra District 1,School Building Repair,"School Building Repair at Maharashtra District 1, Ward 20",619327.05,607259.36,619327.05,Completed,2024-05-26,2024-08-08,Public Works Department (PWD),True,CTR0015,20.149642,75.734725,20.149642,75.734725,True,duplicate_photo
PRJ00137,MP004,Maharashtra-33,Maharashtra,Maharashtra District 1,Public Toilet Complex,"Public Toilet Complex at Maharashtra District 1, Ward 4",955547.7,880997.15,955547.7,Payment Released,2024-04-22,2024-07-03,Panchayati Raj Engineering Department,False,CTR0054,19.853007,76.148413,19.853007,76.148413,False,
PRJ00138,MP004,Maharashtra-33,Maharashtra,Maharashtra District 1,Drainage System,"Drainage System at Maharashtra District 1, Ward 22",1398858.65,1343795.86,1398858.65,Work In Progress,2025-10-14,2025-11-19,Cantonment Board Works Wing,False,CTR0056,19.386533,75.232569,19.386533,75.232569,False,
PRJ00139,MP004,Maharashtra-33,Maharashtra,Maharashtra District 1,Library / Reading Room,"Library / Reading Room at Maharashtra District 1, Ward 2",585200.56,501115.42,585200.56,Payment Released,2025-08-09,2025-09-21,Zilla Parishad PWD Division,False,CTR0063,19.121449,76.285267,19.121449,76.285267,False,
PRJ00140,MP004,Maharashtra-33,Maharashtra,Maharashtra District 1,Street Lighting,"Street Lighting at Maharashtra District 1, Ward 1",659735.46,654783.6,659735.46,Completed,2025-07-11,2025-09-29,District Rural Development Agency,True,CTR0051,20.043614,75.207293,20.043614,75.207293,False,
PRJ00141,MP004,Maharashtra-33,Maharashtra,Maharashtra District 1,Street Lighting,"Street Lighting at Maharashtra District 1, Ward 25",500551.13,438009.82,500551.13,Completed,2024-06-03,2024-08-05,Municipal Corporation Engineering Cell,True,CTR0039,20.289402,75.378006,20.289402,75.378006,False,
PRJ00142,MP004,Maharashtra-33,Maharashtra,Maharashtra District 1,School Building Repair,"School Building Repair at Maharashtra District 1, Ward 16",1122839.32,984145.31,1122839.32,Payment Released,2024-11-03,2024-12-14,District Rural Development Agency,False,CTR0038,19.364583,75.323726,19.364583,75.323726,False,
PRJ00143,MP004,Maharashtra-33,Maharashtra,Maharashtra District 1,Drinking Water Supply,"Drinking Water Supply at Maharashtra District 1, Ward 23",427253.89,419805.95,427253.89,Work In Progress,2026-02-27,2026-04-12,Panchayati Raj Engineering Department,False,CTR0023,20.213303,76.293889,20.213303,76.293889,False,
PRJ00144,MP004,Maharashtra-33,Maharashtra,Maharashtra District 1,Street Lighting,"Street Lighting at Maharashtra District 1, Ward 12",718678.86,627467.29,718678.86,Payment Released,2026-01-07,2026-03-03,Cantonment Board Works Wing,False,CTR0065,20.079,75.369329,20.079,75.369329,False,
PRJ00145,MP004,Maharashtra-33,Maharashtra,Maharashtra District 1,Community Hall,"Community Hall at Maharashtra District 1, Ward 14",3883287.66,3354084.97,3883287.66,Completed,2026-02-26,2026-05-18,District Rural Development Agency,True,CTR0051,20.152953,75.41872,20.152953,75.41872,False,
PRJ00146,MP004,Maharashtra-33,Maharashtra,Maharashtra District 1,Road Construction,"Road Construction at Maharashtra District 1, Ward 19",3920935.99,3718169.87,3920935.99,Completed,2025-08-26,2025-10-07,Zilla Parishad PWD Division,True,CTR0059,19.761029,75.204384,19.761029,75.204384,False,
PRJ00147,MP004,Maharashtra-33,Maharashtra,Maharashtra District 1,Drinking Water Supply,"Drinking Water Supply at Maharashtra District 1, Ward 14",1891524.25,1630790.75,1891524.25,Sanctioned,2026-04-13,2026-06-30,Cantonment Board Works Wing,False,CTR0074,19.36422,75.919911,19.36422,75.919911,False,
PRJ00148,MP004,Maharashtra-33,Maharashtra,Maharashtra District 1,School Building Repair,"School Building Repair at Maharashtra District 1, Ward 6",1091263.75,1024545.16,1091263.75,Completed,2025-01-07,2025-03-05,Zilla Parishad PWD Division,True,CTR0015,20.089617,75.517371,20.089617,75.517371,False,
PRJ00149,MP004,Maharashtra-33,Maharashtra,Maharashtra District 1,Library / Reading Room,"Library / Reading Room at Maharashtra District 1, Ward 3",1342218.98,1273454.12,1342218.98,Completed,2024-11-24,2025-02-09,Zilla Parishad PWD Division,True,CTR0059,20.120698,76.140753,20.120698,76.140753,False,
PRJ00150,MP004,Maharashtra-33,Maharashtra,Maharashtra District 1,Drinking Water Supply,"Drinking Water Supply at Maharashtra District 1, Ward 19",1796309.7,1729680.07,1796309.7,Work In Progress,2024-09-14,2024-10-01,Public Works Department (PWD),False,CTR0109,19.290326,76.157045,19.290326,76.157045,False,
PRJ00151,MP004,Maharashtra-33,Maharashtra,Maharashtra District 1,Drinking Water Supply,"Drinking Water Supply at Maharashtra District 1, Ward 24",2116796.85,1905684.1,2116796.85,Work In Progress,2024-08-28,2024-11-13,Zilla Parishad PWD Division,False,CTR0068,19.99221,75.292912,19.99221,75.292912,False,
PRJ00152,MP004,Maharashtra-33,Maharashtra,Maharashtra District 1,Drainage System,"Drainage System at Maharashtra District 1, Ward 21",1645536.27,1469555.58,1645536.27,Work In Progress,2025-12-03,2026-02-03,Panchayati Raj Engineering Department,False,CTR0029,20.277423,75.858176,20.17283382233942,75.80068735528211,True,geo_mismatch
PRJ00153,MP004,Maharashtra-33,Maharashtra,Maharashtra District 1,Community Hall,"Community Hall at Maharashtra District 1, Ward 12",4757345.09,4730936.12,4757345.09,Completed,2024-07-23,2024-08-14,Zilla Parishad PWD Division,True,CTR0068,19.510247,75.859146,19.510247,75.859146,False,
PRJ00154,MP004,Maharashtra-33,Maharashtra,Maharashtra District 1,Borewell / Handpump,"Borewell / Handpump at Maharashtra District 1, Ward 7",702145.94,703077.91,702145.94,Work In Progress,2025-09-26,2025-11-26,Zilla Parishad PWD Division,False,CTR0031,19.180821,75.798605,19.180821,75.798605,True,cost_inflation
PRJ00155,MP004,Maharashtra-33,Maharashtra,Maharashtra District 1,Borewell / Handpump,"Borewell / Handpump at Maharashtra District 1, Ward 3",341597.02,297023.03,341597.02,Sanctioned,2026-07-04,2026-08-12,Cantonment Board Works Wing,False,CTR0078,20.009916,75.129504,20.009916,75.129504,False,
PRJ00156,MP004,Maharashtra-33,Maharashtra,Maharashtra District 1,Borewell / Handpump,"Borewell / Handpump at Maharashtra District 1, Ward 25",211933.66,201865.61,211933.66,Completed,2024-05-08,2024-06-23,Public Works Department (PWD),True,CTR0099,19.635083,75.428352,19.635083,75.428352,False,
PRJ00157,MP004,Maharashtra-33,Maharashtra,Maharashtra District 1,Library / Reading Room,"Library / Reading Room at Maharashtra District 1, Ward 19",412710.97,393747.86,412710.97,Completed,2024-12-29,2025-03-03,Cantonment Board Works Wing,True,CTR0098,19.364924,75.198857,19.364924,75.198857,False,
PRJ00158,MP004,Maharashtra-33,Maharashtra,Maharashtra District 1,Library / Reading Room,"Library / Reading Room at Maharashtra District 1, Ward 11",1436122.63,1313837.11,1436122.63,Completed,2025-02-21,2025-04-06,Cantonment Board Works Wing,True,CTR0042,20.232339,75.603673,20.232339,75.603673,False,
PRJ00159,MP004,Maharashtra-33,Maharashtra,Maharashtra District 1,Borewell / Handpump,"Borewell / Handpump at Maharashtra District 1, Ward 21",345673.96,340182.89,345673.96,Sanctioned,2026-06-03,2026-08-05,Public Works Department (PWD),False,CTR0057,19.375946,75.355726,19.375946,75.355726,False,
PRJ00160,MP004,Maharashtra-33,Maharashtra,Maharashtra District 1,School Building Repair,"School Building Repair at Maharashtra District 1, Ward 12",863347.42,795126.99,863347.42,Payment Released,2024-07-23,2024-10-04,District Rural Development Agency,False,CTR0102,20.261832,75.322631,20.261832,75.322631,False,
PRJ00161,MP005,Uttar-35,Uttar Pradesh,Uttar District 3,Community Hall,"Community Hall at Uttar District 3, Ward 2",4808793.59,4636415.65,4808793.59,Sanctioned,2026-05-11,2026-08-03,District Rural Development Agency,False,CTR0040,26.951464,80.457494,26.951464,80.457494,False,
PRJ00162,MP005,Uttar-35,Uttar Pradesh,Uttar District 3,Drainage System,"Drainage System at Uttar District 3, Ward 3",1945788.36,1794461.2,1945788.36,Payment Released,2025-01-11,2025-02-27,Cantonment Board Works Wing,False,CTR0107,26.34077,80.450223,26.34077,80.450223,False,
PRJ00163,MP005,Uttar-35,Uttar Pradesh,Uttar District 3,Library / Reading Room,"Library / Reading Room at Uttar District 3, Ward 19",460682.14,396016.81,460682.14,Completed,2024-10-22,2024-11-29,Public Works Department (PWD),True,CTR0077,26.898366,80.622792,26.898366,80.622792,False,
PRJ00164,MP005,Uttar-35,Uttar Pradesh,Uttar District 3,Sports Infrastructure,"Sports Infrastructure at Uttar District 3, Ward 19",451782.85,440047.94,451782.85,Completed,2024-12-03,2025-02-20,Public Works Department (PWD),False,CTR0024,26.920025,80.649995,26.920025,80.649995,True,split_tender
PRJ00165,MP005,Uttar-35,Uttar Pradesh,Uttar District 3,Street Lighting,"Street Lighting at Uttar District 3, Ward 5",331533.76,288890.01,331533.76,Completed,2024-12-20,2025-02-14,Panchayati Raj Engineering Department,False,CTR0042,26.798666,81.041787,26.798666,81.041787,False,
PRJ00166,MP005,Uttar-35,Uttar Pradesh,Uttar District 3,Road Construction,"Road Construction at Uttar District 3, Ward 23",1671137.49,1442492.42,1671137.49,Sanctioned,2026-05-15,2026-06-28,Zilla Parishad PWD Division,False,CTR0058,26.620752,80.339844,26.620752,80.339844,False,
PRJ00167,MP005,Uttar-35,Uttar Pradesh,Uttar District 3,Community Hall,"Community Hall at Uttar District 3, Ward 8",1490121.92,1420711.66,1490121.92,Payment Released,2026-03-27,2026-04-18,District Rural Development Agency,False,CTR0065,27.160704,80.54018,27.160704,80.54018,False,
PRJ00168,MP005,Uttar-35,Uttar Pradesh,Uttar District 3,Public Toilet Complex,"Public Toilet Complex at Uttar District 3, Ward 6",818251.76,699390.81,818251.76,Completed,2025-04-15,2025-06-22,Panchayati Raj Engineering Department,True,CTR0057,27.323455,80.362366,27.323455,80.362366,False,
PRJ00169,MP005,Uttar-35,Uttar Pradesh,Uttar District 3,Drainage System,"Drainage System at Uttar District 3, Ward 14",2213739.06,1994396.33,2213739.06,Completed,2024-07-19,2024-09-13,Public Works Department (PWD),True,CTR0048,27.17779,80.396138,27.17779,80.396138,False,
PRJ00170,MP005,Uttar-35,Uttar Pradesh,Uttar District 3,Drainage System,"Drainage System at Uttar District 3, Ward 21",1493875.28,1387750.98,1493875.28,Work In Progress,2026-06-09,2026-07-12,Cantonment Board Works Wing,False,CTR0087,27.077907,80.397956,27.077907,80.397956,False,
PRJ00171,MP005,Uttar-35,Uttar Pradesh,Uttar District 3,Drainage System,"Drainage System at Uttar District 3, Ward 22",688747.87,608083.16,688747.87,Work In Progress,2026-01-22,2026-04-06,Panchayati Raj Engineering Department,False,CTR0009,27.371038,80.704275,27.371038,80.704275,False,
PRJ00172,MP005,Uttar-35,Uttar Pradesh,Uttar District 3,Drinking Water Supply,"Drinking Water Supply at Uttar District 3, Ward 20",1749157.11,1632496.26,1749157.11,Payment Released,2024-03-27,2024-06-23,Cantonment Board Works Wing,False,CTR0037,27.063042,80.574146,27.063042,80.574146,False,
PRJ00173,MP005,Uttar-35,Uttar Pradesh,Uttar District 3,Borewell / Handpump,"Borewell / Handpump at Uttar District 3, Ward 5",255587.94,243328.46,255587.94,Sanctioned,2025-12-17,2026-02-04,Cantonment Board Works Wing,False,CTR0043,26.286638,80.336783,26.286638,80.336783,False,
PRJ00174,MP005,Uttar-35,Uttar Pradesh,Uttar District 3,Drainage System,"Drainage System at Uttar District 3, Ward 22",2637749.39,2535948.03,2637749.39,Completed,2025-08-09,2025-11-06,Cantonment Board Works Wing,False,CTR0040,26.710592,80.715122,26.710592,80.715122,False,
PRJ00175,MP005,Uttar-35,Uttar Pradesh,Uttar District 3,Drinking Water Supply,"Drinking Water Supply at Uttar District 3, Ward 10",2207469.29,2021583.41,2207469.29,Completed,2024-07-10,2024-09-30,District Rural Development Agency,True,CTR0017,27.070309,80.884003,27.070309,80.884003,False,
PRJ00176,MP005,Uttar-35,Uttar Pradesh,Uttar District 3,Sports Infrastructure,"Sports Infrastructure at Uttar District 3, Ward 5",1258166.17,1241626.95,1258166.17,Completed,2025-02-01,2025-04-11,Zilla Parishad PWD Division,True,CTR0049,26.452795,81.04756,26.452795,81.04756,False,
PRJ00177,MP005,Uttar-35,Uttar Pradesh,Uttar District 3,Sports Infrastructure,"Sports Infrastructure at Uttar District 3, Ward 17",2619057.39,2296788.84,2619057.39,Payment Released,2026-01-18,2026-04-07,Public Works Department (PWD),False,CTR0012,26.485052,81.465674,26.485052,81.465674,False,
PRJ00178,MP005,Uttar-35,Uttar Pradesh,Uttar District 3,Drainage System,"Drainage System at Uttar District 3, Ward 7",1603764.11,1572671.1,1603764.11,Work In Progress,2025-09-17,2025-11-15,Municipal Corporation Engineering Cell,False,CTR0003,26.734366,80.917781,26.734366,80.917781,False,
PRJ00179,MP005,Uttar-35,Uttar Pradesh,Uttar District 3,Drainage System,"Drainage System at Uttar District 3, Ward 5",699690.65,696480.36,699690.65,Payment Released,2025-09-30,2025-12-12,Municipal Corporation Engineering Cell,False,CTR0099,26.50976,81.088084,26.50976,81.088084,False,
PRJ00180,MP005,Uttar-35,Uttar Pradesh,Uttar District 3,Borewell / Handpump,"Borewell / Handpump at Uttar District 3, Ward 17",115335.89,105886.24,115335.89,Work In Progress,2026-02-22,2026-04-16,District Rural Development Agency,False,CTR0010,26.483261,80.388196,26.483261,80.388196,False,
PRJ00181,MP005,Uttar-35,Uttar Pradesh,Uttar District 3,Sports Infrastructure,"Sports Infrastructure at Uttar District 3, Ward 2",1444709.85,1321379.49,1444709.85,Completed,2025-01-14,2025-02-10,Panchayati Raj Engineering Department,True,CTR0107,26.498457,81.040574,26.498457,81.040574,False,
PRJ00182,MP005,Uttar-35,Uttar Pradesh,Uttar District 3,Drainage System,"Drainage System at Uttar District 3, Ward 20",350846.42,333153.48,350846.42,Completed,2024-09-26,2024-11-23,Municipal Corporation Engineering Cell,True,CTR0113,26.769557,81.313005,26.769557,81.313005,False,
PRJ00183,MP005,Uttar-35,Uttar Pradesh,Uttar District 3,Drinking Water Supply,"Drinking Water Supply at Uttar District 3, Ward 25",752850.66,747872.44,752850.66,Completed,2026-07-05,2026-07-29,Cantonment Board Works Wing,False,CTR0005,26.837403,81.423927,26.78225,81.426097,True,phantom_work
PRJ00184,MP005,Uttar-35,Uttar Pradesh,Uttar District 3,Library / Reading Room,"Library / Reading Room at Uttar District 3, Ward 15",392846.16,390790.71,392846.16,Completed,2025-01-15,2025-04-05,Cantonment Board Works Wing,True,CTR0104,26.205928,81.442174,26.205928,81.442174,False,
PRJ00185,MP005,Uttar-35,Uttar Pradesh,Uttar District 3,Road Construction,"Road Construction at Uttar District 3, Ward 8",2465503.32,2342301.23,2465503.32,Work In Progress,2025-10-20,2025-12-26,Cantonment Board Works Wing,False,CTR0053,26.367582,80.335968,26.367582,80.335968,False,
PRJ00186,MP005,Uttar-35,Uttar Pradesh,Uttar District 3,Public Toilet Complex,"Public Toilet Complex at Uttar District 3, Ward 15",361946.12,360312.59,361946.12,Work In Progress,2025-06-20,2025-09-08,Cantonment Board Works Wing,False,CTR0079,26.312681,81.107123,26.312681,81.107123,False,
PRJ00187,MP005,Uttar-35,Uttar Pradesh,Uttar District 3,Street Lighting,"Street Lighting at Uttar District 3, Ward 7",282862.34,275993.68,282862.34,Payment Released,2025-05-28,2025-07-28,Public Works Department (PWD),False,CTR0069,27.333537,81.119898,27.333537,81.119898,False,
PRJ00188,MP005,Uttar-35,Uttar Pradesh,Uttar District 3,Drainage System,"Drainage System at Uttar District 3, Ward 15",2639488.71,2255596.35,2639488.71,Completed,2025-02-03,2025-03-06,Public Works Department (PWD),True,CTR0087,27.317138,81.127432,27.317138,81.127432,False,
PRJ00189,MP005,Uttar-35,Uttar Pradesh,Uttar District 3,School Building Repair,"School Building Repair at Uttar District 3, Ward 14",908955.93,787145.8,908955.93,Sanctioned,2026-04-25,2026-07-22,Panchayati Raj Engineering Department,False,CTR0100,26.989414,81.499296,26.989414,81.499296,False,
PRJ00190,MP005,Uttar-35,Uttar Pradesh,Uttar District 3,Borewell / Handpump,"Borewell / Handpump at Uttar District 3, Ward 5",189865.15,183667.54,189865.15,Payment Released,2024-08-12,2024-09-26,Panchayati Raj Engineering Department,False,CTR0105,26.88042,81.186139,26.88042,81.186139,False,
PRJ00191,MP005,Uttar-35,Uttar Pradesh,Uttar District 3,School Building Repair,"School Building Repair at Uttar District 3, Ward 18",788659.69,765928.07,788659.69,Payment Released,2025-07-01,2025-09-15,Zilla Parishad PWD Division,False,CTR0007,27.114742,81.257376,27.114742,81.257376,False,
PRJ00192,MP005,Uttar-35,Uttar Pradesh,Uttar District 3,Community Hall,"Community Hall at Uttar District 3, Ward 10",1425087.09,1212555.01,1425087.09,Completed,2025-08-11,2025-10-17,District Rural Development Agency,True,CTR0092,26.589503,80.739754,26.589503,80.739754,False,
PRJ00193,MP005,Uttar-35,Uttar Pradesh,Uttar District 3,Community Hall,"Community Hall at Uttar District 3, Ward 17",3133206.84,2838647.07,3133206.84,Payment Released,2025-02-28,2025-05-04,Public Works Department (PWD),False,CTR0098,26.472724,80.387835,26.472724,80.387835,False,
PRJ00194,MP005,Uttar-35,Uttar Pradesh,Uttar District 3,Borewell / Handpump,"Borewell / Handpump at Uttar District 3, Ward 15",247262.39,224259.05,247262.39,Completed,2025-07-26,2025-08-11,Municipal Corporation Engineering Cell,True,CTR0107,27.236,80.922898,27.236,80.922898,False,
PRJ00195,MP005,Uttar-35,Uttar Pradesh,Uttar District 3,Drainage System,"Drainage System at Uttar District 3, Ward 13",1295537.95,1213952.56,1295537.95,Sanctioned,2024-10-12,2024-12-26,District Rural Development Agency,False,CTR0120,26.840323,81.029486,26.840323,81.029486,False,
PRJ00196,MP005,Uttar-35,Uttar Pradesh,Uttar District 3,Sports Infrastructure,"Sports Infrastructure at Uttar District 3, Ward 12",2626181.54,2239436.62,2626181.54,Payment Released,2025-01-07,2025-03-30,District Rural Development Agency,False,CTR0048,26.434934,80.309075,26.434934,80.309075,False,
PRJ00197,MP005,Uttar-35,Uttar Pradesh,Uttar District 3,Street Lighting,"Street Lighting at Uttar District 3, Ward 23",332611.72,285726.81,332611.72,Sanctioned,2026-04-19,2026-06-09,District Rural Development Agency,False,CTR0004,27.321323,80.721947,27.321323,80.721947,False,
PRJ00198,MP005,Uttar-35,Uttar Pradesh,Uttar District 3,Drainage System,"Drainage System at Uttar District 3, Ward 10",956135.56,856786.86,956135.56,Work In Progress,2025-10-24,2025-12-23,District Rural Development Agency,False,CTR0102,27.163631,80.946994,27.163631,80.946994,False,
PRJ00199,MP005,Uttar-35,Uttar Pradesh,Uttar District 3,Public Toilet Complex,"Public Toilet Complex at Uttar District 3, Ward 16",901958.21,822615.08,901958.21,Completed,2025-02-03,2025-03-03,Cantonment Board Works Wing,True,CTR0090,26.346263,80.517379,26.346263,80.517379,False,
PRJ00200,MP005,Uttar-35,Uttar Pradesh,Uttar District 3,Public Toilet Complex,"Public Toilet Complex at Uttar District 3, Ward 1",2105692.38,2110821.32,2105692.38,Sanctioned,2024-09-28,2024-11-23,District Rural Development Agency,False,CTR0020,27.355512,80.880255,27.355512,80.880255,True,cost_inflation
PRJ00201,MP006,West-18,West Bengal,West District 2,Street Lighting,"Street Lighting at West District 2, Ward 20",601208.87,590766.45,601208.87,Work In Progress,2025-03-14,2025-04-28,Cantonment Board Works Wing,False,CTR0107,22.573696,87.554454,22.573696,87.554454,False,
PRJ00202,MP006,West-18,West Bengal,West District 2,Sports Infrastructure,"Sports Infrastructure at West District 2, Ward 8",3003570.04,2712263.41,3003570.04,Work In Progress,2025-11-07,2026-01-22,Zilla Parishad PWD Division,False,CTR0055,22.584245,88.236631,22.584245,88.236631,False,
PRJ00203,MP006,West-18,West Bengal,West District 2,School Building Repair,"School Building Repair at West District 2, Ward 21",962728.86,832115.72,962728.86,Work In Progress,2025-04-20,2025-05-17,Public Works Department (PWD),False,CTR0016,23.048631,87.842121,23.048631,87.842121,False,
PRJ00204,MP006,West-18,West Bengal,West District 2,Library / Reading Room,"Library / Reading Room at West District 2, Ward 20",1157935.87,1021891.11,1157935.87,Work In Progress,2025-02-02,2025-04-03,Public Works Department (PWD),False,CTR0059,22.414857,87.328366,22.414857,87.328366,False,
PRJ00205,MP006,West-18,West Bengal,West District 2,Sports Infrastructure,"Sports Infrastructure at West District 2, Ward 8",2094761.98,1903375.94,2094761.98,Completed,2024-06-05,2024-06-30,Panchayati Raj Engineering Department,True,CTR0003,23.013372,87.89612,23.013372,87.89612,False,
PRJ00206,MP006,West-18,West Bengal,West District 2,Borewell / Handpump,"Borewell / Handpump at West District 2, Ward 12",189166.07,181152.93,189166.07,Work In Progress,2026-04-27,2026-05-19,Panchayati Raj Engineering Department,False,CTR0038,23.130923,88.489507,23.130923,88.489507,False,
PRJ00207,MP006,West-18,West Bengal,West District 2,Street Lighting,"Street Lighting at West District 2, Ward 22",693254.11,617775.45,693254.11,Completed,2024-08-15,2024-09-13,Cantonment Board Works Wing,True,CTR0074,22.395303,87.40279,22.395303,87.40279,False,
PRJ00208,MP006,West-18,West Bengal,West District 2,Community Hall,"Community Hall at West District 2, Ward 17",1978613.29,1702425.74,1978613.29,Completed,2024-10-26,2024-11-27,District Rural Development Agency,True,CTR0068,22.922872,87.381135,22.922872,87.381135,False,
PRJ00209,MP006,West-18,West Bengal,West District 2,Sports Infrastructure,"Sports Infrastructure at West District 2, Ward 18",3128245.17,2909091.79,3128245.17,Completed,2024-12-13,2025-03-12,Panchayati Raj Engineering Department,True,CTR0065,22.689201,87.699602,22.689201,87.699602,False,
PRJ00210,MP006,West-18,West Bengal,West District 2,Road Construction,"Road Construction at West District 2, Ward 21",2642690.35,2430695.96,2642690.35,Completed,2024-06-26,2024-07-24,District Rural Development Agency,True,CTR0050,22.372171,87.974756,22.372171,87.974756,False,
PRJ00211,MP006,West-18,West Bengal,West District 2,Drinking Water Supply,"Drinking Water Supply at West District 2, Ward 12",742054.12,641506.87,742054.12,Work In Progress,2025-09-21,2025-11-24,District Rural Development Agency,False,CTR0048,22.840445,88.207396,22.840445,88.207396,False,
PRJ00212,MP006,West-18,West Bengal,West District 2,Community Hall,"Community Hall at West District 2, Ward 21",4936339.8,4369629.78,4936339.8,Payment Released,2024-04-04,2024-06-27,Cantonment Board Works Wing,False,CTR0045,22.779179,87.482899,22.779179,87.482899,False,
PRJ00213,MP006,West-18,West Bengal,West District 2,Community Hall,"Community Hall at West District 2, Ward 5",3607777.08,3348535.55,3607777.08,Completed,2024-12-09,2025-01-02,Zilla Parishad PWD Division,True,CTR0099,23.048303,87.406949,23.048303,87.406949,False,
PRJ00214,MP006,West-18,West Bengal,West District 2,Road Construction,"Road Construction at West District 2, Ward 6",3584517.97,3066282.9,3584517.97,Payment Released,2025-10-24,2025-11-14,Cantonment Board Works Wing,False,CTR0046,22.663754,87.615735,22.663754,87.615735,False,
PRJ00215,MP006,West-18,West Bengal,West District 2,Public Toilet Complex,"Public Toilet Complex at West District 2, Ward 5",1133805.71,1015695.64,1133805.71,Completed,2025-03-14,2025-05-06,Municipal Corporation Engineering Cell,True,CTR0090,22.776378,87.836643,22.776378,87.836643,False,
PRJ00216,MP006,West-18,West Bengal,West District 2,Community Hall,"Community Hall at West District 2, Ward 2",3384210.11,3308788.74,3384210.11,Payment Released,2026-03-13,2026-05-28,Public Works Department (PWD),False,CTR0092,22.550213,88.416714,22.550213,88.416714,False,
PRJ00217,MP006,West-18,West Bengal,West District 2,School Building Repair,"School Building Repair at West District 2, Ward 2",885121.93,867604.04,885121.93,Sanctioned,2025-12-08,2025-12-29,Municipal Corporation Engineering Cell,False,CTR0026,23.26711,88.248037,23.26711,88.248037,False,
PRJ00218,MP006,West-18,West Bengal,West District 2,Drainage System,"Drainage System at West District 2, Ward 18",1358195.49,1296048.08,1358195.49,Payment Released,2025-01-18,2025-04-04,Public Works Department (PWD),False,CTR0120,22.71532,88.470732,22.71532,88.470732,False,
PRJ00219,MP006,West-18,West Bengal,West District 2,Public Toilet Complex,"Public Toilet Complex at West District 2, Ward 7",289150.91,285800.68,289150.91,Work In Progress,2024-11-28,2024-12-26,Cantonment Board Works Wing,False,CTR0033,22.884474,88.027504,22.884474,88.027504,False,
PRJ00220,MP006,West-18,West Bengal,West District 2,School Building Repair,"School Building Repair at West District 2, Ward 21",1104618.94,963179.22,1104618.94,Work In Progress,2026-07-15,2026-08-09,District Rural Development Agency,False,CTR0046,22.741041,87.381807,22.741041,87.381807,False,
PRJ00221,MP006,West-18,West Bengal,West District 2,Drainage System,"Drainage System at West District 2, Ward 14",2898566.56,2883706.55,2898566.56,Work In Progress,2025-06-04,2025-07-21,Zilla Parishad PWD Division,False,CTR0035,22.818997,87.674179,22.818997,87.674179,False,
PRJ00222,MP006,West-18,West Bengal,West District 2,Drinking Water Supply,"Drinking Water Supply at West District 2, Ward 11",532462.31,469847.79,532462.31,Work In Progress,2026-04-11,2026-04-30,Public Works Department (PWD),False,CTR0096,23.043506,88.080241,23.043506,88.080241,False,
PRJ00223,MP006,West-18,West Bengal,West District 2,Borewell / Handpump,"Borewell / Handpump at West District 2, Ward 17",290805.63,249721.94,290805.63,Completed,2024-11-23,2025-02-19,Zilla Parishad PWD Division,True,CTR0064,23.49384,87.369337,23.49384,87.369337,False,
PRJ00224,MP006,West-18,West Bengal,West District 2,School Building Repair,"School Building Repair at West District 2, Ward 3",456048.86,408387.78,456048.86,Sanctioned,2026-05-19,2026-07-11,Public Works Department (PWD),False,CTR0103,22.421255,88.130594,22.421255,88.130594,False,
PRJ00225,MP006,West-18,West Bengal,West District 2,Drinking Water Supply,"Drinking Water Supply at West District 2, Ward 18",2492733.08,2348859.79,2492733.08,Completed,2025-05-19,2025-07-04,Municipal Corporation Engineering Cell,True,CTR0078,22.667504,88.048675,22.667504,88.048675,False,
PRJ00226,MP006,West-18,West Bengal,West District 2,School Building Repair,"School Building Repair at West District 2, Ward 22",1795887.59,1578932.47,1795887.59,Work In Progress,2024-08-27,2024-11-05,Zilla Parishad PWD Division,False,CTR0042,22.741311,87.796956,22.741311,87.796956,False,
PRJ00227,MP006,West-18,West Bengal,West District 2,School Building Repair,"School Building Repair at West District 2, Ward 15",1584748.81,1445961.42,1584748.81,Completed,2024-12-04,2024-12-29,Cantonment Board Works Wing,True,CTR0010,22.323031,87.611776,22.388095131041208,87.56092754577493,True,geo_mismatch
PRJ00228,MP006,West-18,West Bengal,West District 2,Drainage System,"Drainage System at West District 2, Ward 20",2933652.83,2915864.61,2933652.83,Work In Progress,2025-04-29,2025-06-17,Zilla Parishad PWD Division,False,CTR0058,22.885425,87.431683,22.885425,87.431683,False,
PRJ00229,MP006,West-18,West Bengal,West District 2,Drinking Water Supply,"Drinking Water Supply at West District 2, Ward 3",2157585.58,2040956.6,2157585.58,Completed,2025-07-02,2025-08-14,District Rural Development Agency,True,CTR0009,22.689611,88.184828,22.775116,88.302453,True,phantom_work
PRJ00230,MP006,West-18,West Bengal,West District 2,Drinking Water Supply,"Drinking Water Supply at West District 2, Ward 22",2031187.45,1936168.92,2031187.45,Completed,2024-10-09,2024-10-26,Cantonment Board Works Wing,True,CTR0047,22.825124,87.605605,22.825124,87.605605,False,
PRJ00231,MP006,West-18,West Bengal,West District 2,Borewell / Handpump,"Borewell / Handpump at West District 2, Ward 22",204598.92,194144.54,204598.92,Work In Progress,2025-04-06,2025-04-25,Panchayati Raj Engineering Department,False,CTR0004,23.374141,88.064004,23.374141,88.064004,False,
PRJ00232,MP006,West-18,West Bengal,West District 2,Public Toilet Complex,"Public Toilet Complex at West District 2, Ward 25",694328.42,666982.34,694328.42,Sanctioned,2026-07-06,2026-07-27,Municipal Corporation Engineering Cell,False,CTR0005,22.914666,88.116273,22.914666,88.116273,False,
PRJ00233,MP006,West-18,West Bengal,West District 2,Drainage System,"Drainage System at West District 2, Ward 2",2219889.32,2169864.9,2219889.32,Completed,2025-10-14,2025-11-20,Panchayati Raj Engineering Department,True,CTR0012,23.447802,88.18501,23.496213,88.090569,True,phantom_work
PRJ00234,MP006,West-18,West Bengal,West District 2,Library / Reading Room,"Library / Reading Room at West District 2, Ward 12",327914.34,316324.51,327914.34,Work In Progress,2026-03-30,2026-06-25,Zilla Parishad PWD Division,False,CTR0020,22.618056,87.325134,22.618056,87.325134,False,
PRJ00235,MP006,West-18,West Bengal,West District 2,Public Toilet Complex,"Public Toilet Complex at West District 2, Ward 17",460217.02,434306.58,460217.02,Sanctioned,2026-03-24,2026-05-24,Municipal Corporation Engineering Cell,False,CTR0098,22.758328,87.546825,22.758328,87.546825,False,
PRJ00236,MP006,West-18,West Bengal,West District 2,Drainage System,"Drainage System at West District 2, Ward 8",2380242.9,2212543.65,2380242.9,Payment Released,2024-10-24,2024-11-29,Zilla Parishad PWD Division,False,CTR0051,22.350341,88.462187,22.350341,88.462187,False,
PRJ00237,MP006,West-18,West Bengal,West District 2,Community Hall,"Community Hall at West District 2, Ward 17",5895845.71,5526549.98,5895845.71,Completed,2025-02-26,2025-03-22,Public Works Department (PWD),True,CTR0004,23.197688,88.274124,23.197688,88.274124,False,
PRJ00238,MP006,West-18,West Bengal,West District 2,Drinking Water Supply,"Drinking Water Supply at West District 2, Ward 25",2341784.01,2121246.63,2341784.01,Completed,2025-01-31,2025-04-26,Zilla Parishad PWD Division,True,CTR0117,22.818492,87.827286,22.818492,87.827286,False,
PRJ00239,MP006,West-18,West Bengal,West District 2,School Building Repair,"School Building Repair at West District 2, Ward 10",418702.48,411600.75,418702.48,Completed,2024-08-28,2024-11-15,Panchayati Raj Engineering Department,True,CTR0091,23.074973,87.643088,23.074973,87.643088,False,
PRJ00240,MP006,West-18,West Bengal,West District 2,Public Toilet Complex,"Public Toilet Complex at West District 2, Ward 15",1114872.86,1073908.29,1114872.86,Work In Progress,2024-11-12,2025-01-24,District Rural Development Agency,False,CTR0026,22.852647,88.310398,22.852647,88.310398,False,
PRJ00241,MP007,Bihar-22,Bihar,Bihar District 1,Public Toilet Complex,"Public Toilet Complex at Bihar District 1, Ward 22",838969.93,781713.62,838969.93,Work In Progress,2026-06-29,2026-07-26,Zilla Parishad PWD Division,False,CTR0012,26.181604,85.624866,26.181604,85.624866,False,
PRJ00242,MP007,Bihar-22,Bihar,Bihar District 1,Drainage System,"Drainage System at Bihar District 1, Ward 10",612254.13,595519.87,612254.13,Work In Progress,2024-08-18,2024-10-26,Panchayati Raj Engineering Department,False,CTR0091,25.256214,85.107023,25.256214,85.107023,False,
PRJ00243,MP007,Bihar-22,Bihar,Bihar District 1,School Building Repair,"School Building Repair at Bihar District 1, Ward 23",1176026.97,1089299.78,1176026.97,Payment Released,2024-12-06,2025-02-24,Cantonment Board Works Wing,False,CTR0109,25.357058,85.178026,25.357058,85.178026,False,
PRJ00244,MP007,Bihar-22,Bihar,Bihar District 1,Borewell / Handpump,"Borewell / Handpump at Bihar District 1, Ward 4",251798.67,220074.74,251798.67,Work In Progress,2025-12-06,2026-02-13,Municipal Corporation Engineering Cell,False,CTR0102,25.553869,84.511198,25.553869,84.511198,False,
PRJ00245,MP007,Bihar-22,Bihar,Bihar District 1,Street Lighting,"Street Lighting at Bihar District 1, Ward 1",1791786.09,1811367.72,1791786.09,Work In Progress,2024-11-20,2025-01-20,Public Works Department (PWD),False,CTR0102,25.244843,85.166102,25.244843,85.166102,True,cost_inflation
PRJ00246,MP007,Bihar-22,Bihar,Bihar District 1,Drainage System,"Drainage System at Bihar District 1, Ward 18",1774122.91,1623125.19,1774122.91,Completed,2024-06-12,2024-07-24,Public Works Department (PWD),True,CTR0018,25.894881,84.742977,25.836562,84.855972,True,phantom_work
PRJ00247,MP007,Bihar-22,Bihar,Bihar District 1,Borewell / Handpump,"Borewell / Handpump at Bihar District 1, Ward 10",179443.57,171962.69,179443.57,Completed,2025-09-05,2025-10-20,District Rural Development Agency,True,CTR0079,26.063435,85.211653,26.063435,85.211653,False,
PRJ00248,MP007,Bihar-22,Bihar,Bihar District 1,Drinking Water Supply,"Drinking Water Supply at Bihar District 1, Ward 14",307080.18,277392.88,307080.18,Completed,2025-03-26,2025-05-16,Panchayati Raj Engineering Department,True,CTR0092,25.953037,84.611589,25.953037,84.611589,False,
PRJ00249,MP007,Bihar-22,Bihar,Bihar District 1,Drinking Water Supply,"Drinking Water Supply at Bihar District 1, Ward 11",442677.91,413559.75,442677.91,Completed,2024-12-21,2025-03-06,Municipal Corporation Engineering Cell,True,CTR0106,25.672792,85.224185,25.672792,85.224185,False,
PRJ00250,MP007,Bihar-22,Bihar,Bihar District 1,Community Hall,"Community Hall at Bihar District 1, Ward 12",5090256.93,4385555.36,5090256.93,Completed,2024-10-03,2024-12-10,Panchayati Raj Engineering Department,True,CTR0058,25.070261,84.901086,25.070261,84.901086,False,
PRJ00251,MP007,Bihar-22,Bihar,Bihar District 1,Borewell / Handpump,"Borewell / Handpump at Bihar District 1, Ward 21",219662.65,191571.72,219662.65,Work In Progress,2026-05-20,2026-06-20,Panchayati Raj Engineering Department,False,CTR0113,25.393831,85.020823,25.393831,85.020823,False,
PRJ00252,MP007,Bihar-22,Bihar,Bihar District 1,Library / Reading Room,"Library / Reading Room at Bihar District 1, Ward 14",977692.88,977450.54,977692.88,Payment Released,2025-07-27,2025-09-27,Municipal Corporation Engineering Cell,False,CTR0024,26.119736,85.271078,26.119736,85.271078,False,
PRJ00253,MP007,Bihar-22,Bihar,Bihar District 1,Sports Infrastructure,"Sports Infrastructure at Bihar District 1, Ward 17",2835520.02,2646819.36,2835520.02,Completed,2025-04-18,2025-05-16,District Rural Development Agency,True,CTR0117,25.4606,85.186247,25.318459,85.043505,True,phantom_work
PRJ00254,MP007,Bihar-22,Bihar,Bihar District 1,Borewell / Handpump,"Borewell / Handpump at Bihar District 1, Ward 23",153729.12,137558.17,153729.12,Work In Progress,2025-07-02,2025-09-20,Zilla Parishad PWD Division,False,CTR0039,26.128815,84.811156,26.128815,84.811156,False,
PRJ00255,MP007,Bihar-22,Bihar,Bihar District 1,Street Lighting,"Street Lighting at Bihar District 1, Ward 10",781450.18,758316.51,781450.18,Completed,2026-04-24,2026-05-15,Panchayati Raj Engineering Department,True,CTR0045,25.549824,85.079563,25.549824,85.079563,False,
PRJ00256,MP007,Bihar-22,Bihar,Bihar District 1,Community Hall,"Community Hall at Bihar District 1, Ward 9",3381597.99,3244393.83,3381597.99,Payment Released,2025-04-03,2025-04-28,Panchayati Raj Engineering Department,False,CTR0033,25.918615,84.69069,25.918615,84.69069,False,
PRJ00257,MP007,Bihar-22,Bihar,Bihar District 1,Borewell / Handpump,"Borewell / Handpump at Bihar District 1, Ward 3",282871.27,281030.4,282871.27,Work In Progress,2025-12-13,2026-01-16,Panchayati Raj Engineering Department,False,CTR0081,25.08275,84.568466,25.08275,84.568466,False,
PRJ00258,MP007,Bihar-22,Bihar,Bihar District 1,Sports Infrastructure,"Sports Infrastructure at Bihar District 1, Ward 5",1165634.28,1034421.08,1165634.28,Work In Progress,2025-06-23,2025-09-04,Panchayati Raj Engineering Department,False,CTR0083,25.32634,85.411278,25.32634,85.411278,False,
PRJ00259,MP007,Bihar-22,Bihar,Bihar District 1,Borewell / Handpump,"Borewell / Handpump at Bihar District 1, Ward 11",97648.86,83493.88,97648.86,Payment Released,2026-03-17,2026-05-10,Panchayati Raj Engineering Department,False,CTR0085,25.075184,85.587725,25.075184,85.587725,False,
PRJ00260,MP007,Bihar-22,Bihar,Bihar District 1,Library / Reading Room,"Library / Reading Room at Bihar District 1, Ward 3",734424.28,723389.56,734424.28,Completed,2024-05-24,2024-07-20,District Rural Development Agency,True,CTR0006,25.026188,85.296548,25.026188,85.296548,False,
PRJ00261,MP007,Bihar-22,Bihar,Bihar District 1,Road Construction,"Road Construction at Bihar District 1, Ward 21",519483.09,461832.77,519483.09,Payment Released,2025-12-03,2026-02-05,Zilla Parishad PWD Division,False,CTR0083,25.876985,85.677557,25.876985,85.677557,False,
PRJ00262,MP007,Bihar-22,Bihar,Bihar District 1,Street Lighting,"Street Lighting at Bihar District 1, Ward 21",298573.22,274564.91,298573.22,Payment Released,2025-10-31,2025-11-23,Panchayati Raj Engineering Department,False,CTR0099,26.166406,85.230233,26.166406,85.230233,False,
PRJ00263,MP007,Bihar-22,Bihar,Bihar District 1,Road Construction,"Road Construction at Bihar District 1, Ward 10",935236.68,830158.16,935236.68,Completed,2025-06-14,2025-07-07,Panchayati Raj Engineering Department,True,CTR0064,26.020739,85.173467,26.020739,85.173467,False,
PRJ00264,MP007,Bihar-22,Bihar,Bihar District 1,School Building Repair,"School Building Repair at Bihar District 1, Ward 13",1501065.75,1435281.94,1501065.75,Payment Released,2025-07-11,2025-08-07,Cantonment Board Works Wing,False,CTR0062,25.09807,85.049961,25.09807,85.049961,True,duplicate_photo
PRJ00265,MP007,Bihar-22,Bihar,Bihar District 1,School Building Repair,"School Building Repair at Bihar District 1, Ward 6",1729955.67,1590424.94,1729955.67,Work In Progress,2025-05-31,2025-06-19,District Rural Development Agency,False,CTR0059,25.494119,85.281168,25.494119,85.281168,False,
PRJ00266,MP007,Bihar-22,Bihar,Bihar District 1,Public Toilet Complex,"Public Toilet Complex at Bihar District 1, Ward 11",688127.78,632310.97,688127.78,Payment Released,2026-02-15,2026-03-21,Municipal Corporation Engineering Cell,False,CTR0054,25.062348,85.443534,25.062348,85.443534,False,
PRJ00267,MP007,Bihar-22,Bihar,Bihar District 1,Library / Reading Room,"Library / Reading Room at Bihar District 1, Ward 11",414118.26,399008.21,414118.26,Payment Released,2024-07-08,2024-09-26,Cantonment Board Works Wing,False,CTR0019,25.623263,84.745858,25.623263,84.745858,False,
PRJ00268,MP007,Bihar-22,Bihar,Bihar District 1,Drainage System,"Drainage System at Bihar District 1, Ward 17",2644090.67,2426444.73,2644090.67,Sanctioned,2026-07-20,2026-08-08,Zilla Parishad PWD Division,False,CTR0052,26.181988,85.426415,26.181988,85.426415,False,
PRJ00269,MP007,Bihar-22,Bihar,Bihar District 1,Sports Infrastructure,"Sports Infrastructure at Bihar District 1, Ward 4",1838187.27,1710994.4,1838187.27,Payment Released,2025-01-05,2025-03-22,Public Works Department (PWD),False,CTR0014,25.597375,84.626568,25.597375,84.626568,False,
PRJ00270,MP007,Bihar-22,Bihar,Bihar District 1,School Building Repair,"School Building Repair at Bihar District 1, Ward 2",884756.01,880041.59,884756.01,Work In Progress,2025-10-30,2026-01-12,District Rural Development Agency,False,CTR0058,25.24452,85.127996,25.24452,85.127996,False,
PRJ00271,MP007,Bihar-22,Bihar,Bihar District 1,School Building Repair,"School Building Repair at Bihar District 1, Ward 8",1239668.06,1202090.15,1239668.06,Completed,2025-06-03,2025-06-29,Public Works Department (PWD),True,CTR0050,25.475165,85.598108,25.475165,85.598108,False,
PRJ00272,MP007,Bihar-22,Bihar,Bihar District 1,Borewell / Handpump,"Borewell / Handpump at Bihar District 1, Ward 24",294180.56,287878.3,294180.56,Payment Released,2024-06-09,2024-07-04,Panchayati Raj Engineering Department,False,CTR0105,26.087372,84.832285,26.087372,84.832285,False,
PRJ00273,MP007,Bihar-22,Bihar,Bihar District 1,Drainage System,"Drainage System at Bihar District 1, Ward 17",805543.09,792733.71,805543.09,Payment Released,2025-07-12,2025-09-11,Public Works Department (PWD),False,CTR0025,25.785151,84.682525,25.785151,84.682525,False,
PRJ00274,MP007,Bihar-22,Bihar,Bihar District 1,Public Toilet Complex,"Public Toilet Complex at Bihar District 1, Ward 1",237637.29,230636.62,237637.29,Completed,2025-07-03,2025-09-29,Public Works Department (PWD),True,CTR0064,25.606248,85.660552,25.606248,85.660552,False,
PRJ00275,MP007,Bihar-22,Bihar,Bihar District 1,Community Hall,"Community Hall at Bihar District 1, Ward 7",4100290.62,4027671.05,4100290.62,Sanctioned,2026-06-24,2026-08-19,Municipal Corporation Engineering Cell,False,CTR0051,25.512988,84.69468,25.512988,84.69468,False,
PRJ00276,MP007,Bihar-22,Bihar,Bihar District 1,Library / Reading Room,"Library / Reading Room at Bihar District 1, Ward 16",885619.51,871041.07,885619.51,Sanctioned,2026-01-13,2026-04-02,Zilla Parishad PWD Division,False,CTR0046,25.095288,85.377796,25.095288,85.377796,False,
PRJ00277,MP007,Bihar-22,Bihar,Bihar District 1,Library / Reading Room,"Library / Reading Room at Bihar District 1, Ward 16",1264782.57,1209810.59,1264782.57,Completed,2024-09-22,2024-11-10,Cantonment Board Works Wing,True,CTR0113,25.37722,85.065401,25.37722,85.065401,False,
PRJ00278,MP007,Bihar-22,Bihar,Bihar District 1,School Building Repair,"School Building Repair at Bihar District 1, Ward 14",1089582.41,980930.56,1089582.41,Sanctioned,2024-10-16,2024-11-07,District Rural Development Agency,False,CTR0069,25.208514,85.354417,25.208514,85.354417,False,
PRJ00279,MP007,Bihar-22,Bihar,Bihar District 1,Borewell / Handpump,"Borewell / Handpump at Bihar District 1, Ward 25",144766.01,130606.62,144766.01,Payment Released,2025-01-25,2025-03-27,Zilla Parishad PWD Division,False,CTR0113,25.540421,85.398592,25.540421,85.398592,False,
PRJ00280,MP007,Bihar-22,Bihar,Bihar District 1,Drinking Water Supply,"Drinking Water Supply at Bihar District 1, Ward 19",1075224.88,989952.1,1075224.88,Sanctioned,2026-03-16,2026-05-20,District Rural Development Agency,False,CTR0047,26.174926,85.260971,26.174926,85.260971,False,
PRJ00281,MP008,Bihar-22,Bihar,Bihar District 3,Street Lighting,"Street Lighting at Bihar District 3, Ward 13",393828.01,338867.81,393828.01,Payment Released,2025-12-14,2026-03-01,District Rural Development Agency,False,CTR0047,25.209858,85.526885,25.209858,85.526885,False,
PRJ00282,MP008,Bihar-22,Bihar,Bihar District 3,Sports Infrastructure,"Sports Infrastructure at Bihar District 3, Ward 20",1265755.87,1207686.27,1265755.87,Payment Released,2026-02-23,2026-03-12,Zilla Parishad PWD Division,False,CTR0058,25.615186,84.866373,25.615186,84.866373,False,
PRJ00283,MP008,Bihar-22,Bihar,Bihar District 3,Library / Reading Room,"Library / Reading Room at Bihar District 3, Ward 13",595130.32,589622.82,595130.32,Work In Progress,2024-10-04,2024-12-07,District Rural Development Agency,False,CTR0016,26.045445,85.419278,26.045445,85.419278,False,
PRJ00284,MP008,Bihar-22,Bihar,Bihar District 3,Drainage System,"Drainage System at Bihar District 3, Ward 12",965788.86,918088.4,965788.86,Completed,2025-07-19,2025-09-06,Panchayati Raj Engineering Department,True,CTR0102,25.672529,84.633187,25.672529,84.633187,False,
PRJ00285,MP008,Bihar-22,Bihar,Bihar District 3,Borewell / Handpump,"Borewell / Handpump at Bihar District 3, Ward 17",227595.02,226803.0,227595.02,Work In Progress,2026-05-18,2026-07-27,Public Works Department (PWD),False,CTR0026,25.132865,85.007058,25.132865,85.007058,False,
PRJ00286,MP008,Bihar-22,Bihar,Bihar District 3,Road Construction,"Road Construction at Bihar District 3, Ward 11",4155921.52,4067613.39,4155921.52,Work In Progress,2024-10-20,2025-01-03,Cantonment Board Works Wing,False,CTR0006,25.350662,85.592924,25.350662,85.592924,False,
PRJ00287,MP008,Bihar-22,Bihar,Bihar District 3,Public Toilet Complex,"Public Toilet Complex at Bihar District 3, Ward 17",168906.88,161981.81,168906.88,Payment Released,2025-10-28,2026-01-16,Panchayati Raj Engineering Department,False,CTR0067,25.365701,85.495274,25.365701,85.495274,False,
PRJ00288,MP008,Bihar-22,Bihar,Bihar District 3,Borewell / Handpump,"Borewell / Handpump at Bihar District 3, Ward 6",110396.71,102790.9,110396.71,Payment Released,2026-07-01,2026-08-20,Zilla Parishad PWD Division,False,CTR0042,25.115841,84.790273,25.115841,84.790273,False,
PRJ00289,MP008,Bihar-22,Bihar,Bihar District 3,Drinking Water Supply,"Drinking Water Supply at Bihar District 3, Ward 19",962783.57,861292.39,962783.57,Work In Progress,2026-05-01,2026-07-22,Zilla Parishad PWD Division,False,CTR0079,25.359903,85.391832,25.359903,85.391832,False,
PRJ00290,MP008,Bihar-22,Bihar,Bihar District 3,Drainage System,"Drainage System at Bihar District 3, Ward 16",2593725.65,2435464.91,2593725.65,Work In Progress,2026-05-26,2026-06-27,Panchayati Raj Engineering Department,False,CTR0065,26.070763,84.722396,26.070763,84.722396,False,
PRJ00291,MP008,Bihar-22,Bihar,Bihar District 3,Library / Reading Room,"Library / Reading Room at Bihar District 3, Ward 22",1232951.76,1155794.91,1232951.76,Sanctioned,2026-04-24,2026-07-10,Zilla Parishad PWD Division,False,CTR0039,26.026835,85.125735,25.968789690205828,85.18230500993764,True,geo_mismatch
PRJ00292,MP008,Bihar-22,Bihar,Bihar District 3,Community Hall,"Community Hall at Bihar District 3, Ward 23",5530059.46,5388451.34,5530059.46,Completed,2025-05-26,2025-07-12,Cantonment Board Works Wing,True,CTR0054,26.054775,85.186127,26.054775,85.186127,False,
PRJ00293,MP008,Bihar-22,Bihar,Bihar District 3,Road Construction,"Road Construction at Bihar District 3, Ward 25",2125303.04,1998398.03,2125303.04,Completed,2025-02-28,2025-05-01,Cantonment Board Works Wing,True,CTR0077,26.071028,85.032056,26.071028,85.032056,False,
PRJ00294,MP008,Bihar-22,Bihar,Bihar District 3,Library / Reading Room,"Library / Reading Room at Bihar District 3, Ward 19",1113423.91,1031982.03,1113423.91,Payment Released,2025-06-02,2025-08-04,District Rural Development Agency,False,CTR0074,25.12507,84.961414,25.12507,84.961414,False,
PRJ00295,MP008,Bihar-22,Bihar,Bihar District 3,Public Toilet Complex,"Public Toilet Complex at Bihar District 3, Ward 20",1148057.61,1103902.26,1148057.61,Sanctioned,2026-05-31,2026-07-04,Cantonment Board Works Wing,False,CTR0022,25.607519,85.260925,25.607519,85.260925,False,
PRJ00296,MP008,Bihar-22,Bihar,Bihar District 3,Drinking Water Supply,"Drinking Water Supply at Bihar District 3, Ward 2",1096076.81,939170.46,1096076.81,Completed,2024-06-04,2024-07-13,Municipal Corporation Engineering Cell,True,CTR0019,25.168029,84.832177,25.168029,84.832177,False,
PRJ00297,MP008,Bihar-22,Bihar,Bihar District 3,Library / Reading Room,"Library / Reading Room at Bihar District 3, Ward 15",454927.03,405841.53,454927.03,Sanctioned,2026-08-10,2026-08-25,District Rural Development Agency,False,CTR0090,25.248391,85.119887,25.248391,85.119887,False,
PRJ00298,MP008,Bihar-22,Bihar,Bihar District 3,Drainage System,"Drainage System at Bihar District 3, Ward 7",852439.23,738386.15,852439.23,Payment Released,2025-06-08,2025-07-15,Cantonment Board Works Wing,False,CTR0014,25.963103,85.186458,25.963103,85.186458,True,duplicate_photo
PRJ00299,MP008,Bihar-22,Bihar,Bihar District 3,Drinking Water Supply,"Drinking Water Supply at Bihar District 3, Ward 5",1173433.09,1106031.07,1173433.09,Completed,2024-08-08,2024-09-29,Cantonment Board Works Wing,True,CTR0017,25.414268,85.108894,25.533765178729936,85.04968976160714,True,geo_mismatch
PRJ00300,MP008,Bihar-22,Bihar,Bihar District 3,Sports Infrastructure,"Sports Infrastructure at Bihar District 3, Ward 16",1623185.83,1479782.5,1623185.83,Completed,2025-03-23,2025-04-30,Cantonment Board Works Wing,True,CTR0027,26.089133,85.356839,26.089133,85.356839,False,
PRJ00301,MP008,Bihar-22,Bihar,Bihar District 3,Sports Infrastructure,"Sports Infrastructure at Bihar District 3, Ward 15",3360687.59,2857373.42,3360687.59,Work In Progress,2026-01-16,2026-02-04,Municipal Corporation Engineering Cell,False,CTR0049,25.763682,84.561362,25.763682,84.561362,False,
PRJ00302,MP008,Bihar-22,Bihar,Bihar District 3,Sports Infrastructure,"Sports Infrastructure at Bihar District 3, Ward 25",2271765.9,1970014.39,2271765.9,Payment Released,2025-10-14,2025-11-07,Cantonment Board Works Wing,False,CTR0044,25.460607,85.047484,25.460607,85.047484,False,
PRJ00303,MP008,Bihar-22,Bihar,Bihar District 3,School Building Repair,"School Building Repair at Bihar District 3, Ward 9",954106.02,821152.45,954106.02,Completed,2024-06-02,2024-08-06,Municipal Corporation Engineering Cell,True,CTR0079,25.096216,84.925726,25.096216,84.925726,False,
PRJ00304,MP008,Bihar-22,Bihar,Bihar District 3,Sports Infrastructure,"Sports Infrastructure at Bihar District 3, Ward 25",1521951.97,1295972.05,1521951.97,Payment Released,2025-02-05,2025-04-26,Zilla Parishad PWD Division,False,CTR0039,25.763315,85.595944,25.763315,85.595944,False,
PRJ00305,MP008,Bihar-22,Bihar,Bihar District 3,School Building Repair,"School Building Repair at Bihar District 3, Ward 16",1503151.5,1481157.38,1503151.5,Work In Progress,2026-04-23,2026-05-08,Cantonment Board Works Wing,False,CTR0091,25.079733,85.140761,25.079733,85.140761,False,
PRJ00306,MP008,Bihar-22,Bihar,Bihar District 3,Drainage System,"Drainage System at Bihar District 3, Ward 9",1410594.22,1301837.51,1410594.22,Work In Progress,2026-03-28,2026-05-23,Cantonment Board Works Wing,False,CTR0062,25.69264,84.552487,25.69264,84.552487,False,
PRJ00307,MP008,Bihar-22,Bihar,Bihar District 3,School Building Repair,"School Building Repair at Bihar District 3, Ward 13",817701.24,775053.0,817701.24,Payment Released,2025-07-17,2025-09-20,Panchayati Raj Engineering Department,False,CTR0016,26.014725,85.330991,26.014725,85.330991,False,
PRJ00308,MP008,Bihar-22,Bihar,Bihar District 3,Drinking Water Supply,"Drinking Water Supply at Bihar District 3, Ward 10",905838.58,877166.78,905838.58,Payment Released,2024-08-23,2024-11-10,Municipal Corporation Engineering Cell,False,CTR0105,25.535703,85.458056,25.535703,85.458056,False,
PRJ00309,MP008,Bihar-22,Bihar,Bihar District 3,Road Construction,"Road Construction at Bihar District 3, Ward 12",4149867.99,3725876.07,4149867.99,Completed,2025-02-28,2025-05-06,District Rural Development Agency,True,CTR0037,25.698638,84.945407,25.698638,84.945407,False,
PRJ00310,MP008,Bihar-22,Bihar,Bihar District 3,Public Toilet Complex,"Public Toilet Complex at Bihar District 3, Ward 7",543280.53,496873.18,543280.53,Work In Progress,2025-10-31,2025-11-26,Public Works Department (PWD),False,CTR0084,25.171113,85.568116,25.171113,85.568116,False,
PRJ00311,MP008,Bihar-22,Bihar,Bihar District 3,Street Lighting,"Street Lighting at Bihar District 3, Ward 23",169085.82,159876.62,169085.82,Payment Released,2025-08-29,2025-10-06,Panchayati Raj Engineering Department,False,CTR0106,25.408725,84.586054,25.408725,84.586054,False,
PRJ00312,MP008,Bihar-22,Bihar,Bihar District 3,School Building Repair,"School Building Repair at Bihar District 3, Ward 19",1418817.15,1283588.35,1418817.15,Work In Progress,2025-06-26,2025-08-31,Cantonment Board Works Wing,False,CTR0018,25.261471,85.685643,25.261471,85.685643,False,
PRJ00313,MP008,Bihar-22,Bihar,Bihar District 3,Street Lighting,"Street Lighting at Bihar District 3, Ward 8",255414.73,218157.51,255414.73,Sanctioned,2025-10-09,2025-10-26,Panchayati Raj Engineering Department,False,CTR0032,25.606546,85.656821,25.606546,85.656821,False,
PRJ00314,MP008,Bihar-22,Bihar,Bihar District 3,Street Lighting,"Street Lighting at Bihar District 3, Ward 23",173216.84,151392.17,173216.84,Work In Progress,2025-07-23,2025-08-28,Zilla Parishad PWD Division,False,CTR0007,25.028023,85.407456,25.028023,85.407456,False,
PRJ00315,MP008,Bihar-22,Bihar,Bihar District 3,Public Toilet Complex,"Public Toilet Complex at Bihar District 3, Ward 1",2923131.64,3015172.51,2923131.64,Completed,2024-08-10,2024-11-06,Municipal Corporation Engineering Cell,True,CTR0004,26.066084,85.223531,26.066084,85.223531,True,cost_inflation
PRJ00316,MP008,Bihar-22,Bihar,Bihar District 3,Sports Infrastructure,"Sports Infrastructure at Bihar District 3, Ward 16",1455200.02,1270566.8,1455200.02,Payment Released,2024-10-12,2024-12-28,Cantonment Board Works Wing,False,CTR0119,25.664454,85.150046,25.664454,85.150046,False,
PRJ00317,MP008,Bihar-22,Bihar,Bihar District 3,Public Toilet Complex,"Public Toilet Complex at Bihar District 3, Ward 11",612463.42,544418.88,612463.42,Work In Progress,2025-10-25,2025-11-29,Zilla Parishad PWD Division,False,CTR0084,25.233549,84.569177,25.233549,84.569177,False,
PRJ00318,MP008,Bihar-22,Bihar,Bihar District 3,School Building Repair,"School Building Repair at Bihar District 3, Ward 21",1939551.29,1749652.84,1939551.29,Sanctioned,2025-07-09,2025-09-08,District Rural Development Agency,False,CTR0083,25.696561,84.667036,25.696561,84.667036,False,
PRJ00319,MP008,Bihar-22,Bihar,Bihar District 3,Library / Reading Room,"Library / Reading Room at Bihar District 3, Ward 2",835567.18,834796.17,835567.18,Completed,2025-03-31,2025-05-31,Cantonment Board Works Wing,True,CTR0030,26.056378,85.248087,26.056378,85.248087,False,
PRJ00320,MP008,Bihar-22,Bihar,Bihar District 3,Borewell / Handpump,"Borewell / Handpump at Bihar District 3, Ward 16",186687.19,172000.87,186687.19,Completed,2024-06-24,2024-09-01,Public Works Department (PWD),True,CTR0054,25.2733,85.656835,25.162402158824662,85.59768933593236,True,geo_mismatch
PRJ00321,MP009,Maharashtra-23,Maharashtra,Maharashtra District 1,School Building Repair,"School Building Repair at Maharashtra District 1, Ward 19",424677.47,378542.69,424677.47,Sanctioned,2026-03-14,2026-05-02,Zilla Parishad PWD Division,False,CTR0113,20.152509,76.232851,20.152509,76.232851,False,
PRJ00322,MP009,Maharashtra-23,Maharashtra,Maharashtra District 1,Library / Reading Room,"Library / Reading Room at Maharashtra District 1, Ward 10",1475283.59,1445087.68,1475283.59,Completed,2025-12-14,2026-01-13,Zilla Parishad PWD Division,True,CTR0014,19.806478,75.550396,19.806478,75.550396,False,
PRJ00323,MP009,Maharashtra-23,Maharashtra,Maharashtra District 1,Public Toilet Complex,"Public Toilet Complex at Maharashtra District 1, Ward 5",555867.53,513537.56,555867.53,Completed,2024-05-22,2024-07-06,Public Works Department (PWD),True,CTR0083,19.792735,76.138693,19.792735,76.138693,False,
PRJ00324,MP009,Maharashtra-23,Maharashtra,Maharashtra District 1,Sports Infrastructure,"Sports Infrastructure at Maharashtra District 1, Ward 11",2770036.16,2751773.51,2770036.16,Payment Released,2024-08-29,2024-10-15,District Rural Development Agency,False,CTR0060,19.340569,75.231117,19.340569,75.231117,False,
PRJ00325,MP009,Maharashtra-23,Maharashtra,Maharashtra District 1,Borewell / Handpump,"Borewell / Handpump at Maharashtra District 1, Ward 23",308681.59,265271.28,308681.59,Completed,2025-05-17,2025-07-17,Zilla Parishad PWD Division,True,CTR0094,20.160158,75.637983,20.160158,75.637983,False,
PRJ00326,MP009,Maharashtra-23,Maharashtra,Maharashtra District 1,Borewell / Handpump,"Borewell / Handpump at Maharashtra District 1, Ward 19",85161.35,81172.24,85161.35,Payment Released,2026-04-07,2026-05-14,Zilla Parishad PWD Division,False,CTR0002,19.967248,75.931039,19.967248,75.931039,False,
PRJ00327,MP009,Maharashtra-23,Maharashtra,Maharashtra District 1,Street Lighting,"Street Lighting at Maharashtra District 1, Ward 13",419036.64,373702.74,419036.64,Work In Progress,2026-05-25,2026-08-22,Cantonment Board Works Wing,False,CTR0023,19.352846,76.248938,19.352846,76.248938,False,
PRJ00328,MP009,Maharashtra-23,Maharashtra,Maharashtra District 1,Drinking Water Supply,"Drinking Water Supply at Maharashtra District 1, Ward 22",1789006.86,1599717.25,1789006.86,Payment Released,2024-08-22,2024-10-31,Public Works Department (PWD),False,CTR0066,19.117178,75.985443,19.117178,75.985443,False,
PRJ00329,MP009,Maharashtra-23,Maharashtra,Maharashtra District 1,Community Hall,"Community Hall at Maharashtra District 1, Ward 11",1542821.49,1489344.86,1542821.49,Completed,2024-08-22,2024-10-22,Public Works Department (PWD),False,CTR0024,19.890249,76.019339,19.890249,76.019339,False,
PRJ00330,MP009,Maharashtra-23,Maharashtra,Maharashtra District 1,Street Lighting,"Street Lighting at Maharashtra District 1, Ward 15",515720.86,469889.49,515720.86,Sanctioned,2026-03-19,2026-06-02,Municipal Corporation Engineering Cell,False,CTR0001,19.179212,75.518585,19.179212,75.518585,True,duplicate_photo
PRJ00331,MP009,Maharashtra-23,Maharashtra,Maharashtra District 1,School Building Repair,"School Building Repair at Maharashtra District 1, Ward 19",330169.66,306525.05,330169.66,Payment Released,2025-05-12,2025-07-25,Cantonment Board Works Wing,False,CTR0043,19.459479,75.192234,19.459479,75.192234,False,
PRJ00332,MP009,Maharashtra-23,Maharashtra,Maharashtra District 1,Road Construction,"Road Construction at Maharashtra District 1, Ward 8",3269763.2,2815054.48,3269763.2,Payment Released,2025-11-03,2026-01-17,Cantonment Board Works Wing,False,CTR0009,19.454349,75.378861,19.454349,75.378861,True,duplicate_photo
PRJ00333,MP009,Maharashtra-23,Maharashtra,Maharashtra District 1,Road Construction,"Road Construction at Maharashtra District 1, Ward 6",2001431.32,1797734.35,2001431.32,Work In Progress,2025-01-06,2025-04-04,Zilla Parishad PWD Division,False,CTR0086,19.671724,75.371235,19.671724,75.371235,False,
PRJ00334,MP009,Maharashtra-23,Maharashtra,Maharashtra District 1,Drinking Water Supply,"Drinking Water Supply at Maharashtra District 1, Ward 25",1627684.81,1541698.48,1627684.81,Completed,2025-06-05,2025-07-23,Cantonment Board Works Wing,True,CTR0088,19.247505,76.166391,19.247505,76.166391,False,
PRJ00335,MP009,Maharashtra-23,Maharashtra,Maharashtra District 1,School Building Repair,"School Building Repair at Maharashtra District 1, Ward 8",1324610.95,1261549.65,1324610.95,Work In Progress,2024-09-29,2024-11-24,Panchayati Raj Engineering Department,False,CTR0023,19.956743,76.087042,20.016744317293757,76.19131623052822,True,geo_mismatch
PRJ00336,MP009,Maharashtra-23,Maharashtra,Maharashtra District 1,Street Lighting,"Street Lighting at Maharashtra District 1, Ward 24",353557.04,315599.55,353557.04,Sanctioned,2026-05-07,2026-07-17,Public Works Department (PWD),False,CTR0018,19.260594,75.855469,19.260594,75.855469,False,
PRJ00337,MP009,Maharashtra-23,Maharashtra,Maharashtra District 1,Library / Reading Room,"Library / Reading Room at Maharashtra District 1, Ward 16",1147048.73,1162103.55,1147048.73,Sanctioned,2026-04-24,2026-07-10,Panchayati Raj Engineering Department,False,CTR0012,19.431403,75.948372,19.431403,75.948372,True,cost_inflation
PRJ00338,MP009,Maharashtra-23,Maharashtra,Maharashtra District 1,Sports Infrastructure,"Sports Infrastructure at Maharashtra District 1, Ward 22",1380437.46,1368005.68,1380437.46,Completed,2024-09-16,2024-12-06,Municipal Corporation Engineering Cell,False,CTR0022,20.111254,75.476018,20.074449,75.615242,True,phantom_work
PRJ00339,MP009,Maharashtra-23,Maharashtra,Maharashtra District 1,Library / Reading Room,"Library / Reading Room at Maharashtra District 1, Ward 15",1093125.05,992718.58,1093125.05,Work In Progress,2026-07-30,2026-08-26,Panchayati Raj Engineering Department,False,CTR0112,19.859254,75.944629,19.859254,75.944629,False,
PRJ00340,MP009,Maharashtra-23,Maharashtra,Maharashtra District 1,Sports Infrastructure,"Sports Infrastructure at Maharashtra District 1, Ward 4",2610442.76,2597148.1,2610442.76,Payment Released,2025-01-07,2025-02-13,Panchayati Raj Engineering Department,False,CTR0091,20.013245,76.240927,20.013245,76.240927,False,
PRJ00341,MP009,Maharashtra-23,Maharashtra,Maharashtra District 1,Road Construction,"Road Construction at Maharashtra District 1, Ward 7",742532.67,702898.05,742532.67,Completed,2024-06-03,2024-07-25,Panchayati Raj Engineering Department,True,CTR0107,19.157823,75.532061,19.157823,75.532061,False,
PRJ00342,MP009,Maharashtra-23,Maharashtra,Maharashtra District 1,Library / Reading Room,"Library / Reading Room at Maharashtra District 1, Ward 17",795009.49,719726.92,795009.49,Work In Progress,2024-11-07,2024-12-23,Zilla Parishad PWD Division,False,CTR0069,19.543776,75.162826,19.543776,75.162826,False,
PRJ00343,MP009,Maharashtra-23,Maharashtra,Maharashtra District 1,Public Toilet Complex,"Public Toilet Complex at Maharashtra District 1, Ward 19",1013288.88,893517.23,1013288.88,Completed,2024-08-24,2024-09-24,Cantonment Board Works Wing,True,CTR0015,19.888824,75.666738,19.888824,75.666738,False,
PRJ00344,MP009,Maharashtra-23,Maharashtra,Maharashtra District 1,Public Toilet Complex,"Public Toilet Complex at Maharashtra District 1, Ward 2",788139.73,686067.86,788139.73,Completed,2025-10-18,2025-12-20,Public Works Department (PWD),True,CTR0012,19.881968,75.986317,19.881968,75.986317,False,
PRJ00345,MP009,Maharashtra-23,Maharashtra,Maharashtra District 1,Public Toilet Complex,"Public Toilet Complex at Maharashtra District 1, Ward 19",898867.23,884064.91,898867.23,Sanctioned,2026-06-21,2026-07-14,Public Works Department (PWD),False,CTR0017,19.444892,75.541343,19.444892,75.541343,False,
PRJ00346,MP009,Maharashtra-23,Maharashtra,Maharashtra District 1,Road Construction,"Road Construction at Maharashtra District 1, Ward 24",2466619.99,2405748.83,2466619.99,Payment Released,2025-11-17,2025-12-03,Zilla Parishad PWD Division,False,CTR0072,19.117632,75.554913,19.117632,75.554913,False,
PRJ00347,MP009,Maharashtra-23,Maharashtra,Maharashtra District 1,Road Construction,"Road Construction at Maharashtra District 1, Ward 24",822347.28,759791.06,822347.28,Payment Released,2025-04-25,2025-05-10,District Rural Development Agency,False,CTR0051,19.585148,75.737125,19.585148,75.737125,False,
PRJ00348,MP009,Maharashtra-23,Maharashtra,Maharashtra District 1,Street Lighting,"Street Lighting at Maharashtra District 1, Ward 12",498071.37,462137.93,498071.37,Work In Progress,2024-10-07,2024-12-18,Public Works Department (PWD),False,CTR0075,19.913051,75.474237,19.913051,75.474237,False,
PRJ00349,MP009,Maharashtra-23,Maharashtra,Maharashtra District 1,Community Hall,"Community Hall at Maharashtra District 1, Ward 16",3510739.45,3050244.64,3510739.45,Completed,2024-10-29,2024-11-22,District Rural Development Agency,True,CTR0070,19.120337,76.02419,19.120337,76.02419,False,
PRJ00350,MP009,Maharashtra-23,Maharashtra,Maharashtra District 1,Road Construction,"Road Construction at Maharashtra District 1, Ward 25",373719.93,361002.72,373719.93,Work In Progress,2025-10-21,2025-11-05,Municipal Corporation Engineering Cell,False,CTR0037,19.721553,75.517715,19.721553,75.517715,False,
PRJ00351,MP009,Maharashtra-23,Maharashtra,Maharashtra District 1,Drinking Water Supply,"Drinking Water Supply at Maharashtra District 1, Ward 15",959561.16,955846.86,959561.16,Completed,2024-06-29,2024-09-10,Public Works Department (PWD),True,CTR0048,20.116473,75.128314,20.116473,75.128314,False,
PRJ00352,MP009,Maharashtra-23,Maharashtra,Maharashtra District 1,Drinking Water Supply,"Drinking Water Supply at Maharashtra District 1, Ward 18",1307590.67,1170865.54,1307590.67,Sanctioned,2025-12-24,2026-02-13,Cantonment Board Works Wing,False,CTR0049,19.178834,75.373882,19.178834,75.373882,False,
PRJ00353,MP009,Maharashtra-23,Maharashtra,Maharashtra District 1,Borewell / Handpump,"Borewell / Handpump at Maharashtra District 1, Ward 6",281809.99,241983.66,281809.99,Completed,2024-09-11,2024-12-09,District Rural Development Agency,True,CTR0084,20.249348,76.231269,20.249348,76.231269,False,
PRJ00354,MP009,Maharashtra-23,Maharashtra,Maharashtra District 1,Sports Infrastructure,"Sports Infrastructure at Maharashtra District 1, Ward 10",3384581.89,3062546.07,3384581.89,Completed,2025-02-05,2025-04-19,District Rural Development Agency,True,CTR0013,19.335,75.268964,19.274712610328827,75.16218533610466,True,geo_mismatch
PRJ00355,MP009,Maharashtra-23,Maharashtra,Maharashtra District 1,Public Toilet Complex,"Public Toilet Complex at Maharashtra District 1, Ward 18",557573.99,495675.33,557573.99,Payment Released,2025-11-20,2026-01-09,Public Works Department (PWD),False,CTR0087,19.514231,76.200983,19.514231,76.200983,False,
PRJ00356,MP009,Maharashtra-23,Maharashtra,Maharashtra District 1,Drinking Water Supply,"Drinking Water Supply at Maharashtra District 1, Ward 12",2258310.5,1940635.06,2258310.5,Payment Released,2025-02-23,2025-04-12,Public Works Department (PWD),False,CTR0106,19.276764,75.10941,19.276764,75.10941,False,
PRJ00357,MP009,Maharashtra-23,Maharashtra,Maharashtra District 1,Borewell / Handpump,"Borewell / Handpump at Maharashtra District 1, Ward 25",116254.21,108052.35,116254.21,Payment Released,2025-02-12,2025-03-04,Cantonment Board Works Wing,False,CTR0036,19.390272,75.700724,19.390272,75.700724,False,
PRJ00358,MP009,Maharashtra-23,Maharashtra,Maharashtra District 1,Community Hall,"Community Hall at Maharashtra District 1, Ward 20",2228459.84,2047842.57,2228459.84,Work In Progress,2026-06-28,2026-07-25,Public Works Department (PWD),False,CTR0005,19.755893,75.619379,19.755893,75.619379,False,
PRJ00359,MP009,Maharashtra-23,Maharashtra,Maharashtra District 1,Road Construction,"Road Construction at Maharashtra District 1, Ward 20",2171274.88,1861861.38,2171274.88,Payment Released,2024-09-15,2024-12-03,District Rural Development Agency,False,CTR0031,20.11238,76.277431,20.11238,76.277431,False,
PRJ00360,MP009,Maharashtra-23,Maharashtra,Maharashtra District 1,Road Construction,"Road Construction at Maharashtra District 1, Ward 2",1316303.95,1157740.47,1316303.95,Completed,2024-11-10,2025-02-06,Cantonment Board Works Wing,True,CTR0058,20.241716,76.293783,20.241716,76.293783,False,
PRJ00361,MP010,Odisha-3,Odisha,Odisha District 1,Road Construction,"Road Construction at Odisha District 1, Ward 7",1390075.49,1305328.34,1390075.49,Completed,2024-06-07,2024-07-06,Panchayati Raj Engineering Department,True,CTR0052,20.387698,85.246812,20.387698,85.246812,False,
PRJ00362,MP010,Odisha-3,Odisha,Odisha District 1,Road Construction,"Road Construction at Odisha District 1, Ward 8",4113174.93,4088579.55,4113174.93,Completed,2024-12-05,2025-01-01,Zilla Parishad PWD Division,True,CTR0018,20.925752,85.672769,20.925752,85.672769,False,
PRJ00363,MP010,Odisha-3,Odisha,Odisha District 1,Library / Reading Room,"Library / Reading Room at Odisha District 1, Ward 11",1133830.53,1072708.31,1133830.53,Completed,2025-03-23,2025-06-03,Cantonment Board Works Wing,True,CTR0041,21.099921,84.69524,21.099921,84.69524,False,
PRJ00364,MP010,Odisha-3,Odisha,Odisha District 1,Street Lighting,"Street Lighting at Odisha District 1, Ward 17",482798.76,460961.76,482798.76,Completed,2026-01-25,2026-03-05,Cantonment Board Works Wing,True,CTR0039,20.574412,85.261236,20.574412,85.261236,True,split_tender
PRJ00365,MP010,Odisha-3,Odisha,Odisha District 1,Street Lighting,"Street Lighting at Odisha District 1, Ward 18",171877.32,163174.33,171877.32,Work In Progress,2025-07-24,2025-10-15,District Rural Development Agency,False,CTR0053,20.442203,84.846662,20.442203,84.846662,False,
PRJ00366,MP010,Odisha-3,Odisha,Odisha District 1,Library / Reading Room,"Library / Reading Room at Odisha District 1, Ward 12",1491231.52,1437772.64,1491231.52,Completed,2024-05-31,2024-08-25,District Rural Development Agency,True,CTR0024,20.77095,85.405118,20.845948481151034,85.51024643601012,True,geo_mismatch
PRJ00367,MP010,Odisha-3,Odisha,Odisha District 1,Drinking Water Supply,"Drinking Water Supply at Odisha District 1, Ward 14",1540962.86,1461595.05,1540962.86,Completed,2024-08-03,2024-08-25,Cantonment Board Works Wing,True,CTR0101,20.588479,84.729912,20.588479,84.729912,False,
PRJ00368,MP010,Odisha-3,Odisha,Odisha District 1,Drinking Water Supply,"Drinking Water Supply at Odisha District 1, Ward 25",785876.12,752876.31,785876.12,Completed,2024-06-02,2024-07-30,Municipal Corporation Engineering Cell,True,CTR0005,21.340124,84.838974,21.345134,84.916607,True,phantom_work
PRJ00369,MP010,Odisha-3,Odisha,Odisha District 1,Sports Infrastructure,"Sports Infrastructure at Odisha District 1, Ward 10",1494456.21,1482453.45,1494456.21,Payment Released,2024-10-24,2024-12-13,Municipal Corporation Engineering Cell,False,CTR0061,21.37107,85.003338,21.37107,85.003338,False,
PRJ00370,MP010,Odisha-3,Odisha,Odisha District 1,Borewell / Handpump,"Borewell / Handpump at Odisha District 1, Ward 18",214335.76,201190.45,214335.76,Completed,2024-09-14,2024-10-14,District Rural Development Agency,False,CTR0104,20.523363,84.897878,20.523363,84.897878,False,
PRJ00371,MP010,Odisha-3,Odisha,Odisha District 1,Drinking Water Supply,"Drinking Water Supply at Odisha District 1, Ward 13",451816.7,418399.47,451816.7,Completed,2024-09-21,2024-10-30,Municipal Corporation Engineering Cell,True,CTR0054,20.791294,85.473054,20.791294,85.473054,False,
PRJ00372,MP010,Odisha-3,Odisha,Odisha District 1,Street Lighting,"Street Lighting at Odisha District 1, Ward 3",728342.11,635652.76,728342.11,Work In Progress,2025-12-01,2026-01-16,Cantonment Board Works Wing,False,CTR0033,21.35106,85.146913,21.35106,85.146913,False,
PRJ00373,MP010,Odisha-3,Odisha,Odisha District 1,Public Toilet Complex,"Public Toilet Complex at Odisha District 1, Ward 24",189449.64,182787.08,189449.64,Payment Released,2025-06-18,2025-07-07,Panchayati Raj Engineering Department,False,CTR0109,20.300014,84.999879,20.300014,84.999879,False,
PRJ00374,MP010,Odisha-3,Odisha,Odisha District 1,Street Lighting,"Street Lighting at Odisha District 1, Ward 20",879808.62,787982.83,879808.62,Sanctioned,2026-06-20,2026-08-28,Cantonment Board Works Wing,False,CTR0007,20.664731,84.7765,20.664731,84.7765,False,
PRJ00375,MP010,Odisha-3,Odisha,Odisha District 1,Library / Reading Room,"Library / Reading Room at Odisha District 1, Ward 25",1456899.15,1383263.21,1456899.15,Completed,2025-08-19,2025-09-25,Municipal Corporation Engineering Cell,True,CTR0006,21.190276,85.51811,21.190276,85.51811,False,
PRJ00376,MP010,Odisha-3,Odisha,Odisha District 1,Library / Reading Room,"Library / Reading Room at Odisha District 1, Ward 16",1126407.73,988132.28,1126407.73,Completed,2024-08-26,2024-11-22,Municipal Corporation Engineering Cell,True,CTR0093,20.745129,85.582328,20.745129,85.582328,False,
PRJ00377,MP010,Odisha-3,Odisha,Odisha District 1,Street Lighting,"Street Lighting at Odisha District 1, Ward 1",444896.4,422274.37,444896.4,Completed,2025-01-12,2025-02-08,Zilla Parishad PWD Division,True,CTR0112,20.394147,85.153396,20.394147,85.153396,False,
PRJ00378,MP010,Odisha-3,Odisha,Odisha District 1,Street Lighting,"Street Lighting at Odisha District 1, Ward 4",587829.59,503395.71,587829.59,Work In Progress,2025-10-28,2026-01-04,Cantonment Board Works Wing,False,CTR0120,20.618391,85.221865,20.618391,85.221865,False,
PRJ00379,MP010,Odisha-3,Odisha,Odisha District 1,Public Toilet Complex,"Public Toilet Complex at Odisha District 1, Ward 18",946955.55,877901.81,946955.55,Payment Released,2024-08-30,2024-11-05,Municipal Corporation Engineering Cell,False,CTR0118,20.743137,85.61951,20.660816869933083,85.73397961647676,True,geo_mismatch
PRJ00380,MP010,Odisha-3,Odisha,Odisha District 1,Drainage System,"Drainage System at Odisha District 1, Ward 18",2160137.42,2115322.43,2160137.42,Work In Progress,2026-02-14,2026-03-26,Public Works Department (PWD),False,CTR0100,20.628886,85.468485,20.628886,85.468485,False,
PRJ00381,MP010,Odisha-3,Odisha,Odisha District 1,Drainage System,"Drainage System at Odisha District 1, Ward 16",1172928.75,1147688.01,1172928.75,Payment Released,2025-03-12,2025-06-06,Panchayati Raj Engineering Department,False,CTR0040,21.141404,85.372468,21.141404,85.372468,False,
PRJ00382,MP010,Odisha-3,Odisha,Odisha District 1,Public Toilet Complex,"Public Toilet Complex at Odisha District 1, Ward 16",671071.69,586822.2,671071.69,Completed,2025-10-10,2025-10-26,Cantonment Board Works Wing,True,CTR0013,21.243447,85.381333,21.243447,85.381333,False,
PRJ00383,MP010,Odisha-3,Odisha,Odisha District 1,Drainage System,"Drainage System at Odisha District 1, Ward 14",281399.45,280144.01,281399.45,Payment Released,2024-11-28,2025-02-12,Zilla Parishad PWD Division,False,CTR0118,20.825194,84.781968,20.825194,84.781968,False,
PRJ00384,MP010,Odisha-3,Odisha,Odisha District 1,Road Construction,"Road Construction at Odisha District 1, Ward 5",2595007.33,2225868.34,2595007.33,Completed,2024-09-10,2024-10-08,Cantonment Board Works Wing,True,CTR0073,20.905755,85.362145,20.905755,85.362145,False,
PRJ00385,MP010,Odisha-3,Odisha,Odisha District 1,Road Construction,"Road Construction at Odisha District 1, Ward 19",2621369.72,2279955.33,2621369.72,Payment Released,2025-11-19,2025-12-25,Panchayati Raj Engineering Department,False,CTR0034,21.338355,84.688728,21.338355,84.688728,False,
PRJ00386,MP010,Odisha-3,Odisha,Odisha District 1,Drinking Water Supply,"Drinking Water Supply at Odisha District 1, Ward 8",2217110.88,2149493.89,2217110.88,Payment Released,2025-03-13,2025-05-29,Zilla Parishad PWD Division,False,CTR0038,20.600561,85.249849,20.600561,85.249849,False,
PRJ00387,MP010,Odisha-3,Odisha,Odisha District 1,Drinking Water Supply,"Drinking Water Supply at Odisha District 1, Ward 25",2293391.53,2181251.54,2293391.53,Completed,2025-11-16,2025-12-27,Zilla Parishad PWD Division,True,CTR0019,20.95863,84.845159,21.032013497596814,84.94644793354132,True,geo_mismatch
PRJ00388,MP010,Odisha-3,Odisha,Odisha District 1,Public Toilet Complex,"Public Toilet Complex at Odisha District 1, Ward 15",221770.86,198011.16,221770.86,Payment Released,2025-11-18,2025-12-07,Public Works Department (PWD),False,CTR0093,20.81932,85.322533,20.81932,85.322533,False,
PRJ00389,MP010,Odisha-3,Odisha,Odisha District 1,Borewell / Handpump,"Borewell / Handpump at Odisha District 1, Ward 5",180958.68,171233.99,180958.68,Payment Released,2026-02-05,2026-03-23,Municipal Corporation Engineering Cell,False,CTR0094,21.105775,85.258739,21.105775,85.258739,False,
PRJ00390,MP010,Odisha-3,Odisha,Odisha District 1,Sports Infrastructure,"Sports Infrastructure at Odisha District 1, Ward 21",7207786.57,7542167.24,7207786.57,Sanctioned,2026-05-14,2026-07-06,Panchayati Raj Engineering Department,False,CTR0016,20.818423,85.676442,20.818423,85.676442,True,cost_inflation
PRJ00391,MP010,Odisha-3,Odisha,Odisha District 1,Road Construction,"Road Construction at Odisha District 1, Ward 22",1995124.21,1906706.62,1995124.21,Sanctioned,2025-09-11,2025-10-15,District Rural Development Agency,False,CTR0068,20.807274,84.915829,20.807274,84.915829,False,
PRJ00392,MP010,Odisha-3,Odisha,Odisha District 1,Road Construction,"Road Construction at Odisha District 1, Ward 21",1162398.34,1034860.07,1162398.34,Sanctioned,2024-05-17,2024-07-16,Municipal Corporation Engineering Cell,False,CTR0098,20.644954,85.288107,20.644954,85.288107,False,
PRJ00393,MP010,Odisha-3,Odisha,Odisha District 1,Street Lighting,"Street Lighting at Odisha District 1, Ward 7",335554.18,336142.17,335554.18,Completed,2025-02-14,2025-04-18,District Rural Development Agency,True,CTR0003,20.41048,85.218854,20.41048,85.218854,True,cost_inflation
PRJ00394,MP010,Odisha-3,Odisha,Odisha District 1,Sports Infrastructure,"Sports Infrastructure at Odisha District 1, Ward 21",2495681.49,2349686.9,2495681.49,Payment Released,2025-02-18,2025-05-08,Panchayati Raj Engineering Department,False,CTR0059,20.675489,84.825316,20.675489,84.825316,False,
PRJ00395,MP010,Odisha-3,Odisha,Odisha District 1,Library / Reading Room,"Library / Reading Room at Odisha District 1, Ward 18",1430753.85,1249369.02,1430753.85,Payment Released,2026-01-20,2026-03-20,District Rural Development Agency,False,CTR0117,21.183842,85.559593,21.281449831981288,85.48102238163933,True,geo_mismatch
PRJ00396,MP010,Odisha-3,Odisha,Odisha District 1,Sports Infrastructure,"Sports Infrastructure at Odisha District 1, Ward 24",447724.16,397563.49,447724.16,Sanctioned,2025-07-29,2025-10-14,Panchayati Raj Engineering Department,False,CTR0053,20.840305,85.649097,20.840305,85.649097,False,
PRJ00397,MP010,Odisha-3,Odisha,Odisha District 1,School Building Repair,"School Building Repair at Odisha District 1, Ward 17",539373.09,537512.82,539373.09,Completed,2025-08-27,2025-09-17,District Rural Development Agency,True,CTR0069,20.422272,84.509984,20.422272,84.509984,False,
PRJ00398,MP010,Odisha-3,Odisha,Odisha District 1,Drinking Water Supply,"Drinking Water Supply at Odisha District 1, Ward 4",2312007.06,2054927.47,2312007.06,Payment Released,2026-06-24,2026-08-22,Municipal Corporation Engineering Cell,False,CTR0104,20.821284,85.368137,20.821284,85.368137,False,
PRJ00399,MP010,Odisha-3,Odisha,Odisha District 1,Community Hall,"Community Hall at Odisha District 1, Ward 20",3989116.76,3535567.4,3989116.76,Work In Progress,2026-01-02,2026-03-23,Municipal Corporation Engineering Cell,False,CTR0068,21.156863,84.60967,21.156863,84.60967,False,
PRJ00400,MP010,Odisha-3,Odisha,Odisha District 1,Sports Infrastructure,"Sports Infrastructure at Odisha District 1, Ward 12",2690041.77,2386756.88,2690041.77,Work In Progress,2026-05-22,2026-07-10,District Rural Development Agency,False,CTR0009,20.624968,84.797072,20.71743922073022,84.89417301680187,True,geo_mismatch
PRJ00401,MP011,Gujarat-25,Gujarat,Gujarat District 2,Public Toilet Complex,"Public Toilet Complex at Gujarat District 2, Ward 8",235206.64,229508.47,235206.64,Payment Released,2024-06-19,2024-08-13,Cantonment Board Works Wing,False,CTR0073,22.666108,71.587581,22.666108,71.587581,False,
PRJ00402,MP011,Gujarat-25,Gujarat,Gujarat District 2,School Building Repair,"School Building Repair at Gujarat District 2, Ward 21",560507.63,538890.1,560507.63,Work In Progress,2026-05-25,2026-07-06,District Rural Development Agency,False,CTR0088,22.585501,71.225739,22.585501,71.225739,False,
PRJ00403,MP011,Gujarat-25,Gujarat,Gujarat District 2,Road Construction,"Road Construction at Gujarat District 2, Ward 18",4167219.76,3878638.92,4167219.76,Completed,2024-07-10,2024-09-12,Public Works Department (PWD),True,CTR0012,22.022624,71.042139,22.022624,71.042139,False,
PRJ00404,MP011,Gujarat-25,Gujarat,Gujarat District 2,Public Toilet Complex,"Public Toilet Complex at Gujarat District 2, Ward 6",627062.69,556366.1,627062.69,Payment Released,2025-07-08,2025-09-09,Cantonment Board Works Wing,False,CTR0008,22.546553,71.113122,22.546553,71.113122,False,
PRJ00405,MP011,Gujarat-25,Gujarat,Gujarat District 2,Community Hall,"Community Hall at Gujarat District 2, Ward 11",12365250.37,12410479.98,12365250.37,Completed,2025-11-10,2026-01-01,Cantonment Board Works Wing,False,CTR0016,22.232703,70.626296,22.232703,70.626296,True,cost_inflation
PRJ00406,MP011,Gujarat-25,Gujarat,Gujarat District 2,Library / Reading Room,"Library / Reading Room at Gujarat District 2, Ward 2",1193772.95,1132026.3,1193772.95,Completed,2026-04-03,2026-04-23,Panchayati Raj Engineering Department,True,CTR0110,22.012284,70.791391,22.012284,70.791391,False,
PRJ00407,MP011,Gujarat-25,Gujarat,Gujarat District 2,Street Lighting,"Street Lighting at Gujarat District 2, Ward 19",648164.54,630092.97,648164.54,Completed,2025-12-03,2026-01-10,Cantonment Board Works Wing,True,CTR0028,22.522161,70.732518,22.522161,70.732518,False,
PRJ00408,MP011,Gujarat-25,Gujarat,Gujarat District 2,Public Toilet Complex,"Public Toilet Complex at Gujarat District 2, Ward 22",690755.94,624120.72,690755.94,Work In Progress,2024-10-29,2024-12-06,District Rural Development Agency,False,CTR0035,22.124547,71.594267,22.124547,71.594267,False,
PRJ00409,MP011,Gujarat-25,Gujarat,Gujarat District 2,School Building Repair,"School Building Repair at Gujarat District 2, Ward 2",1844819.2,1658513.46,1844819.2,Completed,2024-05-19,2024-08-07,Cantonment Board Works Wing,False,CTR0116,22.12531,71.206761,22.12531,71.206761,False,
PRJ00410,MP011,Gujarat-25,Gujarat,Gujarat District 2,Borewell / Handpump,"Borewell / Handpump at Gujarat District 2, Ward 7",186037.3,172171.92,186037.3,Completed,2024-12-19,2025-03-06,District Rural Development Agency,True,CTR0119,21.932636,71.63058,21.932636,71.63058,False,
PRJ00411,MP011,Gujarat-25,Gujarat,Gujarat District 2,Library / Reading Room,"Library / Reading Room at Gujarat District 2, Ward 13",1172862.61,1104346.34,1172862.61,Payment Released,2026-01-31,2026-04-08,Cantonment Board Works Wing,False,CTR0019,21.892438,71.408375,21.892438,71.408375,False,
PRJ00412,MP011,Gujarat-25,Gujarat,Gujarat District 2,Community Hall,"Community Hall at Gujarat District 2, Ward 19",3101043.38,3236026.43,3101043.38,Payment Released,2025-06-17,2025-07-14,Municipal Corporation Engineering Cell,False,CTR0010,22.562488,71.478881,22.562488,71.478881,True,cost_inflation
PRJ00413,MP011,Gujarat-25,Gujarat,Gujarat District 2,Drinking Water Supply,"Drinking Water Supply at Gujarat District 2, Ward 13",2259882.18,2040991.57,2259882.18,Completed,2025-05-11,2025-07-10,Zilla Parishad PWD Division,True,CTR0087,21.826415,70.866834,21.826415,70.866834,False,
PRJ00414,MP011,Gujarat-25,Gujarat,Gujarat District 2,Borewell / Handpump,"Borewell / Handpump at Gujarat District 2, Ward 3",95587.68,84607.57,95587.68,Completed,2025-02-26,2025-04-23,Cantonment Board Works Wing,True,CTR0102,21.963465,71.751835,21.963465,71.751835,False,
PRJ00415,MP011,Gujarat-25,Gujarat,Gujarat District 2,Sports Infrastructure,"Sports Infrastructure at Gujarat District 2, Ward 4",1729727.43,1650963.38,1729727.43,Completed,2025-06-10,2025-07-25,District Rural Development Agency,True,CTR0096,22.542575,70.806033,22.542575,70.806033,False,
PRJ00416,MP011,Gujarat-25,Gujarat,Gujarat District 2,Drinking Water Supply,"Drinking Water Supply at Gujarat District 2, Ward 20",1689121.63,1464990.72,1689121.63,Completed,2025-11-08,2025-12-03,Zilla Parishad PWD Division,True,CTR0030,22.426765,70.740645,22.426765,70.740645,False,
PRJ00417,MP011,Gujarat-25,Gujarat,Gujarat District 2,Library / Reading Room,"Library / Reading Room at Gujarat District 2, Ward 1",468127.75,460802.12,468127.75,Work In Progress,2025-09-12,2025-09-28,Zilla Parishad PWD Division,False,CTR0077,21.94518,71.209366,21.94518,71.209366,False,
PRJ00418,MP011,Gujarat-25,Gujarat,Gujarat District 2,School Building Repair,"School Building Repair at Gujarat District 2, Ward 18",1626964.6,1498659.33,1626964.6,Completed,2026-01-24,2026-02-08,Zilla Parishad PWD Division,True,CTR0101,22.454112,71.426358,22.54160796195433,71.31782976077548,True,geo_mismatch
PRJ00419,MP011,Gujarat-25,Gujarat,Gujarat District 2,Drinking Water Supply,"Drinking Water Supply at Gujarat District 2, Ward 22",2155317.57,1939881.21,2155317.57,Work In Progress,2026-01-16,2026-04-05,Panchayati Raj Engineering Department,False,CTR0056,22.64987,71.141553,22.64987,71.141553,False,
PRJ00420,MP011,Gujarat-25,Gujarat,Gujarat District 2,Drinking Water Supply,"Drinking Water Supply at Gujarat District 2, Ward 8",2241631.73,1930840.61,2241631.73,Completed,2024-08-08,2024-09-07,Zilla Parishad PWD Division,False,CTR0011,22.165391,71.564245,22.165391,71.564245,False,
PRJ00421,MP011,Gujarat-25,Gujarat,Gujarat District 2,Community Hall,"Community Hall at Gujarat District 2, Ward 23",5362222.36,4993645.42,5362222.36,Payment Released,2025-03-09,2025-03-29,Public Works Department (PWD),False,CTR0011,22.861679,70.679878,22.861679,70.679878,False,
PRJ00422,MP011,Gujarat-25,Gujarat,Gujarat District 2,Borewell / Handpump,"Borewell / Handpump at Gujarat District 2, Ward 4",181376.61,165963.38,181376.61,Work In Progress,2025-11-15,2025-12-16,Zilla Parishad PWD Division,False,CTR0095,22.896619,71.270871,22.896619,71.270871,False,
PRJ00423,MP011,Gujarat-25,Gujarat,Gujarat District 2,Community Hall,"Community Hall at Gujarat District 2, Ward 12",2622706.78,2256333.14,2622706.78,Completed,2024-11-25,2025-01-28,Public Works Department (PWD),True,CTR0001,22.143489,71.157086,22.143489,71.157086,False,
PRJ00424,MP011,Gujarat-25,Gujarat,Gujarat District 2,School Building Repair,"School Building Repair at Gujarat District 2, Ward 14",215054.63,204141.17,215054.63,Work In Progress,2024-09-13,2024-11-24,Municipal Corporation Engineering Cell,False,CTR0014,22.280787,70.606376,22.280787,70.606376,False,
PRJ00425,MP011,Gujarat-25,Gujarat,Gujarat District 2,Public Toilet Complex,"Public Toilet Complex at Gujarat District 2, Ward 4",1712796.55,1745927.82,1712796.55,Completed,2024-10-03,2024-11-25,Public Works Department (PWD),True,CTR0072,22.638352,71.502096,22.638352,71.502096,True,cost_inflation
PRJ00426,MP011,Gujarat-25,Gujarat,Gujarat District 2,Road Construction,"Road Construction at Gujarat District 2, Ward 20",1013500.23,996839.73,1013500.23,Payment Released,2024-11-02,2024-12-31,District Rural Development Agency,False,CTR0012,22.599973,71.689874,22.599973,71.689874,False,
PRJ00427,MP011,Gujarat-25,Gujarat,Gujarat District 2,Library / Reading Room,"Library / Reading Room at Gujarat District 2, Ward 1",1050372.56,984011.08,1050372.56,Payment Released,2025-06-08,2025-08-15,Public Works Department (PWD),False,CTR0101,22.45887,70.787772,22.45887,70.787772,False,
PRJ00428,MP011,Gujarat-25,Gujarat,Gujarat District 2,School Building Repair,"School Building Repair at Gujarat District 2, Ward 24",687696.86,616914.98,687696.86,Work In Progress,2025-07-03,2025-09-24,District Rural Development Agency,False,CTR0053,21.989801,70.857895,21.989801,70.857895,False,
PRJ00429,MP011,Gujarat-25,Gujarat,Gujarat District 2,Sports Infrastructure,"Sports Infrastructure at Gujarat District 2, Ward 19",1971884.9,1698869.06,1971884.9,Completed,2024-09-07,2024-11-10,Municipal Corporation Engineering Cell,True,CTR0116,22.535387,71.059359,22.535387,71.059359,False,
PRJ00430,MP011,Gujarat-25,Gujarat,Gujarat District 2,Sports Infrastructure,"Sports Infrastructure at Gujarat District 2, Ward 5",1243032.72,1105813.47,1243032.72,Payment Released,2025-11-08,2025-12-13,Municipal Corporation Engineering Cell,False,CTR0022,22.826882,71.363649,22.826882,71.363649,False,
PRJ00431,MP011,Gujarat-25,Gujarat,Gujarat District 2,School Building Repair,"School Building Repair at Gujarat District 2, Ward 3",543667.85,479953.97,543667.85,Payment Released,2025-01-01,2025-03-18,Municipal Corporation Engineering Cell,False,CTR0039,22.414364,70.917562,22.414364,70.917562,False,
PRJ00432,MP011,Gujarat-25,Gujarat,Gujarat District 2,Borewell / Handpump,"Borewell / Handpump at Gujarat District 2, Ward 16",290066.82,254724.6,290066.82,Work In Progress,2025-09-22,2025-11-08,Zilla Parishad PWD Division,False,CTR0056,21.806062,71.438739,21.806062,71.438739,False,
PRJ00433,MP011,Gujarat-25,Gujarat,Gujarat District 2,Community Hall,"Community Hall at Gujarat District 2, Ward 24",961975.28,822538.37,961975.28,Payment Released,2025-05-24,2025-06-10,Municipal Corporation Engineering Cell,False,CTR0047,22.755023,70.892076,22.755023,70.892076,False,
PRJ00434,MP011,Gujarat-25,Gujarat,Gujarat District 2,Public Toilet Complex,"Public Toilet Complex at Gujarat District 2, Ward 4",850189.76,837171.55,850189.76,Completed,2024-06-11,2024-09-08,Public Works Department (PWD),True,CTR0077,22.765742,70.990349,22.765742,70.990349,False,
PRJ00435,MP011,Gujarat-25,Gujarat,Gujarat District 2,Borewell / Handpump,"Borewell / Handpump at Gujarat District 2, Ward 11",308115.26,288551.6,308115.26,Sanctioned,2024-05-13,2024-06-21,Public Works Department (PWD),False,CTR0039,21.780707,70.713902,21.780707,70.713902,False,
PRJ00436,MP011,Gujarat-25,Gujarat,Gujarat District 2,Library / Reading Room,"Library / Reading Room at Gujarat District 2, Ward 15",1172639.09,1147665.97,1172639.09,Work In Progress,2026-06-13,2026-07-28,Zilla Parishad PWD Division,False,CTR0049,22.897154,70.889796,22.897154,70.889796,False,
PRJ00437,MP011,Gujarat-25,Gujarat,Gujarat District 2,Drainage System,"Drainage System at Gujarat District 2, Ward 20",1500992.68,1529772.04,1500992.68,Completed,2025-02-20,2025-03-24,Cantonment Board Works Wing,True,CTR0056,22.379417,70.975334,22.379417,70.975334,True,cost_inflation
PRJ00438,MP011,Gujarat-25,Gujarat,Gujarat District 2,Borewell / Handpump,"Borewell / Handpump at Gujarat District 2, Ward 7",90513.26,85347.58,90513.26,Payment Released,2024-08-09,2024-10-07,Cantonment Board Works Wing,False,CTR0039,22.376074,71.349537,22.376074,71.349537,False,
PRJ00439,MP011,Gujarat-25,Gujarat,Gujarat District 2,Public Toilet Complex,"Public Toilet Complex at Gujarat District 2, Ward 11",759997.9,732265.21,759997.9,Work In Progress,2025-09-20,2025-10-22,Public Works Department (PWD),False,CTR0041,22.230753,71.448876,22.230753,71.448876,False,
PRJ00440,MP011,Gujarat-25,Gujarat,Gujarat District 2,School Building Repair,"School Building Repair at Gujarat District 2, Ward 19",1274333.38,1260788.4,1274333.38,Payment Released,2025-12-14,2026-03-13,Public Works Department (PWD),False,CTR0095,22.110286,71.233213,22.110286,71.233213,False,
PRJ00441,MP012,Gujarat-40,Gujarat,Gujarat District 1,Drainage System,"Drainage System at Gujarat District 1, Ward 12",2948074.25,2861583.97,2948074.25,Sanctioned,2026-05-30,2026-07-18,Public Works Department (PWD),False,CTR0049,22.55812,71.31179,22.55812,71.31179,False,
PRJ00442,MP012,Gujarat-40,Gujarat,Gujarat District 1,Community Hall,"Community Hall at Gujarat District 1, Ward 18",4308888.77,3903717.03,4308888.77,Completed,2025-05-20,2025-07-25,Panchayati Raj Engineering Department,True,CTR0120,22.83003,70.800828,22.83003,70.800828,False,
PRJ00443,MP012,Gujarat-40,Gujarat,Gujarat District 1,Borewell / Handpump,"Borewell / Handpump at Gujarat District 1, Ward 24",255132.52,222840.65,255132.52,Payment Released,2026-01-31,2026-04-08,District Rural Development Agency,False,CTR0088,22.463128,71.319163,22.463128,71.319163,False,
PRJ00444,MP012,Gujarat-40,Gujarat,Gujarat District 1,Public Toilet Complex,"Public Toilet Complex at Gujarat District 1, Ward 23",627930.59,612612.26,627930.59,Payment Released,2024-10-15,2024-12-14,Zilla Parishad PWD Division,False,CTR0091,21.903674,70.622974,21.903674,70.622974,False,
PRJ00445,MP012,Gujarat-40,Gujarat,Gujarat District 1,Community Hall,"Community Hall at Gujarat District 1, Ward 22",4438125.76,4306853.28,4438125.76,Completed,2025-06-20,2025-08-04,Public Works Department (PWD),True,CTR0105,22.853104,71.243122,22.853104,71.243122,False,
PRJ00446,MP012,Gujarat-40,Gujarat,Gujarat District 1,Public Toilet Complex,"Public Toilet Complex at Gujarat District 1, Ward 9",751237.59,742370.08,751237.59,Payment Released,2025-11-01,2025-11-19,Municipal Corporation Engineering Cell,False,CTR0018,22.399829,71.311408,22.399829,71.311408,False,
PRJ00447,MP012,Gujarat-40,Gujarat,Gujarat District 1,Borewell / Handpump,"Borewell / Handpump at Gujarat District 1, Ward 3",88570.82,76408.7,88570.82,Completed,2024-07-20,2024-09-22,Public Works Department (PWD),True,CTR0092,22.428216,71.657168,22.428216,71.657168,False,
PRJ00448,MP012,Gujarat-40,Gujarat,Gujarat District 1,Public Toilet Complex,"Public Toilet Complex at Gujarat District 1, Ward 18",1056146.67,928878.93,1056146.67,Completed,2024-08-28,2024-11-25,Public Works Department (PWD),False,CTR0077,22.584911,70.943823,22.584911,70.943823,False,
PRJ00449,MP012,Gujarat-40,Gujarat,Gujarat District 1,Sports Infrastructure,"Sports Infrastructure at Gujarat District 1, Ward 14",3181834.18,3169130.37,3181834.18,Payment Released,2026-06-01,2026-07-11,Cantonment Board Works Wing,False,CTR0119,22.258011,71.616866,22.258011,71.616866,False,
PRJ00450,MP012,Gujarat-40,Gujarat,Gujarat District 1,Sports Infrastructure,"Sports Infrastructure at Gujarat District 1, Ward 23",607751.27,591066.12,607751.27,Work In Progress,2026-05-10,2026-06-22,Zilla Parishad PWD Division,False,CTR0005,22.723057,71.725558,22.723057,71.725558,False,
PRJ00451,MP012,Gujarat-40,Gujarat,Gujarat District 1,Sports Infrastructure,"Sports Infrastructure at Gujarat District 1, Ward 4",620208.16,548515.11,620208.16,Work In Progress,2026-05-14,2026-06-10,District Rural Development Agency,False,CTR0077,22.262929,70.922275,22.262929,70.922275,False,
PRJ00452,MP012,Gujarat-40,Gujarat,Gujarat District 1,Street Lighting,"Street Lighting at Gujarat District 1, Ward 21",260456.67,251052.59,260456.67,Payment Released,2025-11-06,2026-01-19,Municipal Corporation Engineering Cell,False,CTR0085,22.861314,71.127689,22.861314,71.127689,False,
PRJ00453,MP012,Gujarat-40,Gujarat,Gujarat District 1,Library / Reading Room,"Library / Reading Room at Gujarat District 1, Ward 22",624130.09,552277.68,624130.09,Payment Released,2025-09-14,2025-11-18,Cantonment Board Works Wing,False,CTR0006,21.855615,70.907756,21.855615,70.907756,False,
PRJ00454,MP012,Gujarat-40,Gujarat,Gujarat District 1,Drinking Water Supply,"Drinking Water Supply at Gujarat District 1, Ward 4",437642.65,425105.74,437642.65,Payment Released,2024-09-11,2024-10-07,Public Works Department (PWD),False,CTR0097,21.876306,71.011174,21.876306,71.011174,False,
PRJ00455,MP012,Gujarat-40,Gujarat,Gujarat District 1,Road Construction,"Road Construction at Gujarat District 1, Ward 24",647494.71,579742.76,647494.71,Work In Progress,2026-03-15,2026-05-12,Panchayati Raj Engineering Department,False,CTR0013,22.37609,71.564566,22.37609,71.564566,False,
PRJ00456,MP012,Gujarat-40,Gujarat,Gujarat District 1,Sports Infrastructure,"Sports Infrastructure at Gujarat District 1, Ward 8",1967077.16,1856133.56,1967077.16,Work In Progress,2026-05-07,2026-06-25,Panchayati Raj Engineering Department,False,CTR0072,22.028369,71.185401,22.028369,71.185401,False,
PRJ00457,MP012,Gujarat-40,Gujarat,Gujarat District 1,Public Toilet Complex,"Public Toilet Complex at Gujarat District 1, Ward 19",471786.64,405050.92,471786.64,Payment Released,2024-11-29,2025-01-26,Cantonment Board Works Wing,False,CTR0048,22.202329,71.150118,22.202329,71.150118,False,
PRJ00458,MP012,Gujarat-40,Gujarat,Gujarat District 1,Sports Infrastructure,"Sports Infrastructure at Gujarat District 1, Ward 16",2468358.25,2417338.38,2468358.25,Payment Released,2024-07-29,2024-10-26,District Rural Development Agency,False,CTR0020,22.076651,71.245627,22.076651,71.245627,False,
PRJ00459,MP012,Gujarat-40,Gujarat,Gujarat District 1,Community Hall,"Community Hall at Gujarat District 1, Ward 4",5425500.42,4770506.76,5425500.42,Completed,2025-06-10,2025-07-31,District Rural Development Agency,True,CTR0038,22.287271,71.48997,22.287271,71.48997,False,
PRJ00460,MP012,Gujarat-40,Gujarat,Gujarat District 1,Borewell / Handpump,"Borewell / Handpump at Gujarat District 1, Ward 7",177579.02,161778.17,177579.02,Payment Released,2024-12-04,2024-12-28,Public Works Department (PWD),False,CTR0045,22.09388,71.144788,22.09388,71.144788,False,
PRJ00461,MP012,Gujarat-40,Gujarat,Gujarat District 1,Sports Infrastructure,"Sports Infrastructure at Gujarat District 1, Ward 15",1008899.57,884122.65,1008899.57,Payment Released,2025-06-01,2025-08-03,District Rural Development Agency,False,CTR0062,22.381273,71.295177,22.381273,71.295177,False,
PRJ00462,MP012,Gujarat-40,Gujarat,Gujarat District 1,Public Toilet Complex,"Public Toilet Complex at Gujarat District 1, Ward 23",391318.06,354466.07,391318.06,Work In Progress,2025-05-02,2025-05-30,District Rural Development Agency,False,CTR0041,22.494001,70.769468,22.494001,70.769468,False,
PRJ00463,MP012,Gujarat-40,Gujarat,Gujarat District 1,Community Hall,"Community Hall at Gujarat District 1, Ward 4",2248943.93,1973281.13,2248943.93,Completed,2024-05-23,2024-08-18,Cantonment Board Works Wing,True,CTR0003,22.690853,70.942849,22.690853,70.942849,False,
PRJ00464,MP012,Gujarat-40,Gujarat,Gujarat District 1,Borewell / Handpump,"Borewell / Handpump at Gujarat District 1, Ward 17",118610.3,115011.65,118610.3,Completed,2025-03-24,2025-06-10,Municipal Corporation Engineering Cell,True,CTR0120,22.140869,70.704421,22.140869,70.704421,False,
PRJ00465,MP012,Gujarat-40,Gujarat,Gujarat District 1,Borewell / Handpump,"Borewell / Handpump at Gujarat District 1, Ward 14",127283.25,112400.74,127283.25,Work In Progress,2026-01-08,2026-02-11,Panchayati Raj Engineering Department,False,CTR0071,21.961849,71.648886,21.961849,71.648886,False,
PRJ00466,MP012,Gujarat-40,Gujarat,Gujarat District 1,Public Toilet Complex,"Public Toilet Complex at Gujarat District 1, Ward 6",150686.06,145998.1,150686.06,Payment Released,2026-03-12,2026-04-30,Cantonment Board Works Wing,False,CTR0030,22.452795,71.500319,22.452795,71.500319,False,
PRJ00467,MP012,Gujarat-40,Gujarat,Gujarat District 1,Borewell / Handpump,"Borewell / Handpump at Gujarat District 1, Ward 1",174829.23,161353.32,174829.23,Payment Released,2026-02-12,2026-03-16,Public Works Department (PWD),False,CTR0082,21.748071,70.949753,21.748071,70.949753,True,duplicate_photo
PRJ00468,MP012,Gujarat-40,Gujarat,Gujarat District 1,Library / Reading Room,"Library / Reading Room at Gujarat District 1, Ward 14",808489.77,779453.95,808489.77,Work In Progress,2025-07-23,2025-09-20,Panchayati Raj Engineering Department,False,CTR0114,21.885391,71.184718,21.885391,71.184718,False,
PRJ00469,MP012,Gujarat-40,Gujarat,Gujarat District 1,Drinking Water Supply,"Drinking Water Supply at Gujarat District 1, Ward 9",2499026.95,2273314.47,2499026.95,Work In Progress,2026-07-06,2026-08-05,Municipal Corporation Engineering Cell,False,CTR0001,22.693064,70.80485,22.693064,70.80485,False,
PRJ00470,MP012,Gujarat-40,Gujarat,Gujarat District 1,Community Hall,"Community Hall at Gujarat District 1, Ward 6",2570140.09,2421764.29,2570140.09,Work In Progress,2025-07-06,2025-07-24,Panchayati Raj Engineering Department,False,CTR0074,22.792727,71.211825,22.792727,71.211825,False,
PRJ00471,MP012,Gujarat-40,Gujarat,Gujarat District 1,Drainage System,"Drainage System at Gujarat District 1, Ward 9",346006.77,316847.67,346006.77,Sanctioned,2026-06-23,2026-08-10,District Rural Development Agency,False,CTR0042,22.707016,70.792816,22.707016,70.792816,False,
PRJ00472,MP012,Gujarat-40,Gujarat,Gujarat District 1,Public Toilet Complex,"Public Toilet Complex at Gujarat District 1, Ward 20",467644.21,461816.65,467644.21,Completed,2026-03-01,2026-04-13,Zilla Parishad PWD Division,True,CTR0017,22.429983,70.93726,22.429983,70.93726,True,split_tender
PRJ00473,MP012,Gujarat-40,Gujarat,Gujarat District 1,Drinking Water Supply,"Drinking Water Supply at Gujarat District 1, Ward 12",2000097.12,1903310.36,2000097.12,Work In Progress,2025-10-05,2025-10-24,District Rural Development Agency,False,CTR0079,22.378938,71.714974,22.378938,71.714974,False,
PRJ00474,MP012,Gujarat-40,Gujarat,Gujarat District 1,Drainage System,"Drainage System at Gujarat District 1, Ward 22",302677.59,281099.8,302677.59,Payment Released,2025-11-09,2025-11-26,Municipal Corporation Engineering Cell,False,CTR0109,22.630293,70.881311,22.630293,70.881311,False,
PRJ00475,MP012,Gujarat-40,Gujarat,Gujarat District 1,School Building Repair,"School Building Repair at Gujarat District 1, Ward 22",1930686.18,1911342.18,1930686.18,Completed,2025-01-26,2025-03-05,District Rural Development Agency,True,CTR0118,22.018596,71.333756,22.018596,71.333756,False,
PRJ00476,MP012,Gujarat-40,Gujarat,Gujarat District 1,Borewell / Handpump,"Borewell / Handpump at Gujarat District 1, Ward 4",335733.59,322593.0,335733.59,Work In Progress,2024-07-05,2024-07-20,Zilla Parishad PWD Division,False,CTR0041,22.032958,70.937939,22.032958,70.937939,False,
PRJ00477,MP012,Gujarat-40,Gujarat,Gujarat District 1,Borewell / Handpump,"Borewell / Handpump at Gujarat District 1, Ward 13",273333.49,257863.75,273333.49,Payment Released,2025-11-11,2025-12-01,Panchayati Raj Engineering Department,False,CTR0048,22.888131,70.974255,22.888131,70.974255,False,
PRJ00478,MP012,Gujarat-40,Gujarat,Gujarat District 1,Drinking Water Supply,"Drinking Water Supply at Gujarat District 1, Ward 14",1274155.9,1148661.74,1274155.9,Work In Progress,2026-02-20,2026-04-03,Public Works Department (PWD),False,CTR0077,22.701486,71.722581,22.701486,71.722581,False,
PRJ00479,MP012,Gujarat-40,Gujarat,Gujarat District 1,Borewell / Handpump,"Borewell / Handpump at Gujarat District 1, Ward 10",330730.25,285702.68,330730.25,Completed,2024-05-29,2024-07-16,Public Works Department (PWD),True,CTR0016,22.414255,70.780567,22.346988896893624,70.69759978232958,True,geo_mismatch
PRJ00480,MP012,Gujarat-40,Gujarat,Gujarat District 1,Borewell / Handpump,"Borewell / Handpump at Gujarat District 1, Ward 20",282817.83,264910.84,282817.83,Payment Released,2024-12-13,2025-01-01,Public Works Department (PWD),False,CTR0024,22.785232,71.580889,22.785232,71.580889,False,
PRJ00481,MP013,Odisha-5,Odisha,Odisha District 1,Drainage System,"Drainage System at Odisha District 1, Ward 13",268914.4,255341.89,268914.4,Completed,2024-07-01,2024-09-21,Municipal Corporation Engineering Cell,True,CTR0002,20.793437,84.982888,20.793437,84.982888,False,
PRJ00482,MP013,Odisha-5,Odisha,Odisha District 1,Sports Infrastructure,"Sports Infrastructure at Odisha District 1, Ward 22",1373022.04,1223012.48,1373022.04,Payment Released,2025-10-13,2025-11-29,Public Works Department (PWD),False,CTR0065,20.528732,84.721559,20.528732,84.721559,False,
PRJ00483,MP013,Odisha-5,Odisha,Odisha District 1,Public Toilet Complex,"Public Toilet Complex at Odisha District 1, Ward 16",1022496.63,937057.38,1022496.63,Completed,2025-11-04,2026-01-02,Public Works Department (PWD),True,CTR0054,20.645534,85.091384,20.530509,85.105393,True,phantom_work
PRJ00484,MP013,Odisha-5,Odisha,Odisha District 1,Borewell / Handpump,"Borewell / Handpump at Odisha District 1, Ward 10",172868.58,164017.57,172868.58,Completed,2025-03-30,2025-06-02,Municipal Corporation Engineering Cell,True,CTR0011,21.417866,85.485177,21.417866,85.485177,False,
PRJ00485,MP013,Odisha-5,Odisha,Odisha District 1,Road Construction,"Road Construction at Odisha District 1, Ward 6",1977978.9,1684489.68,1977978.9,Sanctioned,2026-04-10,2026-06-07,Zilla Parishad PWD Division,False,CTR0036,21.291861,85.461177,21.291861,85.461177,False,
PRJ00486,MP013,Odisha-5,Odisha,Odisha District 1,Public Toilet Complex,"Public Toilet Complex at Odisha District 1, Ward 4",637180.78,635323.55,637180.78,Completed,2024-12-29,2025-01-15,Panchayati Raj Engineering Department,True,CTR0019,20.380681,85.213817,20.4679414313166,85.15658844937876,True,geo_mismatch
PRJ00487,MP013,Odisha-5,Odisha,Odisha District 1,School Building Repair,"School Building Repair at Odisha District 1, Ward 18",1222353.74,1211043.74,1222353.74,Payment Released,2025-11-08,2026-02-03,Zilla Parishad PWD Division,False,CTR0100,21.282488,85.680281,21.282488,85.680281,False,
PRJ00488,MP013,Odisha-5,Odisha,Odisha District 1,Road Construction,"Road Construction at Odisha District 1, Ward 7",2111182.25,1810449.47,2111182.25,Completed,2025-07-28,2025-08-28,Panchayati Raj Engineering Department,True,CTR0098,20.363318,85.330414,20.363318,85.330414,False,
PRJ00489,MP013,Odisha-5,Odisha,Odisha District 1,Drinking Water Supply,"Drinking Water Supply at Odisha District 1, Ward 25",856287.86,773982.59,856287.86,Completed,2025-07-03,2025-08-13,Cantonment Board Works Wing,True,CTR0014,21.288263,85.484835,21.288263,85.484835,False,
PRJ00490,MP013,Odisha-5,Odisha,Odisha District 1,Street Lighting,"Street Lighting at Odisha District 1, Ward 15",754285.89,664796.59,754285.89,Completed,2025-05-23,2025-08-09,District Rural Development Agency,True,CTR0039,20.401626,85.060032,20.401626,85.060032,False,
PRJ00491,MP013,Odisha-5,Odisha,Odisha District 1,School Building Repair,"School Building Repair at Odisha District 1, Ward 15",885784.29,862349.58,885784.29,Completed,2025-10-07,2025-12-30,District Rural Development Agency,False,CTR0045,20.761533,85.050949,20.761533,85.050949,False,
PRJ00492,MP013,Odisha-5,Odisha,Odisha District 1,Community Hall,"Community Hall at Odisha District 1, Ward 24",5655497.0,5258118.16,5655497.0,Completed,2025-09-10,2025-10-07,Municipal Corporation Engineering Cell,True,CTR0100,20.339191,85.070715,20.339191,85.070715,False,
PRJ00493,MP013,Odisha-5,Odisha,Odisha District 1,Library / Reading Room,"Library / Reading Room at Odisha District 1, Ward 20",1462496.18,1399920.34,1462496.18,Work In Progress,2026-03-29,2026-05-28,Cantonment Board Works Wing,False,CTR0089,20.382141,85.0012,20.382141,85.0012,False,
PRJ00494,MP013,Odisha-5,Odisha,Odisha District 1,Drinking Water Supply,"Drinking Water Supply at Odisha District 1, Ward 7",2364660.75,2037203.61,2364660.75,Payment Released,2025-07-26,2025-10-11,Municipal Corporation Engineering Cell,False,CTR0022,20.725599,85.160796,20.725599,85.160796,False,
PRJ00495,MP013,Odisha-5,Odisha,Odisha District 1,Road Construction,"Road Construction at Odisha District 1, Ward 20",3721618.22,3371855.67,3721618.22,Work In Progress,2025-10-05,2025-11-19,Zilla Parishad PWD Division,False,CTR0073,20.606404,84.627049,20.606404,84.627049,False,
PRJ00496,MP013,Odisha-5,Odisha,Odisha District 1,Sports Infrastructure,"Sports Infrastructure at Odisha District 1, Ward 10",2495051.07,2147031.92,2495051.07,Work In Progress,2026-02-08,2026-04-26,Cantonment Board Works Wing,False,CTR0022,20.774311,84.718135,20.774311,84.718135,False,
PRJ00497,MP013,Odisha-5,Odisha,Odisha District 1,School Building Repair,"School Building Repair at Odisha District 1, Ward 22",275447.39,241079.97,275447.39,Work In Progress,2026-01-04,2026-02-25,Panchayati Raj Engineering Department,False,CTR0074,21.355196,85.168449,21.355196,85.168449,False,
PRJ00498,MP013,Odisha-5,Odisha,Odisha District 1,Community Hall,"Community Hall at Odisha District 1, Ward 2",4603729.07,4065400.76,4603729.07,Completed,2024-06-25,2024-08-26,Public Works Department (PWD),True,CTR0018,21.363418,85.621165,21.363418,85.621165,False,
PRJ00499,MP013,Odisha-5,Odisha,Odisha District 1,School Building Repair,"School Building Repair at Odisha District 1, Ward 5",925779.14,860691.41,925779.14,Completed,2024-11-06,2025-01-21,Cantonment Board Works Wing,True,CTR0111,21.112926,85.014149,21.112926,85.014149,False,
PRJ00500,MP013,Odisha-5,Odisha,Odisha District 1,Street Lighting,"Street Lighting at Odisha District 1, Ward 25",774697.29,756646.75,774697.29,Completed,2024-07-25,2024-08-27,Municipal Corporation Engineering Cell,True,CTR0019,20.817562,84.954849,20.817562,84.954849,False,
PRJ00501,MP013,Odisha-5,Odisha,Odisha District 1,Drinking Water Supply,"Drinking Water Supply at Odisha District 1, Ward 9",1364845.26,1223270.19,1364845.26,Sanctioned,2026-06-24,2026-07-29,Cantonment Board Works Wing,False,CTR0063,20.987651,84.890253,20.987651,84.890253,False,
PRJ00502,MP013,Odisha-5,Odisha,Odisha District 1,Drinking Water Supply,"Drinking Water Supply at Odisha District 1, Ward 25",314033.9,312420.41,314033.9,Payment Released,2025-09-22,2025-11-26,Cantonment Board Works Wing,False,CTR0049,20.774186,85.374045,20.774186,85.374045,False,
PRJ00503,MP013,Odisha-5,Odisha,Odisha District 1,Community Hall,"Community Hall at Odisha District 1, Ward 23",4988236.22,4539453.8,4988236.22,Completed,2024-06-12,2024-06-28,Zilla Parishad PWD Division,True,CTR0052,21.239958,84.819114,21.239958,84.819114,False,
PRJ00504,MP013,Odisha-5,Odisha,Odisha District 1,Drainage System,"Drainage System at Odisha District 1, Ward 19",2063641.45,1791360.75,2063641.45,Completed,2025-03-18,2025-04-18,Zilla Parishad PWD Division,True,CTR0059,21.426236,84.71742,21.426236,84.71742,False,
PRJ00505,MP013,Odisha-5,Odisha,Odisha District 1,Road Construction,"Road Construction at Odisha District 1, Ward 3",2595125.88,2268227.83,2595125.88,Completed,2024-10-11,2025-01-01,Cantonment Board Works Wing,False,CTR0112,20.505124,85.001774,20.505124,85.001774,False,
PRJ00506,MP013,Odisha-5,Odisha,Odisha District 1,Public Toilet Complex,"Public Toilet Complex at Odisha District 1, Ward 3",493861.08,472512.93,493861.08,Payment Released,2026-02-07,2026-02-23,Zilla Parishad PWD Division,False,CTR0082,21.022939,84.695623,21.022939,84.695623,True,split_tender
PRJ00507,MP013,Odisha-5,Odisha,Odisha District 1,Sports Infrastructure,"Sports Infrastructure at Odisha District 1, Ward 7",1117573.16,1105245.85,1117573.16,Sanctioned,2026-06-01,2026-07-29,Public Works Department (PWD),False,CTR0051,20.803553,84.560747,20.803553,84.560747,False,
PRJ00508,MP013,Odisha-5,Odisha,Odisha District 1,Public Toilet Complex,"Public Toilet Complex at Odisha District 1, Ward 11",562539.86,561066.03,562539.86,Completed,2026-05-30,2026-07-28,Zilla Parishad PWD Division,True,CTR0009,21.244846,84.867719,21.258106,84.800291,True,phantom_work
PRJ00509,MP013,Odisha-5,Odisha,Odisha District 1,Sports Infrastructure,"Sports Infrastructure at Odisha District 1, Ward 11",1241625.21,1125171.06,1241625.21,Work In Progress,2025-07-08,2025-09-23,Public Works Department (PWD),False,CTR0074,20.959842,84.560688,20.959842,84.560688,False,
PRJ00510,MP013,Odisha-5,Odisha,Odisha District 1,Road Construction,"Road Construction at Odisha District 1, Ward 1",3683724.98,3256088.2,3683724.98,Sanctioned,2026-04-27,2026-06-14,Public Works Department (PWD),False,CTR0006,21.280766,85.616478,21.280766,85.616478,False,
PRJ00511,MP013,Odisha-5,Odisha,Odisha District 1,Community Hall,"Community Hall at Odisha District 1, Ward 15",2554762.25,2203555.86,2554762.25,Work In Progress,2026-05-29,2026-07-19,Public Works Department (PWD),False,CTR0119,20.553351,85.402962,20.553351,85.402962,False,
PRJ00512,MP013,Odisha-5,Odisha,Odisha District 1,Road Construction,"Road Construction at Odisha District 1, Ward 5",2156849.55,1960977.08,2156849.55,Payment Released,2025-03-15,2025-05-29,Cantonment Board Works Wing,False,CTR0055,20.935929,84.693641,20.935929,84.693641,False,
PRJ00513,MP013,Odisha-5,Odisha,Odisha District 1,School Building Repair,"School Building Repair at Odisha District 1, Ward 3",1568289.67,1368156.18,1568289.67,Completed,2025-08-03,2025-10-07,Zilla Parishad PWD Division,False,CTR0021,20.621809,84.93329,20.621809,84.93329,False,
PRJ00514,MP013,Odisha-5,Odisha,Odisha District 1,Drainage System,"Drainage System at Odisha District 1, Ward 21",345349.94,329662.26,345349.94,Sanctioned,2025-11-14,2026-02-03,Cantonment Board Works Wing,False,CTR0033,20.532122,85.269805,20.532122,85.269805,False,
PRJ00515,MP013,Odisha-5,Odisha,Odisha District 1,Borewell / Handpump,"Borewell / Handpump at Odisha District 1, Ward 24",321836.28,284663.89,321836.28,Payment Released,2024-12-24,2025-03-10,Zilla Parishad PWD Division,False,CTR0007,20.793565,84.788638,20.793565,84.788638,False,
PRJ00516,MP013,Odisha-5,Odisha,Odisha District 1,Street Lighting,"Street Lighting at Odisha District 1, Ward 4",654819.1,595589.94,654819.1,Payment Released,2025-09-10,2025-11-14,Cantonment Board Works Wing,False,CTR0055,20.48758,85.385541,20.48758,85.385541,False,
PRJ00517,MP013,Odisha-5,Odisha,Odisha District 1,Road Construction,"Road Construction at Odisha District 1, Ward 22",1436704.56,1435105.89,1436704.56,Completed,2024-09-29,2024-12-02,Panchayati Raj Engineering Department,True,CTR0007,21.486105,85.672736,21.37547789182355,85.60247523348663,True,geo_mismatch
PRJ00518,MP013,Odisha-5,Odisha,Odisha District 1,Public Toilet Complex,"Public Toilet Complex at Odisha District 1, Ward 4",800359.47,731626.97,800359.47,Sanctioned,2024-09-18,2024-10-18,Zilla Parishad PWD Division,False,CTR0002,20.696342,85.177078,20.696342,85.177078,False,
PRJ00519,MP013,Odisha-5,Odisha,Odisha District 1,Drinking Water Supply,"Drinking Water Supply at Odisha District 1, Ward 8",2355752.69,2293303.99,2355752.69,Sanctioned,2026-06-02,2026-08-17,District Rural Development Agency,False,CTR0089,20.967429,85.43542,20.967429,85.43542,False,
PRJ00520,MP013,Odisha-5,Odisha,Odisha District 1,Drinking Water Supply,"Drinking Water Supply at Odisha District 1, Ward 4",388305.49,387837.35,388305.49,Completed,2024-11-22,2024-12-25,District Rural Development Agency,True,CTR0012,20.652881,84.752382,20.652881,84.752382,False,
PRJ00521,MP014,West-6,West Bengal,West District 2,Drainage System,"Drainage System at West District 2, Ward 25",532817.13,531150.87,532817.13,Work In Progress,2025-10-09,2025-12-13,Public Works Department (PWD),False,CTR0113,23.108607,88.316265,23.108607,88.316265,False,
PRJ00522,MP014,West-6,West Bengal,West District 2,Borewell / Handpump,"Borewell / Handpump at West District 2, Ward 3",240445.29,228995.26,240445.29,Completed,2025-11-10,2026-01-21,Municipal Corporation Engineering Cell,True,CTR0083,22.990431,87.814875,22.990431,87.814875,False,
PRJ00523,MP014,West-6,West Bengal,West District 2,Sports Infrastructure,"Sports Infrastructure at West District 2, Ward 6",2546298.35,2403195.17,2546298.35,Sanctioned,2026-06-19,2026-07-13,Cantonment Board Works Wing,False,CTR0073,23.196494,87.562457,23.196494,87.562457,False,
PRJ00524,MP014,West-6,West Bengal,West District 2,Public Toilet Complex,"Public Toilet Complex at West District 2, Ward 24",786296.82,673659.42,786296.82,Completed,2025-05-20,2025-08-12,Cantonment Board Works Wing,True,CTR0045,23.180982,87.709582,23.180982,87.709582,False,
PRJ00525,MP014,West-6,West Bengal,West District 2,Borewell / Handpump,"Borewell / Handpump at West District 2, Ward 7",395294.45,402052.46,395294.45,Payment Released,2025-07-28,2025-09-22,Public Works Department (PWD),False,CTR0014,22.333423,88.05765,22.333423,88.05765,True,cost_inflation
PRJ00526,MP014,West-6,West Bengal,West District 2,Community Hall,"Community Hall at West District 2, Ward 14",5819574.16,5723886.68,5819574.16,Sanctioned,2026-06-14,2026-07-05,Zilla Parishad PWD Division,False,CTR0115,22.976703,87.900334,22.902835899999513,88.01454276466043,True,geo_mismatch
PRJ00527,MP014,West-6,West Bengal,West District 2,Drainage System,"Drainage System at West District 2, Ward 21",1368123.98,1309578.98,1368123.98,Work In Progress,2024-11-27,2025-02-17,Zilla Parishad PWD Division,False,CTR0102,22.652024,87.930564,22.652024,87.930564,False,
PRJ00528,MP014,West-6,West Bengal,West District 2,Community Hall,"Community Hall at West District 2, Ward 24",4919394.21,4682992.61,4919394.21,Work In Progress,2026-07-25,2026-08-29,Panchayati Raj Engineering Department,False,CTR0032,23.43511,87.654989,23.43511,87.654989,False,
PRJ00529,MP014,West-6,West Bengal,West District 2,Library / Reading Room,"Library / Reading Room at West District 2, Ward 1",483258.79,456706.98,483258.79,Completed,2024-12-15,2025-01-23,Cantonment Board Works Wing,True,CTR0037,23.012154,87.319492,23.012154,87.319492,False,
PRJ00530,MP014,West-6,West Bengal,West District 2,School Building Repair,"School Building Repair at West District 2, Ward 7",1201841.17,1045825.89,1201841.17,Completed,2024-06-23,2024-08-25,Panchayati Raj Engineering Department,False,CTR0027,22.413303,88.297822,22.413303,88.297822,False,
PRJ00531,MP014,West-6,West Bengal,West District 2,Drinking Water Supply,"Drinking Water Supply at West District 2, Ward 16",1184459.88,1145340.88,1184459.88,Completed,2024-12-27,2025-02-06,Municipal Corporation Engineering Cell,True,CTR0038,22.441862,87.300037,22.441862,87.300037,False,
PRJ00532,MP014,West-6,West Bengal,West District 2,Drinking Water Supply,"Drinking Water Supply at West District 2, Ward 20",328374.43,321042.69,328374.43,Payment Released,2025-06-23,2025-07-14,Cantonment Board Works Wing,False,CTR0015,23.449158,87.978894,23.449158,87.978894,False,
PRJ00533,MP014,West-6,West Bengal,West District 2,Community Hall,"Community Hall at West District 2, Ward 12",3654138.57,3438801.25,3654138.57,Work In Progress,2026-05-08,2026-06-15,District Rural Development Agency,False,CTR0068,22.766472,87.588359,22.766472,87.588359,False,
PRJ00534,MP014,West-6,West Bengal,West District 2,Drainage System,"Drainage System at West District 2, Ward 14",515773.29,514793.54,515773.29,Payment Released,2024-07-03,2024-09-30,Panchayati Raj Engineering Department,False,CTR0017,22.832924,87.938246,22.832924,87.938246,False,
PRJ00535,MP014,West-6,West Bengal,West District 2,Drainage System,"Drainage System at West District 2, Ward 25",1852464.74,1665442.03,1852464.74,Completed,2025-01-02,2025-03-09,Public Works Department (PWD),True,CTR0070,22.666893,87.783244,22.666893,87.783244,False,
PRJ00536,MP014,West-6,West Bengal,West District 2,Community Hall,"Community Hall at West District 2, Ward 9",1492691.61,1297520.51,1492691.61,Completed,2024-12-06,2025-02-15,District Rural Development Agency,True,CTR0003,22.994191,88.132107,22.994191,88.132107,False,
PRJ00537,MP014,West-6,West Bengal,West District 2,Street Lighting,"Street Lighting at West District 2, Ward 17",524969.24,494980.85,524969.24,Completed,2025-11-27,2026-01-14,Public Works Department (PWD),True,CTR0006,22.523968,87.330828,22.523968,87.330828,False,
PRJ00538,MP014,West-6,West Bengal,West District 2,School Building Repair,"School Building Repair at West District 2, Ward 14",1729926.79,1503016.57,1729926.79,Completed,2025-06-15,2025-08-12,Public Works Department (PWD),True,CTR0081,23.456176,87.429653,23.456176,87.429653,False,
PRJ00539,MP014,West-6,West Bengal,West District 2,Drinking Water Supply,"Drinking Water Supply at West District 2, Ward 20",1058593.49,1075297.68,1058593.49,Completed,2025-01-20,2025-04-06,Panchayati Raj Engineering Department,True,CTR0011,22.953214,87.580489,22.953214,87.580489,True,cost_inflation
PRJ00540,MP014,West-6,West Bengal,West District 2,Borewell / Handpump,"Borewell / Handpump at West District 2, Ward 17",163098.14,160601.16,163098.14,Work In Progress,2024-12-11,2025-01-22,District Rural Development Agency,False,CTR0036,23.271909,87.999756,23.271909,87.999756,False,
PRJ00541,MP014,West-6,West Bengal,West District 2,Street Lighting,"Street Lighting at West District 2, Ward 13",630724.15,554085.12,630724.15,Work In Progress,2025-08-25,2025-11-16,Zilla Parishad PWD Division,False,CTR0104,23.142086,87.967758,23.142086,87.967758,False,
PRJ00542,MP014,West-6,West Bengal,West District 2,Library / Reading Room,"Library / Reading Room at West District 2, Ward 22",227214.35,195070.84,227214.35,Payment Released,2025-10-03,2025-12-07,Cantonment Board Works Wing,False,CTR0082,23.219833,88.142529,23.219833,88.142529,False,
PRJ00543,MP014,West-6,West Bengal,West District 2,Community Hall,"Community Hall at West District 2, Ward 8",2858873.58,2624810.59,2858873.58,Payment Released,2026-01-17,2026-02-10,Cantonment Board Works Wing,False,CTR0040,22.794736,88.421676,22.794736,88.421676,False,
PRJ00544,MP014,West-6,West Bengal,West District 2,Road Construction,"Road Construction at West District 2, Ward 4",2755081.08,2497965.56,2755081.08,Work In Progress,2025-06-24,2025-07-21,Public Works Department (PWD),False,CTR0032,22.374444,87.707166,22.374444,87.707166,False,
PRJ00545,MP014,West-6,West Bengal,West District 2,Public Toilet Complex,"Public Toilet Complex at West District 2, Ward 22",841007.33,771843.66,841007.33,Payment Released,2026-03-09,2026-05-29,Zilla Parishad PWD Division,False,CTR0079,22.725674,87.780845,22.725674,87.780845,False,
PRJ00546,MP014,West-6,West Bengal,West District 2,Borewell / Handpump,"Borewell / Handpump at West District 2, Ward 23",192002.93,182201.86,192002.93,Sanctioned,2026-04-26,2026-07-11,Municipal Corporation Engineering Cell,False,CTR0016,22.83044,88.07788,22.83044,88.07788,False,
PRJ00547,MP014,West-6,West Bengal,West District 2,Road Construction,"Road Construction at West District 2, Ward 17",4250116.6,4221151.59,4250116.6,Completed,2025-03-08,2025-05-05,Zilla Parishad PWD Division,True,CTR0021,22.481719,87.872899,22.481719,87.872899,False,
PRJ00548,MP014,West-6,West Bengal,West District 2,Sports Infrastructure,"Sports Infrastructure at West District 2, Ward 6",1448061.67,1315942.5,1448061.67,Completed,2026-02-24,2026-03-15,Zilla Parishad PWD Division,True,CTR0101,22.495193,88.181239,22.495193,88.181239,False,
PRJ00549,MP014,West-6,West Bengal,West District 2,Drainage System,"Drainage System at West District 2, Ward 24",1886881.76,1767153.91,1886881.76,Completed,2025-06-03,2025-06-23,Zilla Parishad PWD Division,True,CTR0017,22.714577,88.263614,22.714577,88.263614,False,
PRJ00550,MP014,West-6,West Bengal,West District 2,Community Hall,"Community Hall at West District 2, Ward 14",5521696.44,4938875.14,5521696.44,Completed,2025-07-20,2025-09-17,Zilla Parishad PWD Division,False,CTR0099,22.472163,87.481735,22.472163,87.481735,False,
PRJ00551,MP014,West-6,West Bengal,West District 2,School Building Repair,"School Building Repair at West District 2, Ward 19",1891223.46,1773955.48,1891223.46,Work In Progress,2025-06-12,2025-08-13,Cantonment Board Works Wing,False,CTR0068,23.294126,87.396224,23.294126,87.396224,False,
PRJ00552,MP014,West-6,West Bengal,West District 2,Community Hall,"Community Hall at West District 2, Ward 2",5108995.11,4554977.66,5108995.11,Completed,2024-07-03,2024-09-28,Zilla Parishad PWD Division,True,CTR0064,23.429056,87.449215,23.429056,87.449215,False,
PRJ00553,MP014,West-6,West Bengal,West District 2,Public Toilet Complex,"Public Toilet Complex at West District 2, Ward 6",492773.98,468678.96,492773.98,Completed,2025-01-18,2025-03-10,Zilla Parishad PWD Division,True,CTR0110,22.996774,88.423125,22.996774,88.423125,True,split_tender
PRJ00554,MP014,West-6,West Bengal,West District 2,School Building Repair,"School Building Repair at West District 2, Ward 22",355037.85,316711.59,355037.85,Work In Progress,2025-02-17,2025-04-01,Panchayati Raj Engineering Department,False,CTR0099,22.458616,87.827827,22.458616,87.827827,False,
PRJ00555,MP014,West-6,West Bengal,West District 2,Community Hall,"Community Hall at West District 2, Ward 2",1083740.12,1067874.7,1083740.12,Payment Released,2025-08-22,2025-09-09,District Rural Development Agency,False,CTR0030,22.759858,87.559599,22.759858,87.559599,False,
PRJ00556,MP014,West-6,West Bengal,West District 2,Road Construction,"Road Construction at West District 2, Ward 13",3746047.85,3514542.36,3746047.85,Work In Progress,2025-03-28,2025-06-12,Zilla Parishad PWD Division,False,CTR0032,22.723723,88.25974,22.723723,88.25974,False,
PRJ00557,MP014,West-6,West Bengal,West District 2,Borewell / Handpump,"Borewell / Handpump at West District 2, Ward 18",250493.87,235410.25,250493.87,Completed,2025-04-24,2025-06-23,District Rural Development Agency,True,CTR0023,22.796969,88.449535,22.796969,88.449535,False,
PRJ00558,MP014,West-6,West Bengal,West District 2,Drinking Water Supply,"Drinking Water Supply at West District 2, Ward 24",1676431.74,1471447.32,1676431.74,Payment Released,2024-11-03,2024-12-27,Public Works Department (PWD),False,CTR0029,22.371505,88.025231,22.371505,88.025231,False,
PRJ00559,MP014,West-6,West Bengal,West District 2,Drainage System,"Drainage System at West District 2, Ward 12",873624.72,753078.36,873624.72,Completed,2026-03-05,2026-04-04,Panchayati Raj Engineering Department,True,CTR0035,22.8302,87.49604,22.8302,87.49604,False,
PRJ00560,MP014,West-6,West Bengal,West District 2,Community Hall,"Community Hall at West District 2, Ward 6",1065981.07,987904.48,1065981.07,Completed,2024-10-02,2024-10-27,District Rural Development Agency,True,CTR0065,22.879953,87.759341,22.879953,87.759341,False,
PRJ00561,MP015,Maharashtra-30,Maharashtra,Maharashtra District 1,Sports Infrastructure,"Sports Infrastructure at Maharashtra District 1, Ward 15",939164.56,979047.18,939164.56,Completed,2024-07-05,2024-07-23,District Rural Development Agency,True,CTR0006,20.15364,75.769448,20.15364,75.769448,True,cost_inflation
PRJ00562,MP015,Maharashtra-30,Maharashtra,Maharashtra District 1,School Building Repair,"School Building Repair at Maharashtra District 1, Ward 3",2912670.14,3026803.73,2912670.14,Completed,2026-03-23,2026-04-16,Zilla Parishad PWD Division,True,CTR0100,19.455935,75.192625,19.455935,75.192625,True,cost_inflation
PRJ00563,MP015,Maharashtra-30,Maharashtra,Maharashtra District 1,Sports Infrastructure,"Sports Infrastructure at Maharashtra District 1, Ward 10",3467466.53,3440930.36,3467466.53,Sanctioned,2025-05-23,2025-06-12,Municipal Corporation Engineering Cell,False,CTR0059,19.271068,75.558567,19.271068,75.558567,False,
PRJ00564,MP015,Maharashtra-30,Maharashtra,Maharashtra District 1,Library / Reading Room,"Library / Reading Room at Maharashtra District 1, Ward 8",205443.68,194405.79,205443.68,Work In Progress,2025-09-15,2025-10-01,Panchayati Raj Engineering Department,False,CTR0101,19.592947,75.687573,19.592947,75.687573,False,
PRJ00565,MP015,Maharashtra-30,Maharashtra,Maharashtra District 1,Public Toilet Complex,"Public Toilet Complex at Maharashtra District 1, Ward 25",502140.19,434232.57,502140.19,Completed,2024-12-17,2025-01-24,Public Works Department (PWD),True,CTR0048,20.248065,75.819232,20.248065,75.819232,False,
PRJ00566,MP015,Maharashtra-30,Maharashtra,Maharashtra District 1,Street Lighting,"Street Lighting at Maharashtra District 1, Ward 5",614021.8,634649.9,614021.8,Completed,2025-05-22,2025-08-14,Municipal Corporation Engineering Cell,True,CTR0094,19.913055,75.756315,19.913055,75.756315,True,cost_inflation
PRJ00567,MP015,Maharashtra-30,Maharashtra,Maharashtra District 1,Road Construction,"Road Construction at Maharashtra District 1, Ward 18",4468561.4,4384311.6,4468561.4,Work In Progress,2025-08-30,2025-10-14,Municipal Corporation Engineering Cell,False,CTR0120,20.096747,75.369589,20.096747,75.369589,False,
PRJ00568,MP015,Maharashtra-30,Maharashtra,Maharashtra District 1,Drainage System,"Drainage System at Maharashtra District 1, Ward 11",2940106.84,2851532.29,2940106.84,Completed,2025-07-31,2025-09-27,District Rural Development Agency,True,CTR0082,19.501031,75.977044,19.501031,75.977044,False,
PRJ00569,MP015,Maharashtra-30,Maharashtra,Maharashtra District 1,Road Construction,"Road Construction at Maharashtra District 1, Ward 24",3677495.37,3158757.43,3677495.37,Payment Released,2025-08-06,2025-10-01,Cantonment Board Works Wing,False,CTR0098,19.930461,75.267985,19.930461,75.267985,False,
PRJ00570,MP015,Maharashtra-30,Maharashtra,Maharashtra District 1,School Building Repair,"School Building Repair at Maharashtra District 1, Ward 14",924931.07,924449.13,924931.07,Work In Progress,2025-09-23,2025-10-17,Municipal Corporation Engineering Cell,False,CTR0014,19.262261,75.910547,19.262261,75.910547,False,
PRJ00571,MP015,Maharashtra-30,Maharashtra,Maharashtra District 1,Public Toilet Complex,"Public Toilet Complex at Maharashtra District 1, Ward 23",316673.6,310954.55,316673.6,Completed,2026-02-03,2026-03-16,Municipal Corporation Engineering Cell,True,CTR0008,20.18845,76.289839,20.18845,76.289839,False,
PRJ00572,MP015,Maharashtra-30,Maharashtra,Maharashtra District 1,School Building Repair,"School Building Repair at Maharashtra District 1, Ward 17",1070844.57,967691.92,1070844.57,Sanctioned,2026-03-03,2026-04-22,Municipal Corporation Engineering Cell,False,CTR0012,19.812537,75.790712,19.812537,75.790712,False,
PRJ00573,MP015,Maharashtra-30,Maharashtra,Maharashtra District 1,Drinking Water Supply,"Drinking Water Supply at Maharashtra District 1, Ward 24",1517637.91,1337822.22,1517637.91,Completed,2025-09-07,2025-11-19,Public Works Department (PWD),True,CTR0090,19.990726,75.130239,19.990726,75.130239,False,
PRJ00574,MP015,Maharashtra-30,Maharashtra,Maharashtra District 1,Community Hall,"Community Hall at Maharashtra District 1, Ward 21",2158044.65,2018006.2,2158044.65,Work In Progress,2025-03-08,2025-04-28,Municipal Corporation Engineering Cell,False,CTR0075,20.055492,75.98203,20.055492,75.98203,False,
PRJ00575,MP015,Maharashtra-30,Maharashtra,Maharashtra District 1,Drinking Water Supply,"Drinking Water Supply at Maharashtra District 1, Ward 14",593000.68,541329.52,593000.68,Payment Released,2025-12-27,2026-01-11,District Rural Development Agency,False,CTR0010,19.819159,75.716449,19.819159,75.716449,False,
PRJ00576,MP015,Maharashtra-30,Maharashtra,Maharashtra District 1,Borewell / Handpump,"Borewell / Handpump at Maharashtra District 1, Ward 13",213984.59,205466.13,213984.59,Payment Released,2024-07-09,2024-08-06,Zilla Parishad PWD Division,False,CTR0031,19.128736,75.801793,19.128736,75.801793,False,
PRJ00577,MP015,Maharashtra-30,Maharashtra,Maharashtra District 1,Drainage System,"Drainage System at Maharashtra District 1, Ward 3",3988729.71,4074889.78,3988729.71,Completed,2024-08-13,2024-09-11,Municipal Corporation Engineering Cell,True,CTR0041,19.588839,75.725652,19.588839,75.725652,True,cost_inflation
PRJ00578,MP015,Maharashtra-30,Maharashtra,Maharashtra District 1,Street Lighting,"Street Lighting at Maharashtra District 1, Ward 4",597708.92,546575.52,597708.92,Completed,2025-05-01,2025-05-29,Panchayati Raj Engineering Department,True,CTR0018,19.999832,76.19565,19.999832,76.19565,False,
PRJ00579,MP015,Maharashtra-30,Maharashtra,Maharashtra District 1,Borewell / Handpump,"Borewell / Handpump at Maharashtra District 1, Ward 11",133634.04,119731.06,133634.04,Work In Progress,2025-07-23,2025-09-22,Public Works Department (PWD),False,CTR0014,19.766161,75.80559,19.766161,75.80559,False,
PRJ00580,MP015,Maharashtra-30,Maharashtra,Maharashtra District 1,Drinking Water Supply,"Drinking Water Supply at Maharashtra District 1, Ward 15",1121882.14,1140768.91,1121882.14,Payment Released,2025-07-30,2025-10-13,Municipal Corporation Engineering Cell,False,CTR0016,19.356794,75.439941,19.356794,75.439941,True,cost_inflation
PRJ00581,MP015,Maharashtra-30,Maharashtra,Maharashtra District 1,School Building Repair,"School Building Repair at Maharashtra District 1, Ward 3",1637580.4,1396889.95,1637580.4,Payment Released,2025-07-02,2025-08-28,District Rural Development Agency,False,CTR0060,19.28454,76.163406,19.28454,76.163406,False,
PRJ00582,MP015,Maharashtra-30,Maharashtra,Maharashtra District 1,Borewell / Handpump,"Borewell / Handpump at Maharashtra District 1, Ward 23",259017.35,256365.28,259017.35,Payment Released,2025-10-24,2026-01-12,Cantonment Board Works Wing,False,CTR0104,20.296339,75.964189,20.296339,75.964189,False,
PRJ00583,MP015,Maharashtra-30,Maharashtra,Maharashtra District 1,Library / Reading Room,"Library / Reading Room at Maharashtra District 1, Ward 5",263987.19,259923.86,263987.19,Work In Progress,2026-02-21,2026-05-11,Zilla Parishad PWD Division,False,CTR0006,19.40743,75.364781,19.40743,75.364781,False,
PRJ00584,MP015,Maharashtra-30,Maharashtra,Maharashtra District 1,Community Hall,"Community Hall at Maharashtra District 1, Ward 13",3400302.95,3012192.23,3400302.95,Work In Progress,2025-11-07,2025-12-22,Zilla Parishad PWD Division,False,CTR0092,20.009649,76.012007,20.009649,76.012007,False,
PRJ00585,MP015,Maharashtra-30,Maharashtra,Maharashtra District 1,Sports Infrastructure,"Sports Infrastructure at Maharashtra District 1, Ward 6",1050039.86,994220.15,1050039.86,Completed,2024-10-01,2024-12-12,Zilla Parishad PWD Division,True,CTR0007,20.221453,75.464063,20.221453,75.464063,False,
PRJ00586,MP015,Maharashtra-30,Maharashtra,Maharashtra District 1,Road Construction,"Road Construction at Maharashtra District 1, Ward 24",4355683.7,3787735.64,4355683.7,Completed,2025-04-26,2025-05-26,Panchayati Raj Engineering Department,True,CTR0052,19.906051,75.975172,19.906051,75.975172,False,
PRJ00587,MP015,Maharashtra-30,Maharashtra,Maharashtra District 1,Sports Infrastructure,"Sports Infrastructure at Maharashtra District 1, Ward 5",1367788.18,1294998.31,1367788.18,Sanctioned,2025-09-04,2025-10-09,District Rural Development Agency,False,CTR0032,19.994258,75.37867,19.994258,75.37867,False,
PRJ00588,MP015,Maharashtra-30,Maharashtra,Maharashtra District 1,Community Hall,"Community Hall at Maharashtra District 1, Ward 5",1832884.39,1807934.99,1832884.39,Work In Progress,2024-06-25,2024-09-11,Municipal Corporation Engineering Cell,False,CTR0002,19.544279,76.001535,19.544279,76.001535,False,
PRJ00589,MP015,Maharashtra-30,Maharashtra,Maharashtra District 1,Street Lighting,"Street Lighting at Maharashtra District 1, Ward 21",287110.04,260265.67,287110.04,Completed,2025-07-14,2025-08-06,Cantonment Board Works Wing,True,CTR0106,19.507089,75.174918,19.507089,75.174918,False,
PRJ00590,MP015,Maharashtra-30,Maharashtra,Maharashtra District 1,Community Hall,"Community Hall at Maharashtra District 1, Ward 1",2448101.63,2402379.17,2448101.63,Completed,2024-08-02,2024-10-13,District Rural Development Agency,True,CTR0075,19.46296,76.130438,19.46296,76.130438,False,
PRJ00591,MP015,Maharashtra-30,Maharashtra,Maharashtra District 1,Community Hall,"Community Hall at Maharashtra District 1, Ward 5",4389678.8,4180647.0,4389678.8,Completed,2025-02-06,2025-03-31,Public Works Department (PWD),False,CTR0026,19.49794,75.700695,19.49794,75.700695,False,
PRJ00592,MP015,Maharashtra-30,Maharashtra,Maharashtra District 1,Community Hall,"Community Hall at Maharashtra District 1, Ward 4",2422733.03,2372370.97,2422733.03,Completed,2025-10-06,2025-12-09,Zilla Parishad PWD Division,True,CTR0116,19.26476,76.242864,19.26476,76.242864,False,
PRJ00593,MP015,Maharashtra-30,Maharashtra,Maharashtra District 1,Road Construction,"Road Construction at Maharashtra District 1, Ward 14",3710174.19,3327795.96,3710174.19,Work In Progress,2024-12-03,2025-02-11,Panchayati Raj Engineering Department,False,CTR0060,20.130208,75.258024,20.130208,75.258024,False,
PRJ00594,MP015,Maharashtra-30,Maharashtra,Maharashtra District 1,Drinking Water Supply,"Drinking Water Supply at Maharashtra District 1, Ward 14",1790991.13,1756884.34,1790991.13,Sanctioned,2024-12-14,2025-02-02,Cantonment Board Works Wing,False,CTR0064,19.30263,75.164362,19.30263,75.164362,False,
PRJ00595,MP015,Maharashtra-30,Maharashtra,Maharashtra District 1,Borewell / Handpump,"Borewell / Handpump at Maharashtra District 1, Ward 9",309256.47,270674.18,309256.47,Work In Progress,2026-01-21,2026-03-31,Municipal Corporation Engineering Cell,False,CTR0046,20.103731,75.758692,20.103731,75.758692,False,
PRJ00596,MP015,Maharashtra-30,Maharashtra,Maharashtra District 1,School Building Repair,"School Building Repair at Maharashtra District 1, Ward 20",1120004.55,1029435.1,1120004.55,Completed,2025-01-17,2025-02-08,District Rural Development Agency,True,CTR0058,20.094451,76.095475,20.094451,76.095475,False,
PRJ00597,MP015,Maharashtra-30,Maharashtra,Maharashtra District 1,Library / Reading Room,"Library / Reading Room at Maharashtra District 1, Ward 16",1072316.87,969854.24,1072316.87,Work In Progress,2026-04-16,2026-05-31,Zilla Parishad PWD Division,False,CTR0079,20.155135,75.970446,20.155135,75.970446,False,
PRJ00598,MP015,Maharashtra-30,Maharashtra,Maharashtra District 1,Drinking Water Supply,"Drinking Water Supply at Maharashtra District 1, Ward 3",5521180.49,5693957.42,5521180.49,Payment Released,2025-11-18,2026-02-11,District Rural Development Agency,False,CTR0113,19.857651,75.424671,19.857651,75.424671,True,cost_inflation
PRJ00599,MP015,Maharashtra-30,Maharashtra,Maharashtra District 1,School Building Repair,"School Building Repair at Maharashtra District 1, Ward 21",450657.33,445245.59,450657.33,Completed,2025-10-04,2025-11-27,Municipal Corporation Engineering Cell,True,CTR0050,19.542963,75.528631,19.544619,75.530958,True,phantom_work
PRJ00600,MP015,Maharashtra-30,Maharashtra,Maharashtra District 1,Sports Infrastructure,"Sports Infrastructure at Maharashtra District 1, Ward 1",3446492.58,2967446.0,3446492.58,Payment Released,2025-08-16,2025-10-01,Panchayati Raj Engineering Department,False,CTR0032,19.895775,75.81444,19.895775,75.81444,False,
PRJ00601,MP016,Bihar-14,Bihar,Bihar District 2,Drainage System,"Drainage System at Bihar District 2, Ward 12",2408925.78,2343976.32,2408925.78,Completed,2025-07-25,2025-08-28,Public Works Department (PWD),True,CTR0062,25.778497,85.002764,25.778497,85.002764,False,
PRJ00602,MP016,Bihar-14,Bihar,Bihar District 2,Library / Reading Room,"Library / Reading Room at Bihar District 2, Ward 6",866737.16,814219.41,866737.16,Payment Released,2024-07-14,2024-08-23,Zilla Parishad PWD Division,False,CTR0065,26.194881,85.022315,26.194881,85.022315,False,
PRJ00603,MP016,Bihar-14,Bihar,Bihar District 2,Road Construction,"Road Construction at Bihar District 2, Ward 25",529877.37,483674.33,529877.37,Completed,2024-06-10,2024-08-27,District Rural Development Agency,True,CTR0041,25.263562,84.500272,25.263562,84.500272,False,
PRJ00604,MP016,Bihar-14,Bihar,Bihar District 2,School Building Repair,"School Building Repair at Bihar District 2, Ward 17",502066.27,431847.64,502066.27,Completed,2025-08-27,2025-09-19,Public Works Department (PWD),True,CTR0008,25.868835,85.61457,25.868835,85.61457,False,
PRJ00605,MP016,Bihar-14,Bihar,Bihar District 2,Drainage System,"Drainage System at Bihar District 2, Ward 6",1209287.75,1140599.71,1209287.75,Work In Progress,2026-05-04,2026-08-01,Municipal Corporation Engineering Cell,False,CTR0099,25.862462,84.632724,25.862462,84.632724,False,
PRJ00606,MP016,Bihar-14,Bihar,Bihar District 2,Community Hall,"Community Hall at Bihar District 2, Ward 19",2010187.41,1765912.05,2010187.41,Payment Released,2025-10-13,2025-11-30,Municipal Corporation Engineering Cell,False,CTR0008,25.470173,85.462882,25.555795584904892,85.3525808019785,True,geo_mismatch
PRJ00607,MP016,Bihar-14,Bihar,Bihar District 2,Drinking Water Supply,"Drinking Water Supply at Bihar District 2, Ward 6",4951270.92,4953218.61,4951270.92,Completed,2024-04-21,2024-07-01,Municipal Corporation Engineering Cell,True,CTR0012,26.186609,85.079878,26.186609,85.079878,True,cost_inflation
PRJ00608,MP016,Bihar-14,Bihar,Bihar District 2,Street Lighting,"Street Lighting at Bihar District 2, Ward 23",223025.17,201132.34,223025.17,Work In Progress,2025-12-09,2026-02-23,Cantonment Board Works Wing,False,CTR0076,25.008379,84.984177,25.008379,84.984177,False,
PRJ00609,MP016,Bihar-14,Bihar,Bihar District 2,Drainage System,"Drainage System at Bihar District 2, Ward 23",1177659.17,1001115.92,1177659.17,Payment Released,2026-02-04,2026-02-24,Cantonment Board Works Wing,False,CTR0117,25.369383,84.789398,25.369383,84.789398,False,
PRJ00610,MP016,Bihar-14,Bihar,Bihar District 2,Drainage System,"Drainage System at Bihar District 2, Ward 7",764591.74,683318.82,764591.74,Completed,2024-07-08,2024-09-28,Panchayati Raj Engineering Department,True,CTR0073,25.500874,84.95224,25.500874,84.95224,False,
PRJ00611,MP016,Bihar-14,Bihar,Bihar District 2,Public Toilet Complex,"Public Toilet Complex at Bihar District 2, Ward 2",455512.4,447197.18,455512.4,Work In Progress,2025-11-19,2025-12-16,Public Works Department (PWD),False,CTR0018,25.35718,84.857679,25.35718,84.857679,True,split_tender
PRJ00612,MP016,Bihar-14,Bihar,Bihar District 2,Community Hall,"Community Hall at Bihar District 2, Ward 1",3642065.96,3799991.71,3642065.96,Sanctioned,2026-04-03,2026-06-28,Municipal Corporation Engineering Cell,False,CTR0002,25.9855,85.153557,25.9855,85.153557,True,cost_inflation
PRJ00613,MP016,Bihar-14,Bihar,Bihar District 2,Sports Infrastructure,"Sports Infrastructure at Bihar District 2, Ward 7",5704446.43,5914724.18,5704446.43,Sanctioned,2024-08-23,2024-11-12,Panchayati Raj Engineering Department,False,CTR0062,26.121755,85.591043,26.121755,85.591043,True,cost_inflation
PRJ00614,MP016,Bihar-14,Bihar,Bihar District 2,Borewell / Handpump,"Borewell / Handpump at Bihar District 2, Ward 2",181804.56,169384.27,181804.56,Payment Released,2026-03-10,2026-04-17,Zilla Parishad PWD Division,False,CTR0044,25.191856,85.329496,25.191856,85.329496,False,
PRJ00615,MP016,Bihar-14,Bihar,Bihar District 2,Road Construction,"Road Construction at Bihar District 2, Ward 25",2414049.55,2319709.42,2414049.55,Completed,2025-05-28,2025-06-18,Municipal Corporation Engineering Cell,True,CTR0019,25.774641,84.686928,25.774641,84.686928,False,
PRJ00616,MP016,Bihar-14,Bihar,Bihar District 2,Community Hall,"Community Hall at Bihar District 2, Ward 3",2950285.96,2934879.48,2950285.96,Completed,2026-06-28,2026-07-26,Zilla Parishad PWD Division,False,CTR0109,26.144359,84.922792,26.036719,85.001847,True,phantom_work
PRJ00617,MP016,Bihar-14,Bihar,Bihar District 2,Drainage System,"Drainage System at Bihar District 2, Ward 19",2948458.34,2849051.6,2948458.34,Completed,2026-03-04,2026-03-29,Public Works Department (PWD),True,CTR0091,25.411109,85.253203,25.411109,85.253203,False,
PRJ00618,MP016,Bihar-14,Bihar,Bihar District 2,Community Hall,"Community Hall at Bihar District 2, Ward 6",5571765.85,5258716.28,5571765.85,Work In Progress,2025-10-28,2025-12-05,Municipal Corporation Engineering Cell,False,CTR0044,25.969922,84.582844,25.969922,84.582844,False,
PRJ00619,MP016,Bihar-14,Bihar,Bihar District 2,Drinking Water Supply,"Drinking Water Supply at Bihar District 2, Ward 21",1698419.71,1481490.78,1698419.71,Payment Released,2025-10-04,2025-10-28,Public Works Department (PWD),False,CTR0102,25.71576,85.477261,25.71576,85.477261,False,
PRJ00620,MP016,Bihar-14,Bihar,Bihar District 2,Drainage System,"Drainage System at Bihar District 2, Ward 23",790892.54,707836.68,790892.54,Completed,2025-01-08,2025-02-19,Panchayati Raj Engineering Department,True,CTR0023,25.771354,85.221135,25.771354,85.221135,False,
PRJ00621,MP016,Bihar-14,Bihar,Bihar District 2,Library / Reading Room,"Library / Reading Room at Bihar District 2, Ward 19",465313.96,451420.06,465313.96,Payment Released,2024-08-13,2024-09-22,Cantonment Board Works Wing,False,CTR0101,25.21619,84.631836,25.21619,84.631836,False,
PRJ00622,MP016,Bihar-14,Bihar,Bihar District 2,Borewell / Handpump,"Borewell / Handpump at Bihar District 2, Ward 10",453663.7,470167.1,453663.7,Work In Progress,2026-01-05,2026-02-18,Cantonment Board Works Wing,False,CTR0013,25.066889,85.231775,25.066889,85.231775,True,cost_inflation
PRJ00623,MP016,Bihar-14,Bihar,Bihar District 2,Borewell / Handpump,"Borewell / Handpump at Bihar District 2, Ward 19",104235.07,88694.35,104235.07,Payment Released,2025-10-03,2025-12-26,Cantonment Board Works Wing,False,CTR0023,25.580632,84.647897,25.580632,84.647897,False,
PRJ00624,MP016,Bihar-14,Bihar,Bihar District 2,Drinking Water Supply,"Drinking Water Supply at Bihar District 2, Ward 2",655728.02,577610.59,655728.02,Completed,2024-07-27,2024-09-21,Panchayati Raj Engineering Department,True,CTR0109,25.889879,85.156013,25.889879,85.156013,False,
PRJ00625,MP016,Bihar-14,Bihar,Bihar District 2,Borewell / Handpump,"Borewell / Handpump at Bihar District 2, Ward 8",132773.66,131110.45,132773.66,Payment Released,2024-11-20,2024-12-30,Panchayati Raj Engineering Department,False,CTR0078,25.393406,84.946499,25.393406,84.946499,False,
PRJ00626,MP016,Bihar-14,Bihar,Bihar District 2,Library / Reading Room,"Library / Reading Room at Bihar District 2, Ward 11",1437681.18,1350865.92,1437681.18,Completed,2025-12-18,2026-02-05,Municipal Corporation Engineering Cell,True,CTR0014,26.057074,84.559527,26.057074,84.559527,False,
PRJ00627,MP016,Bihar-14,Bihar,Bihar District 2,Community Hall,"Community Hall at Bihar District 2, Ward 6",4668306.97,4264804.28,4668306.97,Work In Progress,2025-07-19,2025-09-08,Zilla Parishad PWD Division,False,CTR0031,25.410559,85.653861,25.410559,85.653861,False,
PRJ00628,MP016,Bihar-14,Bihar,Bihar District 2,Community Hall,"Community Hall at Bihar District 2, Ward 24",2628579.34,2458624.13,2628579.34,Payment Released,2025-10-13,2025-11-29,Cantonment Board Works Wing,False,CTR0106,25.91461,85.474168,25.91461,85.474168,False,
PRJ00629,MP016,Bihar-14,Bihar,Bihar District 2,Drainage System,"Drainage System at Bihar District 2, Ward 8",2583297.38,2503448.36,2583297.38,Sanctioned,2024-10-30,2025-01-13,Municipal Corporation Engineering Cell,False,CTR0058,26.129191,85.247852,26.129191,85.247852,False,
PRJ00630,MP016,Bihar-14,Bihar,Bihar District 2,Community Hall,"Community Hall at Bihar District 2, Ward 24",5194206.17,4455016.19,5194206.17,Work In Progress,2025-06-24,2025-09-03,District Rural Development Agency,False,CTR0045,25.482252,85.308507,25.482252,85.308507,False,
PRJ00631,MP016,Bihar-14,Bihar,Bihar District 2,Road Construction,"Road Construction at Bihar District 2, Ward 14",1799326.2,1579741.78,1799326.2,Work In Progress,2026-02-11,2026-03-19,Cantonment Board Works Wing,False,CTR0007,25.899243,85.154835,25.899243,85.154835,False,
PRJ00632,MP016,Bihar-14,Bihar,Bihar District 2,Borewell / Handpump,"Borewell / Handpump at Bihar District 2, Ward 12",282124.35,248947.86,282124.35,Completed,2024-06-08,2024-07-25,Public Works Department (PWD),True,CTR0114,26.160725,85.35815,26.160725,85.35815,False,
PRJ00633,MP016,Bihar-14,Bihar,Bihar District 2,Sports Infrastructure,"Sports Infrastructure at Bihar District 2, Ward 19",3183661.17,3043872.46,3183661.17,Work In Progress,2026-04-23,2026-05-23,Public Works Department (PWD),False,CTR0049,25.302607,85.036072,25.302607,85.036072,False,
PRJ00634,MP016,Bihar-14,Bihar,Bihar District 2,Street Lighting,"Street Lighting at Bihar District 2, Ward 11",150707.56,150194.04,150707.56,Completed,2025-05-20,2025-06-15,District Rural Development Agency,True,CTR0006,25.795973,85.50692,25.70395540129303,85.60810754125431,True,geo_mismatch
PRJ00635,MP016,Bihar-14,Bihar,Bihar District 2,School Building Repair,"School Building Repair at Bihar District 2, Ward 13",1955738.66,1762601.97,1955738.66,Work In Progress,2024-08-19,2024-09-11,Municipal Corporation Engineering Cell,False,CTR0014,25.778157,84.582129,25.778157,84.582129,False,
PRJ00636,MP016,Bihar-14,Bihar,Bihar District 2,Borewell / Handpump,"Borewell / Handpump at Bihar District 2, Ward 11",168517.57,158338.58,168517.57,Work In Progress,2024-09-05,2024-10-15,District Rural Development Agency,False,CTR0094,25.472363,85.068123,25.472363,85.068123,False,
PRJ00637,MP016,Bihar-14,Bihar,Bihar District 2,Library / Reading Room,"Library / Reading Room at Bihar District 2, Ward 6",1330544.59,1285997.65,1330544.59,Completed,2026-02-11,2026-04-19,Cantonment Board Works Wing,True,CTR0079,25.218181,85.016416,25.12370836573042,85.08017008768694,True,geo_mismatch
PRJ00638,MP016,Bihar-14,Bihar,Bihar District 2,Library / Reading Room,"Library / Reading Room at Bihar District 2, Ward 4",253946.52,237176.33,253946.52,Work In Progress,2025-06-21,2025-09-15,District Rural Development Agency,False,CTR0114,26.029522,85.300313,26.029522,85.300313,False,
PRJ00639,MP016,Bihar-14,Bihar,Bihar District 2,Drainage System,"Drainage System at Bihar District 2, Ward 23",2227924.3,2070049.57,2227924.3,Completed,2025-01-02,2025-01-26,Public Works Department (PWD),True,CTR0027,25.310685,84.563392,25.310685,84.563392,False,
PRJ00640,MP016,Bihar-14,Bihar,Bihar District 2,Sports Infrastructure,"Sports Infrastructure at Bihar District 2, Ward 9",2050659.81,1927799.62,2050659.81,Completed,2025-01-26,2025-04-23,Panchayati Raj Engineering Department,True,CTR0093,25.199506,84.955685,25.199506,84.955685,False,
PRJ00641,MP017,Maharashtra-11,Maharashtra,Maharashtra District 3,School Building Repair,"School Building Repair at Maharashtra District 3, Ward 13",1860686.76,1746733.74,1860686.76,Payment Released,2025-02-17,2025-04-18,District Rural Development Agency,False,CTR0039,19.330428,75.900023,19.330428,75.900023,False,
PRJ00642,MP017,Maharashtra-11,Maharashtra,Maharashtra District 3,Library / Reading Room,"Library / Reading Room at Maharashtra District 3, Ward 2",836721.63,753188.68,836721.63,Completed,2024-10-26,2024-11-23,Municipal Corporation Engineering Cell,False,CTR0071,19.723175,75.337067,19.723175,75.337067,False,
PRJ00643,MP017,Maharashtra-11,Maharashtra,Maharashtra District 3,Drainage System,"Drainage System at Maharashtra District 3, Ward 22",1449676.57,1327407.26,1449676.57,Work In Progress,2025-09-02,2025-11-25,Zilla Parishad PWD Division,False,CTR0001,19.432105,75.769805,19.432105,75.769805,False,
PRJ00644,MP017,Maharashtra-11,Maharashtra,Maharashtra District 3,Library / Reading Room,"Library / Reading Room at Maharashtra District 3, Ward 7",1399438.68,1258350.91,1399438.68,Payment Released,2025-07-06,2025-08-15,District Rural Development Agency,False,CTR0062,19.984559,75.144056,19.984559,75.144056,False,
PRJ00645,MP017,Maharashtra-11,Maharashtra,Maharashtra District 3,Borewell / Handpump,"Borewell / Handpump at Maharashtra District 3, Ward 10",328544.69,306506.64,328544.69,Payment Released,2024-05-21,2024-07-13,District Rural Development Agency,False,CTR0082,19.682022,75.202484,19.615459315210476,75.28632886595747,True,geo_mismatch
PRJ00646,MP017,Maharashtra-11,Maharashtra,Maharashtra District 3,Drinking Water Supply,"Drinking Water Supply at Maharashtra District 3, Ward 9",2726164.51,2851754.28,2726164.51,Completed,2025-05-11,2025-07-22,Cantonment Board Works Wing,False,CTR0061,19.387784,75.33395,19.387784,75.33395,True,cost_inflation
PRJ00647,MP017,Maharashtra-11,Maharashtra,Maharashtra District 3,Community Hall,"Community Hall at Maharashtra District 3, Ward 12",1074268.55,932138.39,1074268.55,Completed,2024-09-19,2024-10-23,Municipal Corporation Engineering Cell,True,CTR0083,19.154182,75.62548,19.154182,75.62548,False,
PRJ00648,MP017,Maharashtra-11,Maharashtra,Maharashtra District 3,Drinking Water Supply,"Drinking Water Supply at Maharashtra District 3, Ward 9",387829.57,363257.45,387829.57,Work In Progress,2025-11-28,2025-12-20,District Rural Development Agency,False,CTR0048,19.785088,75.498912,19.785088,75.498912,False,
PRJ00649,MP017,Maharashtra-11,Maharashtra,Maharashtra District 3,Public Toilet Complex,"Public Toilet Complex at Maharashtra District 3, Ward 19",1226951.49,1261280.42,1226951.49,Payment Released,2025-02-28,2025-05-06,Zilla Parishad PWD Division,False,CTR0060,20.264089,76.138085,20.264089,76.138085,True,cost_inflation
PRJ00650,MP017,Maharashtra-11,Maharashtra,Maharashtra District 3,Road Construction,"Road Construction at Maharashtra District 3, Ward 4",2324472.83,2074098.64,2324472.83,Work In Progress,2026-05-26,2026-07-16,Cantonment Board Works Wing,False,CTR0020,19.481648,76.20957,19.481648,76.20957,False,
PRJ00651,MP017,Maharashtra-11,Maharashtra,Maharashtra District 3,Community Hall,"Community Hall at Maharashtra District 3, Ward 14",5546564.16,5169181.82,5546564.16,Payment Released,2024-08-22,2024-10-17,Panchayati Raj Engineering Department,False,CTR0086,19.399693,75.511931,19.399693,75.511931,False,
PRJ00652,MP017,Maharashtra-11,Maharashtra,Maharashtra District 3,Library / Reading Room,"Library / Reading Room at Maharashtra District 3, Ward 17",869164.85,740879.79,869164.85,Work In Progress,2026-04-22,2026-06-27,Public Works Department (PWD),False,CTR0030,19.552383,75.823856,19.552383,75.823856,True,duplicate_photo
PRJ00653,MP017,Maharashtra-11,Maharashtra,Maharashtra District 3,Drinking Water Supply,"Drinking Water Supply at Maharashtra District 3, Ward 19",1566463.56,1468180.86,1566463.56,Completed,2024-07-24,2024-09-25,Public Works Department (PWD),True,CTR0069,20.019617,75.5877,20.019617,75.5877,False,
PRJ00654,MP017,Maharashtra-11,Maharashtra,Maharashtra District 3,Street Lighting,"Street Lighting at Maharashtra District 3, Ward 23",617628.98,553675.82,617628.98,Payment Released,2024-10-25,2024-12-29,Public Works Department (PWD),False,CTR0061,19.342154,76.190592,19.342154,76.190592,False,
PRJ00655,MP017,Maharashtra-11,Maharashtra,Maharashtra District 3,Road Construction,"Road Construction at Maharashtra District 3, Ward 19",1564058.54,1506919.83,1564058.54,Completed,2025-04-05,2025-04-23,Panchayati Raj Engineering Department,True,CTR0065,19.66899,75.370947,19.66899,75.370947,False,
PRJ00656,MP017,Maharashtra-11,Maharashtra,Maharashtra District 3,Library / Reading Room,"Library / Reading Room at Maharashtra District 3, Ward 6",809124.09,807261.63,809124.09,Work In Progress,2026-01-07,2026-03-20,Public Works Department (PWD),False,CTR0019,19.350917,75.256424,19.350917,75.256424,False,
PRJ00657,MP017,Maharashtra-11,Maharashtra,Maharashtra District 3,Borewell / Handpump,"Borewell / Handpump at Maharashtra District 3, Ward 2",194886.53,166267.71,194886.53,Completed,2024-08-25,2024-11-14,Municipal Corporation Engineering Cell,False,CTR0028,19.141318,75.634991,19.141318,75.634991,False,
PRJ00658,MP017,Maharashtra-11,Maharashtra,Maharashtra District 3,Drinking Water Supply,"Drinking Water Supply at Maharashtra District 3, Ward 7",1484398.82,1348124.95,1484398.82,Completed,2024-06-01,2024-08-11,Public Works Department (PWD),True,CTR0011,20.095479,75.260435,20.095479,75.260435,False,
PRJ00659,MP017,Maharashtra-11,Maharashtra,Maharashtra District 3,Borewell / Handpump,"Borewell / Handpump at Maharashtra District 3, Ward 24",262686.65,260250.81,262686.65,Completed,2024-12-05,2025-02-15,Zilla Parishad PWD Division,True,CTR0107,19.43068,75.498607,19.43068,75.498607,False,
PRJ00660,MP017,Maharashtra-11,Maharashtra,Maharashtra District 3,Community Hall,"Community Hall at Maharashtra District 3, Ward 18",1864972.53,1791831.86,1864972.53,Work In Progress,2025-12-09,2026-01-15,Public Works Department (PWD),False,CTR0012,19.176553,75.564668,19.176553,75.564668,False,
PRJ00661,MP017,Maharashtra-11,Maharashtra,Maharashtra District 3,Drainage System,"Drainage System at Maharashtra District 3, Ward 1",2953103.92,2828044.17,2953103.92,Payment Released,2024-10-10,2024-11-26,Public Works Department (PWD),False,CTR0110,20.271941,75.552642,20.271941,75.552642,False,
PRJ00662,MP017,Maharashtra-11,Maharashtra,Maharashtra District 3,Library / Reading Room,"Library / Reading Room at Maharashtra District 3, Ward 4",1330393.77,1319954.08,1330393.77,Completed,2024-11-19,2025-01-02,Public Works Department (PWD),True,CTR0076,19.362526,75.491465,19.362526,75.491465,False,
PRJ00663,MP017,Maharashtra-11,Maharashtra,Maharashtra District 3,Drinking Water Supply,"Drinking Water Supply at Maharashtra District 3, Ward 19",1278061.7,1130125.66,1278061.7,Work In Progress,2025-07-19,2025-08-15,Panchayati Raj Engineering Department,False,CTR0020,19.17015,75.459915,19.17015,75.459915,False,
PRJ00664,MP017,Maharashtra-11,Maharashtra,Maharashtra District 3,Community Hall,"Community Hall at Maharashtra District 3, Ward 10",2644945.91,2270973.77,2644945.91,Work In Progress,2026-03-02,2026-04-30,District Rural Development Agency,False,CTR0119,19.799969,76.161212,19.799969,76.161212,False,
PRJ00665,MP017,Maharashtra-11,Maharashtra,Maharashtra District 3,Sports Infrastructure,"Sports Infrastructure at Maharashtra District 3, Ward 9",2460691.54,2350365.54,2460691.54,Sanctioned,2026-06-19,2026-08-24,Public Works Department (PWD),False,CTR0113,19.592878,75.705565,19.592878,75.705565,False,
PRJ00666,MP017,Maharashtra-11,Maharashtra,Maharashtra District 3,Drinking Water Supply,"Drinking Water Supply at Maharashtra District 3, Ward 9",1754953.89,1588650.1,1754953.89,Completed,2024-06-25,2024-09-01,Municipal Corporation Engineering Cell,True,CTR0084,19.604884,75.702334,19.710730327693874,75.59182836134808,True,geo_mismatch
PRJ00667,MP017,Maharashtra-11,Maharashtra,Maharashtra District 3,Drinking Water Supply,"Drinking Water Supply at Maharashtra District 3, Ward 23",1345238.4,1338520.18,1345238.4,Completed,2024-08-18,2024-10-08,Cantonment Board Works Wing,False,CTR0019,19.9366,75.199868,19.9366,75.199868,False,
PRJ00668,MP017,Maharashtra-11,Maharashtra,Maharashtra District 3,Drinking Water Supply,"Drinking Water Supply at Maharashtra District 3, Ward 23",1509377.96,1481699.61,1509377.96,Payment Released,2025-05-21,2025-06-09,Zilla Parishad PWD Division,False,CTR0005,19.344794,76.091758,19.344794,76.091758,False,
PRJ00669,MP017,Maharashtra-11,Maharashtra,Maharashtra District 3,Street Lighting,"Street Lighting at Maharashtra District 3, Ward 12",878883.98,785398.43,878883.98,Payment Released,2025-11-30,2025-12-29,Zilla Parishad PWD Division,False,CTR0007,19.663288,76.129429,19.663288,76.129429,False,
PRJ00670,MP017,Maharashtra-11,Maharashtra,Maharashtra District 3,Road Construction,"Road Construction at Maharashtra District 3, Ward 10",842099.24,814316.04,842099.24,Completed,2026-03-11,2026-04-19,Zilla Parishad PWD Division,True,CTR0044,19.665952,75.372978,19.665952,75.372978,False,
PRJ00671,MP017,Maharashtra-11,Maharashtra,Maharashtra District 3,School Building Repair,"School Building Repair at Maharashtra District 3, Ward 22",817448.08,754328.48,817448.08,Completed,2025-06-19,2025-08-26,Cantonment Board Works Wing,True,CTR0108,19.314997,76.169368,19.314997,76.169368,False,
PRJ00672,MP017,Maharashtra-11,Maharashtra,Maharashtra District 3,Community Hall,"Community Hall at Maharashtra District 3, Ward 15",2247729.13,2292911.31,2247729.13,Sanctioned,2026-05-31,2026-08-12,Cantonment Board Works Wing,False,CTR0008,19.321162,75.147234,19.321162,75.147234,True,cost_inflation
PRJ00673,MP017,Maharashtra-11,Maharashtra,Maharashtra District 3,Drainage System,"Drainage System at Maharashtra District 3, Ward 21",1427967.45,1340748.43,1427967.45,Completed,2025-07-24,2025-09-17,Panchayati Raj Engineering Department,True,CTR0009,20.014268,76.171965,20.130495,76.290145,True,phantom_work
PRJ00674,MP017,Maharashtra-11,Maharashtra,Maharashtra District 3,Community Hall,"Community Hall at Maharashtra District 3, Ward 24",3998362.72,3975607.14,3998362.72,Work In Progress,2025-10-25,2026-01-19,Public Works Department (PWD),False,CTR0025,19.710751,75.64339,19.710751,75.64339,False,
PRJ00675,MP017,Maharashtra-11,Maharashtra,Maharashtra District 3,Public Toilet Complex,"Public Toilet Complex at Maharashtra District 3, Ward 2",299955.02,267674.62,299955.02,Completed,2024-06-02,2024-06-21,Zilla Parishad PWD Division,True,CTR0098,19.43481,75.585962,19.43481,75.585962,False,
PRJ00676,MP017,Maharashtra-11,Maharashtra,Maharashtra District 3,Sports Infrastructure,"Sports Infrastructure at Maharashtra District 3, Ward 23",655973.69,600828.9,655973.69,Work In Progress,2025-11-28,2025-12-19,Zilla Parishad PWD Division,False,CTR0102,19.712552,75.410551,19.712552,75.410551,False,
PRJ00677,MP017,Maharashtra-11,Maharashtra,Maharashtra District 3,Sports Infrastructure,"Sports Infrastructure at Maharashtra District 3, Ward 19",1339981.33,1328867.67,1339981.33,Work In Progress,2024-08-17,2024-09-01,Panchayati Raj Engineering Department,False,CTR0052,19.501854,75.785025,19.501854,75.785025,False,
PRJ00678,MP017,Maharashtra-11,Maharashtra,Maharashtra District 3,Road Construction,"Road Construction at Maharashtra District 3, Ward 2",3704871.0,3199892.86,3704871.0,Payment Released,2025-06-09,2025-06-25,Municipal Corporation Engineering Cell,False,CTR0023,19.293737,76.252896,19.293737,76.252896,False,
PRJ00679,MP017,Maharashtra-11,Maharashtra,Maharashtra District 3,Street Lighting,"Street Lighting at Maharashtra District 3, Ward 23",343224.0,327413.84,343224.0,Payment Released,2025-11-17,2026-01-11,Zilla Parishad PWD Division,False,CTR0005,19.979792,76.294506,19.979792,76.294506,False,
PRJ00680,MP017,Maharashtra-11,Maharashtra,Maharashtra District 3,Street Lighting,"Street Lighting at Maharashtra District 3, Ward 17",549992.66,481449.43,549992.66,Payment Released,2025-05-28,2025-07-27,Public Works Department (PWD),False,CTR0036,20.272948,76.123981,20.272948,76.123981,False,
PRJ00681,MP018,West-25,West Bengal,West District 2,Community Hall,"Community Hall at West District 2, Ward 16",1981757.48,1891083.2,1981757.48,Work In Progress,2025-03-16,2025-04-27,Zilla Parishad PWD Division,False,CTR0088,22.9182,88.488342,22.9182,88.488342,False,
PRJ00682,MP018,West-25,West Bengal,West District 2,Library / Reading Room,"Library / Reading Room at West District 2, Ward 19",1203797.64,1092659.87,1203797.64,Payment Released,2024-10-22,2024-12-12,Public Works Department (PWD),False,CTR0058,22.716351,87.818169,22.716351,87.818169,False,
PRJ00683,MP018,West-25,West Bengal,West District 2,Sports Infrastructure,"Sports Infrastructure at West District 2, Ward 24",2861444.8,2579050.0,2861444.8,Work In Progress,2026-01-10,2026-03-03,Zilla Parishad PWD Division,False,CTR0045,23.271974,87.585948,23.271974,87.585948,False,
PRJ00684,MP018,West-25,West Bengal,West District 2,Community Hall,"Community Hall at West District 2, Ward 6",4890702.75,4923200.89,4890702.75,Sanctioned,2025-03-12,2025-05-30,District Rural Development Agency,False,CTR0037,22.834621,88.460362,22.834621,88.460362,True,cost_inflation
PRJ00685,MP018,West-25,West Bengal,West District 2,Library / Reading Room,"Library / Reading Room at West District 2, Ward 21",958037.48,867796.61,958037.48,Completed,2025-07-30,2025-10-18,Municipal Corporation Engineering Cell,True,CTR0100,22.410939,87.84948,22.410939,87.84948,False,
PRJ00686,MP018,West-25,West Bengal,West District 2,Street Lighting,"Street Lighting at West District 2, Ward 14",875050.67,776296.61,875050.67,Payment Released,2024-05-30,2024-07-17,Cantonment Board Works Wing,False,CTR0087,22.717662,88.374667,22.717662,88.374667,False,
PRJ00687,MP018,West-25,West Bengal,West District 2,Sports Infrastructure,"Sports Infrastructure at West District 2, Ward 1",1395090.84,1329752.29,1395090.84,Work In Progress,2026-07-01,2026-07-19,Cantonment Board Works Wing,False,CTR0003,22.628169,88.183768,22.628169,88.183768,False,
PRJ00688,MP018,West-25,West Bengal,West District 2,Public Toilet Complex,"Public Toilet Complex at West District 2, Ward 20",555602.09,498566.75,555602.09,Work In Progress,2026-02-19,2026-03-29,Municipal Corporation Engineering Cell,False,CTR0117,22.889224,87.68488,22.889224,87.68488,False,
PRJ00689,MP018,West-25,West Bengal,West District 2,Road Construction,"Road Construction at West District 2, Ward 23",4394597.95,4028558.33,4394597.95,Work In Progress,2025-12-13,2026-02-17,Zilla Parishad PWD Division,False,CTR0029,22.991854,88.480009,22.991854,88.480009,False,
PRJ00690,MP018,West-25,West Bengal,West District 2,School Building Repair,"School Building Repair at West District 2, Ward 15",1488772.45,1285237.53,1488772.45,Completed,2025-03-01,2025-05-10,Zilla Parishad PWD Division,True,CTR0055,23.112247,87.376914,23.112247,87.376914,False,
PRJ00691,MP018,West-25,West Bengal,West District 2,School Building Repair,"School Building Repair at West District 2, Ward 17",3393963.38,3459656.22,3393963.38,Completed,2024-07-08,2024-07-28,Cantonment Board Works Wing,True,CTR0007,22.561106,87.460534,22.561106,87.460534,True,cost_inflation
PRJ00692,MP018,West-25,West Bengal,West District 2,Library / Reading Room,"Library / Reading Room at West District 2, Ward 17",363336.54,321848.15,363336.54,Completed,2025-01-12,2025-02-12,District Rural Development Agency,True,CTR0051,22.556251,87.793373,22.556251,87.793373,False,
PRJ00693,MP018,West-25,West Bengal,West District 2,Drainage System,"Drainage System at West District 2, Ward 10",1325022.92,1316012.71,1325022.92,Work In Progress,2026-05-29,2026-07-06,Panchayati Raj Engineering Department,False,CTR0072,23.260165,87.589991,23.260165,87.589991,False,
PRJ00694,MP018,West-25,West Bengal,West District 2,School Building Repair,"School Building Repair at West District 2, Ward 11",680230.19,657550.76,680230.19,Work In Progress,2025-09-10,2025-11-15,District Rural Development Agency,False,CTR0088,23.329988,88.313837,23.329988,88.313837,False,
PRJ00695,MP018,West-25,West Bengal,West District 2,School Building Repair,"School Building Repair at West District 2, Ward 9",763101.56,748726.78,763101.56,Completed,2024-12-11,2025-02-21,Zilla Parishad PWD Division,True,CTR0021,22.791019,87.695255,22.729194,87.679153,True,phantom_work
PRJ00696,MP018,West-25,West Bengal,West District 2,School Building Repair,"School Building Repair at West District 2, Ward 2",1447256.41,1279047.81,1447256.41,Work In Progress,2024-08-01,2024-08-27,Municipal Corporation Engineering Cell,False,CTR0025,23.094781,88.031618,23.094781,88.031618,False,
PRJ00697,MP018,West-25,West Bengal,West District 2,Library / Reading Room,"Library / Reading Room at West District 2, Ward 5",1177337.61,1049243.14,1177337.61,Completed,2025-03-03,2025-05-23,Cantonment Board Works Wing,True,CTR0052,22.869322,87.700532,22.869322,87.700532,False,
PRJ00698,MP018,West-25,West Bengal,West District 2,Road Construction,"Road Construction at West District 2, Ward 9",2953234.16,2532914.59,2953234.16,Payment Released,2025-11-26,2025-12-24,Zilla Parishad PWD Division,False,CTR0084,22.57943,87.890402,22.57943,87.890402,False,
PRJ00699,MP018,West-25,West Bengal,West District 2,Drinking Water Supply,"Drinking Water Supply at West District 2, Ward 19",1409092.25,1252283.04,1409092.25,Payment Released,2024-05-29,2024-08-17,District Rural Development Agency,False,CTR0052,22.856783,87.459941,22.856783,87.459941,False,
PRJ00700,MP018,West-25,West Bengal,West District 2,Library / Reading Room,"Library / Reading Room at West District 2, Ward 12",1119906.76,1082257.27,1119906.76,Payment Released,2025-01-14,2025-04-01,Cantonment Board Works Wing,False,CTR0105,23.221318,87.436759,23.126069483734035,87.51884444355984,True,geo_mismatch
PRJ00701,MP018,West-25,West Bengal,West District 2,Sports Infrastructure,"Sports Infrastructure at West District 2, Ward 16",2038992.69,1928569.93,2038992.69,Completed,2025-05-25,2025-06-19,District Rural Development Agency,False,CTR0010,22.822018,87.651186,22.716367192415007,87.71262081148201,True,geo_mismatch
PRJ00702,MP018,West-25,West Bengal,West District 2,Borewell / Handpump,"Borewell / Handpump at West District 2, Ward 25",119289.18,110846.89,119289.18,Payment Released,2025-01-07,2025-03-28,Panchayati Raj Engineering Department,False,CTR0095,22.860713,87.428054,22.860713,87.428054,False,
PRJ00703,MP018,West-25,West Bengal,West District 2,Borewell / Handpump,"Borewell / Handpump at West District 2, Ward 3",303610.18,261496.96,303610.18,Completed,2026-01-11,2026-02-05,Cantonment Board Works Wing,True,CTR0088,22.434876,87.359171,22.434876,87.359171,False,
PRJ00704,MP018,West-25,West Bengal,West District 2,Street Lighting,"Street Lighting at West District 2, Ward 14",438793.54,413148.87,438793.54,Work In Progress,2026-03-22,2026-05-31,Zilla Parishad PWD Division,False,CTR0046,23.301969,88.152422,23.301969,88.152422,False,
PRJ00705,MP018,West-25,West Bengal,West District 2,Drainage System,"Drainage System at West District 2, Ward 15",1006521.92,907021.49,1006521.92,Work In Progress,2025-10-26,2026-01-18,Zilla Parishad PWD Division,False,CTR0048,23.497207,87.616262,23.497207,87.616262,False,
PRJ00706,MP018,West-25,West Bengal,West District 2,Community Hall,"Community Hall at West District 2, Ward 19",928150.9,889910.12,928150.9,Work In Progress,2024-06-21,2024-07-10,Cantonment Board Works Wing,False,CTR0061,23.303654,88.469327,23.303654,88.469327,False,
PRJ00707,MP018,West-25,West Bengal,West District 2,Library / Reading Room,"Library / Reading Room at West District 2, Ward 17",1268391.12,1201294.9,1268391.12,Work In Progress,2024-04-13,2024-07-05,Municipal Corporation Engineering Cell,False,CTR0080,22.45402,88.080225,22.45402,88.080225,False,
PRJ00708,MP018,West-25,West Bengal,West District 2,Community Hall,"Community Hall at West District 2, Ward 10",3083479.44,3061449.68,3083479.44,Completed,2026-05-30,2026-07-16,Panchayati Raj Engineering Department,True,CTR0112,23.141799,87.851212,23.184125,87.794708,True,phantom_work
PRJ00709,MP018,West-25,West Bengal,West District 2,Drinking Water Supply,"Drinking Water Supply at West District 2, Ward 5",445321.68,402574.8,445321.68,Completed,2024-12-27,2025-03-01,Municipal Corporation Engineering Cell,True,CTR0007,22.873441,87.726341,22.873441,87.726341,False,
PRJ00710,MP018,West-25,West Bengal,West District 2,Street Lighting,"Street Lighting at West District 2, Ward 15",351107.42,305037.8,351107.42,Completed,2025-02-17,2025-05-08,Panchayati Raj Engineering Department,True,CTR0044,23.086612,87.347757,23.086612,87.347757,False,
PRJ00711,MP018,West-25,West Bengal,West District 2,Borewell / Handpump,"Borewell / Handpump at West District 2, Ward 25",201240.2,173377.56,201240.2,Completed,2025-12-31,2026-02-15,Municipal Corporation Engineering Cell,True,CTR0041,23.104918,88.285511,23.104918,88.285511,False,
PRJ00712,MP018,West-25,West Bengal,West District 2,Community Hall,"Community Hall at West District 2, Ward 11",5361026.43,4999616.03,5361026.43,Payment Released,2024-06-16,2024-08-31,Municipal Corporation Engineering Cell,False,CTR0063,22.530992,87.422255,22.530992,87.422255,False,
PRJ00713,MP018,West-25,West Bengal,West District 2,Road Construction,"Road Construction at West District 2, Ward 25",3492146.59,3410288.29,3492146.59,Sanctioned,2026-04-07,2026-06-17,Panchayati Raj Engineering Department,False,CTR0001,22.710874,87.955772,22.647812693218878,87.89259574601617,True,geo_mismatch
PRJ00714,MP018,West-25,West Bengal,West District 2,Borewell / Handpump,"Borewell / Handpump at West District 2, Ward 5",129747.14,121308.57,129747.14,Completed,2025-03-13,2025-05-28,District Rural Development Agency,False,CTR0063,22.320998,87.358806,22.349902,87.29107,True,phantom_work
PRJ00715,MP018,West-25,West Bengal,West District 2,Library / Reading Room,"Library / Reading Room at West District 2, Ward 14",1155797.07,1083112.93,1155797.07,Payment Released,2026-02-05,2026-03-18,Public Works Department (PWD),False,CTR0056,23.190021,88.110277,23.190021,88.110277,False,
PRJ00716,MP018,West-25,West Bengal,West District 2,Public Toilet Complex,"Public Toilet Complex at West District 2, Ward 7",282415.65,268698.54,282415.65,Sanctioned,2025-03-17,2025-04-14,Panchayati Raj Engineering Department,False,CTR0050,23.33032,88.455279,23.33032,88.455279,False,
PRJ00717,MP018,West-25,West Bengal,West District 2,Drainage System,"Drainage System at West District 2, Ward 7",540538.45,506383.7,540538.45,Completed,2024-11-28,2025-02-13,Panchayati Raj Engineering Department,False,CTR0002,23.041942,88.237755,23.041942,88.237755,False,
PRJ00718,MP018,West-25,West Bengal,West District 2,Road Construction,"Road Construction at West District 2, Ward 8",3439586.67,3071276.62,3439586.67,Sanctioned,2024-07-07,2024-07-24,Cantonment Board Works Wing,False,CTR0087,23.068537,87.676994,23.068537,87.676994,False,
PRJ00719,MP018,West-25,West Bengal,West District 2,Street Lighting,"Street Lighting at West District 2, Ward 5",584844.63,559598.66,584844.63,Completed,2025-05-08,2025-07-30,Zilla Parishad PWD Division,True,CTR0089,22.511068,87.58246,22.511068,87.58246,False,
PRJ00720,MP018,West-25,West Bengal,West District 2,Community Hall,"Community Hall at West District 2, Ward 6",1550048.11,1433938.55,1550048.11,Completed,2025-02-27,2025-03-31,Zilla Parishad PWD Division,True,CTR0050,23.394142,87.475937,23.394142,87.475937,False,
PRJ00721,MP019,Gujarat-21,Gujarat,Gujarat District 1,Road Construction,"Road Construction at Gujarat District 1, Ward 24",3170403.54,3053809.16,3170403.54,Completed,2025-07-13,2025-10-09,Public Works Department (PWD),True,CTR0039,22.071355,71.137566,22.071355,71.137566,False,
PRJ00722,MP019,Gujarat-21,Gujarat,Gujarat District 1,Sports Infrastructure,"Sports Infrastructure at Gujarat District 1, Ward 22",1313933.44,1228119.28,1313933.44,Payment Released,2025-11-08,2026-01-29,Public Works Department (PWD),False,CTR0077,22.002787,71.698348,22.002787,71.698348,False,
PRJ00723,MP019,Gujarat-21,Gujarat,Gujarat District 1,Borewell / Handpump,"Borewell / Handpump at Gujarat District 1, Ward 12",107938.27,106432.29,107938.27,Completed,2025-06-08,2025-09-01,Public Works Department (PWD),True,CTR0044,21.902499,71.761992,21.902499,71.761992,False,
PRJ00724,MP019,Gujarat-21,Gujarat,Gujarat District 1,Street Lighting,"Street Lighting at Gujarat District 1, Ward 1",376190.15,336900.95,376190.15,Payment Released,2026-04-22,2026-06-07,Public Works Department (PWD),False,CTR0022,21.811621,70.772642,21.811621,70.772642,False,
PRJ00725,MP019,Gujarat-21,Gujarat,Gujarat District 1,Street Lighting,"Street Lighting at Gujarat District 1, Ward 7",746683.78,649277.44,746683.78,Work In Progress,2026-05-16,2026-06-12,Municipal Corporation Engineering Cell,False,CTR0029,22.472115,70.83662,22.472115,70.83662,False,
PRJ00726,MP019,Gujarat-21,Gujarat,Gujarat District 1,Road Construction,"Road Construction at Gujarat District 1, Ward 12",4179671.86,3774702.14,4179671.86,Completed,2024-12-30,2025-03-06,District Rural Development Agency,True,CTR0076,22.486985,71.244731,22.486985,71.244731,False,
PRJ00727,MP019,Gujarat-21,Gujarat,Gujarat District 1,Road Construction,"Road Construction at Gujarat District 1, Ward 2",1417625.75,1301855.37,1417625.75,Completed,2024-05-31,2024-06-27,Panchayati Raj Engineering Department,True,CTR0049,22.383397,71.598869,22.480597550159,71.48027211868491,True,geo_mismatch
PRJ00728,MP019,Gujarat-21,Gujarat,Gujarat District 1,Community Hall,"Community Hall at Gujarat District 1, Ward 23",4370728.78,4238660.11,4370728.78,Completed,2024-07-19,2024-08-31,District Rural Development Agency,True,CTR0084,21.828435,71.536839,21.828435,71.536839,False,
PRJ00729,MP019,Gujarat-21,Gujarat,Gujarat District 1,Community Hall,"Community Hall at Gujarat District 1, Ward 18",3036742.21,2722608.33,3036742.21,Completed,2024-07-10,2024-08-07,District Rural Development Agency,True,CTR0054,22.614556,71.723412,22.614556,71.723412,False,
PRJ00730,MP019,Gujarat-21,Gujarat,Gujarat District 1,School Building Repair,"School Building Repair at Gujarat District 1, Ward 23",1527376.59,1313685.45,1527376.59,Completed,2025-01-31,2025-04-10,Municipal Corporation Engineering Cell,True,CTR0061,22.021597,71.69465,22.021597,71.69465,False,
PRJ00731,MP019,Gujarat-21,Gujarat,Gujarat District 1,Road Construction,"Road Construction at Gujarat District 1, Ward 22",3321430.25,3187258.95,3321430.25,Completed,2025-12-21,2026-02-22,District Rural Development Agency,True,CTR0039,21.875316,71.587604,21.757551,71.442678,True,phantom_work
PRJ00732,MP019,Gujarat-21,Gujarat,Gujarat District 1,Sports Infrastructure,"Sports Infrastructure at Gujarat District 1, Ward 5",1235853.03,1235732.59,1235853.03,Completed,2024-12-20,2025-03-17,Cantonment Board Works Wing,True,CTR0035,21.953718,70.918205,21.953718,70.918205,False,
PRJ00733,MP019,Gujarat-21,Gujarat,Gujarat District 1,Drinking Water Supply,"Drinking Water Supply at Gujarat District 1, Ward 24",1406326.14,1224012.66,1406326.14,Completed,2026-03-15,2026-04-21,Panchayati Raj Engineering Department,False,CTR0107,22.872926,71.757224,22.872926,71.757224,False,
PRJ00734,MP019,Gujarat-21,Gujarat,Gujarat District 1,Library / Reading Room,"Library / Reading Room at Gujarat District 1, Ward 16",553232.88,501642.44,553232.88,Payment Released,2024-05-04,2024-07-05,District Rural Development Agency,False,CTR0016,21.806076,71.010671,21.806076,71.010671,False,
PRJ00735,MP019,Gujarat-21,Gujarat,Gujarat District 1,Street Lighting,"Street Lighting at Gujarat District 1, Ward 17",462120.71,461162.51,462120.71,Sanctioned,2026-06-15,2026-07-04,Zilla Parishad PWD Division,False,CTR0078,22.685019,70.937773,22.685019,70.937773,False,
PRJ00736,MP019,Gujarat-21,Gujarat,Gujarat District 1,Street Lighting,"Street Lighting at Gujarat District 1, Ward 6",240283.61,237716.06,240283.61,Payment Released,2025-07-01,2025-09-07,Zilla Parishad PWD Division,False,CTR0046,22.296092,71.611535,22.296092,71.611535,False,
PRJ00737,MP019,Gujarat-21,Gujarat,Gujarat District 1,Road Construction,"Road Construction at Gujarat District 1, Ward 23",3373865.5,3050589.83,3373865.5,Payment Released,2025-09-19,2025-11-13,Municipal Corporation Engineering Cell,False,CTR0071,22.464763,70.684836,22.464763,70.684836,False,
PRJ00738,MP019,Gujarat-21,Gujarat,Gujarat District 1,Public Toilet Complex,"Public Toilet Complex at Gujarat District 1, Ward 22",1196035.72,1163035.31,1196035.72,Payment Released,2025-02-18,2025-05-10,District Rural Development Agency,False,CTR0043,22.218481,71.555669,22.218481,71.555669,False,
PRJ00739,MP019,Gujarat-21,Gujarat,Gujarat District 1,Community Hall,"Community Hall at Gujarat District 1, Ward 22",2936901.27,2773911.48,2936901.27,Sanctioned,2026-05-31,2026-06-16,Panchayati Raj Engineering Department,False,CTR0117,22.20086,70.773174,22.20086,70.773174,False,
PRJ00740,MP019,Gujarat-21,Gujarat,Gujarat District 1,Public Toilet Complex,"Public Toilet Complex at Gujarat District 1, Ward 3",1067210.98,940987.68,1067210.98,Completed,2025-06-24,2025-07-21,Panchayati Raj Engineering Department,True,CTR0020,22.583242,70.984019,22.583242,70.984019,False,
PRJ00741,MP019,Gujarat-21,Gujarat,Gujarat District 1,Community Hall,"Community Hall at Gujarat District 1, Ward 15",5228223.28,4762995.39,5228223.28,Sanctioned,2026-08-07,2026-08-23,Municipal Corporation Engineering Cell,False,CTR0116,22.614833,70.772651,22.614833,70.772651,False,
PRJ00742,MP019,Gujarat-21,Gujarat,Gujarat District 1,School Building Repair,"School Building Repair at Gujarat District 1, Ward 6",1255883.13,1165085.67,1255883.13,Completed,2024-12-15,2025-02-01,District Rural Development Agency,True,CTR0034,21.708956,71.107224,21.708956,71.107224,False,
PRJ00743,MP019,Gujarat-21,Gujarat,Gujarat District 1,Road Construction,"Road Construction at Gujarat District 1, Ward 11",1278679.65,1199739.96,1278679.65,Payment Released,2025-01-27,2025-04-14,Cantonment Board Works Wing,False,CTR0110,21.952916,70.884065,21.952916,70.884065,False,
PRJ00744,MP019,Gujarat-21,Gujarat,Gujarat District 1,Drinking Water Supply,"Drinking Water Supply at Gujarat District 1, Ward 1",1214381.12,1190156.33,1214381.12,Work In Progress,2025-07-05,2025-08-04,District Rural Development Agency,False,CTR0095,22.503122,71.137703,22.503122,71.137703,False,
PRJ00745,MP019,Gujarat-21,Gujarat,Gujarat District 1,Borewell / Handpump,"Borewell / Handpump at Gujarat District 1, Ward 12",249236.71,249073.9,249236.71,Completed,2025-03-12,2025-06-03,Zilla Parishad PWD Division,True,CTR0085,22.27622,71.183063,22.27622,71.183063,False,
PRJ00746,MP019,Gujarat-21,Gujarat,Gujarat District 1,Public Toilet Complex,"Public Toilet Complex at Gujarat District 1, Ward 3",623686.57,584977.67,623686.57,Payment Released,2025-07-21,2025-08-23,Cantonment Board Works Wing,False,CTR0080,22.29084,70.830779,22.29084,70.830779,False,
PRJ00747,MP019,Gujarat-21,Gujarat,Gujarat District 1,Drainage System,"Drainage System at Gujarat District 1, Ward 13",2765815.91,2746011.57,2765815.91,Payment Released,2025-05-28,2025-06-21,District Rural Development Agency,False,CTR0105,22.339666,71.357853,22.339666,71.357853,False,
PRJ00748,MP019,Gujarat-21,Gujarat,Gujarat District 1,Drinking Water Supply,"Drinking Water Supply at Gujarat District 1, Ward 23",1126806.68,1063078.0,1126806.68,Work In Progress,2026-03-06,2026-04-20,Public Works Department (PWD),False,CTR0015,22.633582,70.864565,22.633582,70.864565,True,duplicate_photo
PRJ00749,MP019,Gujarat-21,Gujarat,Gujarat District 1,Public Toilet Complex,"Public Toilet Complex at Gujarat District 1, Ward 4",895942.91,831068.42,895942.91,Completed,2025-02-06,2025-03-14,Municipal Corporation Engineering Cell,True,CTR0103,21.801056,71.781491,21.801056,71.781491,False,
PRJ00750,MP019,Gujarat-21,Gujarat,Gujarat District 1,Borewell / Handpump,"Borewell / Handpump at Gujarat District 1, Ward 4",109560.24,95998.63,109560.24,Completed,2024-11-20,2025-02-01,Municipal Corporation Engineering Cell,True,CTR0090,22.477636,70.894545,22.477636,70.894545,False,
PRJ00751,MP019,Gujarat-21,Gujarat,Gujarat District 1,Drinking Water Supply,"Drinking Water Supply at Gujarat District 1, Ward 22",1651898.81,1423596.5,1651898.81,Completed,2024-05-17,2024-06-30,Panchayati Raj Engineering Department,True,CTR0117,22.097098,70.897945,22.097098,70.897945,False,
PRJ00752,MP019,Gujarat-21,Gujarat,Gujarat District 1,Public Toilet Complex,"Public Toilet Complex at Gujarat District 1, Ward 20",868961.42,769769.17,868961.42,Payment Released,2026-02-07,2026-02-23,Zilla Parishad PWD Division,False,CTR0024,22.037541,71.093353,22.037541,71.093353,False,
PRJ00753,MP019,Gujarat-21,Gujarat,Gujarat District 1,Road Construction,"Road Construction at Gujarat District 1, Ward 5",3993450.84,3599039.9,3993450.84,Completed,2024-12-17,2025-03-03,Cantonment Board Works Wing,True,CTR0111,22.106208,70.60851,22.106208,70.60851,False,
PRJ00754,MP019,Gujarat-21,Gujarat,Gujarat District 1,Public Toilet Complex,"Public Toilet Complex at Gujarat District 1, Ward 15",317649.67,299366.9,317649.67,Payment Released,2025-11-13,2025-12-25,Public Works Department (PWD),False,CTR0118,21.753833,71.347056,21.753833,71.347056,False,
PRJ00755,MP019,Gujarat-21,Gujarat,Gujarat District 1,Road Construction,"Road Construction at Gujarat District 1, Ward 1",3532871.96,3215102.47,3532871.96,Payment Released,2024-10-30,2024-12-20,Zilla Parishad PWD Division,False,CTR0009,22.836584,71.087755,22.836584,71.087755,False,
PRJ00756,MP019,Gujarat-21,Gujarat,Gujarat District 1,Sports Infrastructure,"Sports Infrastructure at Gujarat District 1, Ward 19",3182350.21,2746726.31,3182350.21,Completed,2024-11-04,2024-12-04,Cantonment Board Works Wing,True,CTR0099,22.823792,71.590642,22.823792,71.590642,False,
PRJ00757,MP019,Gujarat-21,Gujarat,Gujarat District 1,Street Lighting,"Street Lighting at Gujarat District 1, Ward 17",787599.55,781959.56,787599.55,Completed,2025-04-28,2025-06-25,Panchayati Raj Engineering Department,True,CTR0086,21.759832,70.779891,21.759832,70.779891,False,
PRJ00758,MP019,Gujarat-21,Gujarat,Gujarat District 1,Library / Reading Room,"Library / Reading Room at Gujarat District 1, Ward 8",222059.87,190236.07,222059.87,Completed,2025-03-10,2025-06-02,Cantonment Board Works Wing,True,CTR0013,21.871674,70.616817,21.871674,70.616817,False,
PRJ00759,MP019,Gujarat-21,Gujarat,Gujarat District 1,Public Toilet Complex,"Public Toilet Complex at Gujarat District 1, Ward 13",471838.08,451770.37,471838.08,Completed,2025-01-07,2025-02-28,Cantonment Board Works Wing,True,CTR0012,22.298762,70.686656,22.298762,70.686656,True,split_tender
PRJ00760,MP019,Gujarat-21,Gujarat,Gujarat District 1,Borewell / Handpump,"Borewell / Handpump at Gujarat District 1, Ward 2",126544.32,119200.63,126544.32,Completed,2025-06-21,2025-07-11,Panchayati Raj Engineering Department,True,CTR0108,21.888645,71.754806,21.888645,71.754806,False,
PRJ00761,MP020,West-21,West Bengal,West District 1,Borewell / Handpump,"Borewell / Handpump at West District 1, Ward 6",148363.7,144309.42,148363.7,Completed,2025-06-21,2025-08-31,Public Works Department (PWD),True,CTR0065,23.474737,87.902243,23.474737,87.902243,False,
PRJ00762,MP020,West-21,West Bengal,West District 1,Community Hall,"Community Hall at West District 1, Ward 11",3643960.67,3146272.05,3643960.67,Completed,2024-09-22,2024-10-14,Municipal Corporation Engineering Cell,False,CTR0097,22.801581,88.323942,22.801581,88.323942,False,
PRJ00763,MP020,West-21,West Bengal,West District 1,School Building Repair,"School Building Repair at West District 1, Ward 21",672851.86,584933.93,672851.86,Completed,2025-03-08,2025-04-18,Panchayati Raj Engineering Department,True,CTR0007,23.163996,87.421399,23.163996,87.421399,False,
PRJ00764,MP020,West-21,West Bengal,West District 1,Drinking Water Supply,"Drinking Water Supply at West District 1, Ward 15",814118.99,720782.18,814118.99,Completed,2026-03-02,2026-05-20,District Rural Development Agency,True,CTR0052,23.156392,88.348414,23.156392,88.348414,False,
PRJ00765,MP020,West-21,West Bengal,West District 1,Public Toilet Complex,"Public Toilet Complex at West District 1, Ward 16",283466.02,247785.88,283466.02,Work In Progress,2026-04-15,2026-06-06,District Rural Development Agency,False,CTR0103,23.140417,88.210642,23.140417,88.210642,False,
PRJ00766,MP020,West-21,West Bengal,West District 1,Public Toilet Complex,"Public Toilet Complex at West District 1, Ward 24",1005356.31,931993.13,1005356.31,Work In Progress,2025-08-01,2025-10-18,Public Works Department (PWD),False,CTR0041,23.440335,87.942827,23.440335,87.942827,False,
PRJ00767,MP020,West-21,West Bengal,West District 1,Road Construction,"Road Construction at West District 1, Ward 18",2370527.38,2189293.15,2370527.38,Work In Progress,2025-09-02,2025-10-11,District Rural Development Agency,False,CTR0014,23.316142,88.29833,23.316142,88.29833,False,
PRJ00768,MP020,West-21,West Bengal,West District 1,Sports Infrastructure,"Sports Infrastructure at West District 1, Ward 20",1924976.87,1705049.39,1924976.87,Completed,2025-11-12,2025-12-05,Panchayati Raj Engineering Department,True,CTR0001,23.252746,87.883779,23.252746,87.883779,False,
PRJ00769,MP020,West-21,West Bengal,West District 1,School Building Repair,"School Building Repair at West District 1, Ward 21",1908706.11,1670745.61,1908706.11,Sanctioned,2026-06-23,2026-08-01,Municipal Corporation Engineering Cell,False,CTR0114,22.852807,87.668505,22.852807,87.668505,False,
PRJ00770,MP020,West-21,West Bengal,West District 1,Public Toilet Complex,"Public Toilet Complex at West District 1, Ward 8",721314.06,651695.59,721314.06,Work In Progress,2025-09-28,2025-11-01,District Rural Development Agency,False,CTR0044,22.836763,88.458622,22.836763,88.458622,False,
PRJ00771,MP020,West-21,West Bengal,West District 1,Public Toilet Complex,"Public Toilet Complex at West District 1, Ward 20",405640.4,391008.14,405640.4,Work In Progress,2026-06-28,2026-08-13,Panchayati Raj Engineering Department,False,CTR0043,22.547186,88.151155,22.547186,88.151155,False,
PRJ00772,MP020,West-21,West Bengal,West District 1,Public Toilet Complex,"Public Toilet Complex at West District 1, Ward 15",964658.32,901531.62,964658.32,Work In Progress,2026-05-02,2026-07-19,Cantonment Board Works Wing,False,CTR0092,22.545975,88.190394,22.545975,88.190394,False,
PRJ00773,MP020,West-21,West Bengal,West District 1,Community Hall,"Community Hall at West District 1, Ward 1",1830621.21,1652830.15,1830621.21,Completed,2024-08-11,2024-09-04,Municipal Corporation Engineering Cell,True,CTR0013,23.16722,87.68307,23.16722,87.68307,False,
PRJ00774,MP020,West-21,West Bengal,West District 1,Drainage System,"Drainage System at West District 1, Ward 18",3855950.55,3922854.47,3855950.55,Completed,2024-06-27,2024-08-21,Zilla Parishad PWD Division,True,CTR0046,23.471788,87.751511,23.471788,87.751511,True,cost_inflation
PRJ00775,MP020,West-21,West Bengal,West District 1,Sports Infrastructure,"Sports Infrastructure at West District 1, Ward 6",1221646.59,1047932.8,1221646.59,Completed,2024-04-07,2024-06-21,District Rural Development Agency,True,CTR0048,22.436375,87.304702,22.436375,87.304702,False,
PRJ00776,MP020,West-21,West Bengal,West District 1,Public Toilet Complex,"Public Toilet Complex at West District 1, Ward 24",685212.38,597977.75,685212.38,Completed,2024-11-07,2025-01-01,Cantonment Board Works Wing,False,CTR0018,22.64161,87.751165,22.64161,87.751165,False,
PRJ00777,MP020,West-21,West Bengal,West District 1,Drinking Water Supply,"Drinking Water Supply at West District 1, Ward 7",890726.31,900489.42,890726.31,Payment Released,2025-07-10,2025-08-21,Municipal Corporation Engineering Cell,False,CTR0014,23.064883,88.262191,23.064883,88.262191,True,cost_inflation
PRJ00778,MP020,West-21,West Bengal,West District 1,Community Hall,"Community Hall at West District 1, Ward 15",1674214.11,1545477.46,1674214.11,Completed,2025-03-29,2025-05-23,Municipal Corporation Engineering Cell,False,CTR0120,23.05011,88.435424,23.05011,88.435424,False,
PRJ00779,MP020,West-21,West Bengal,West District 1,Street Lighting,"Street Lighting at West District 1, Ward 2",197180.61,168563.91,197180.61,Work In Progress,2026-02-25,2026-05-13,Public Works Department (PWD),False,CTR0092,23.192023,88.167996,23.192023,88.167996,False,
PRJ00780,MP020,West-21,West Bengal,West District 1,Library / Reading Room,"Library / Reading Room at West District 1, Ward 15",401221.85,356022.81,401221.85,Completed,2025-06-19,2025-08-03,Public Works Department (PWD),True,CTR0016,22.746769,87.605597,22.746769,87.605597,False,
PRJ00781,MP020,West-21,West Bengal,West District 1,Library / Reading Room,"Library / Reading Room at West District 1, Ward 1",272704.26,233959.49,272704.26,Work In Progress,2024-09-06,2024-10-29,Public Works Department (PWD),False,CTR0065,23.051009,87.365411,23.051009,87.365411,False,
PRJ00782,MP020,West-21,West Bengal,West District 1,Sports Infrastructure,"Sports Infrastructure at West District 1, Ward 19",2033723.64,1780773.27,2033723.64,Work In Progress,2025-04-12,2025-05-12,Public Works Department (PWD),False,CTR0095,22.537228,87.682581,22.537228,87.682581,False,
PRJ00783,MP020,West-21,West Bengal,West District 1,Public Toilet Complex,"Public Toilet Complex at West District 1, Ward 23",272148.31,232223.41,272148.31,Payment Released,2025-12-10,2026-01-04,Municipal Corporation Engineering Cell,False,CTR0119,23.263237,88.245642,23.263237,88.245642,False,
PRJ00784,MP020,West-21,West Bengal,West District 1,Library / Reading Room,"Library / Reading Room at West District 1, Ward 4",389317.24,368458.01,389317.24,Completed,2025-01-27,2025-02-22,Municipal Corporation Engineering Cell,True,CTR0023,23.239295,88.424977,23.239295,88.424977,False,
PRJ00785,MP020,West-21,West Bengal,West District 1,Drinking Water Supply,"Drinking Water Supply at West District 1, Ward 17",2152826.21,1853321.47,2152826.21,Completed,2024-06-21,2024-08-23,Zilla Parishad PWD Division,False,CTR0085,23.143936,87.783032,23.143936,87.783032,False,
PRJ00786,MP020,West-21,West Bengal,West District 1,Drinking Water Supply,"Drinking Water Supply at West District 1, Ward 25",2385284.45,2148143.94,2385284.45,Completed,2025-07-04,2025-07-28,Cantonment Board Works Wing,True,CTR0054,22.782712,87.361469,22.782712,87.361469,False,
PRJ00787,MP020,West-21,West Bengal,West District 1,Street Lighting,"Street Lighting at West District 1, Ward 10",413032.34,400837.8,413032.34,Work In Progress,2025-10-09,2025-11-04,Zilla Parishad PWD Division,False,CTR0036,22.484095,87.739861,22.484095,87.739861,False,
PRJ00788,MP020,West-21,West Bengal,West District 1,Public Toilet Complex,"Public Toilet Complex at West District 1, Ward 20",988376.18,868345.08,988376.18,Work In Progress,2025-03-21,2025-04-14,Public Works Department (PWD),False,CTR0104,22.740066,87.426966,22.740066,87.426966,False,
PRJ00789,MP020,West-21,West Bengal,West District 1,Sports Infrastructure,"Sports Infrastructure at West District 1, Ward 11",3456395.92,3140259.37,3456395.92,Completed,2025-05-15,2025-06-12,Panchayati Raj Engineering Department,True,CTR0039,22.994277,88.39361,22.994277,88.39361,False,
PRJ00790,MP020,West-21,West Bengal,West District 1,Sports Infrastructure,"Sports Infrastructure at West District 1, Ward 20",3013749.08,2855854.72,3013749.08,Payment Released,2024-08-02,2024-08-24,Municipal Corporation Engineering Cell,False,CTR0081,23.340186,88.372768,23.340186,88.372768,False,
PRJ00791,MP020,West-21,West Bengal,West District 1,School Building Repair,"School Building Repair at West District 1, Ward 5",1179426.8,1136423.75,1179426.8,Payment Released,2024-09-22,2024-11-30,Cantonment Board Works Wing,False,CTR0088,23.028059,87.500145,23.028059,87.500145,False,
PRJ00792,MP020,West-21,West Bengal,West District 1,Borewell / Handpump,"Borewell / Handpump at West District 1, Ward 11",103256.66,90462.81,103256.66,Payment Released,2025-08-18,2025-10-13,Cantonment Board Works Wing,False,CTR0065,22.704972,87.321697,22.704972,87.321697,False,
PRJ00793,MP020,West-21,West Bengal,West District 1,Community Hall,"Community Hall at West District 1, Ward 19",4021829.48,3923068.22,4021829.48,Payment Released,2024-09-21,2024-10-17,Public Works Department (PWD),False,CTR0098,22.558555,87.444578,22.558555,87.444578,False,
PRJ00794,MP020,West-21,West Bengal,West District 1,Library / Reading Room,"Library / Reading Room at West District 1, Ward 24",1467188.11,1357341.92,1467188.11,Payment Released,2025-10-29,2025-12-30,Cantonment Board Works Wing,False,CTR0086,23.477706,87.416852,23.477706,87.416852,False,
PRJ00795,MP020,West-21,West Bengal,West District 1,Sports Infrastructure,"Sports Infrastructure at West District 1, Ward 1",1485021.29,1276886.52,1485021.29,Completed,2025-02-19,2025-03-25,Public Works Department (PWD),True,CTR0037,22.959294,88.00904,22.959294,88.00904,False,
PRJ00796,MP020,West-21,West Bengal,West District 1,Sports Infrastructure,"Sports Infrastructure at West District 1, Ward 2",3015409.64,2937099.99,3015409.64,Sanctioned,2025-01-06,2025-02-05,Municipal Corporation Engineering Cell,False,CTR0014,22.975187,88.214625,22.975187,88.214625,False,
PRJ00797,MP020,West-21,West Bengal,West District 1,Road Construction,"Road Construction at West District 1, Ward 10",2689013.49,2459956.43,2689013.49,Work In Progress,2026-03-24,2026-05-07,Municipal Corporation Engineering Cell,False,CTR0026,23.459909,87.842658,23.459909,87.842658,False,
PRJ00798,MP020,West-21,West Bengal,West District 1,School Building Repair,"School Building Repair at West District 1, Ward 10",1913064.33,1875213.83,1913064.33,Work In Progress,2026-04-16,2026-06-24,Cantonment Board Works Wing,False,CTR0019,23.357501,87.720224,23.357501,87.720224,False,
PRJ00799,MP020,West-21,West Bengal,West District 1,Street Lighting,"Street Lighting at West District 1, Ward 15",383634.22,351561.72,383634.22,Payment Released,2025-09-10,2025-10-28,Zilla Parishad PWD Division,False,CTR0097,22.88232,88.233491,22.88232,88.233491,False,
PRJ00800,MP020,West-21,West Bengal,West District 1,Community Hall,"Community Hall at West District 1, Ward 18",2756190.44,2560203.21,2756190.44,Completed,2025-05-02,2025-07-06,Cantonment Board Works Wing,True,CTR0079,23.270559,87.734122,23.270559,87.734122,False,
PRJ00801,MP021,Tamil-37,Tamil Nadu,Tamil District 1,Sports Infrastructure,"Sports Infrastructure at Tamil District 1, Ward 10",1260320.7,1208055.43,1260320.7,Sanctioned,2026-06-06,2026-08-06,Cantonment Board Works Wing,False,CTR0050,11.192624,78.877264,11.192624,78.877264,False,
PRJ00802,MP021,Tamil-37,Tamil Nadu,Tamil District 1,Road Construction,"Road Construction at Tamil District 1, Ward 22",2439937.27,2205492.42,2439937.27,Payment Released,2024-06-15,2024-07-30,Public Works Department (PWD),False,CTR0119,10.597769,78.332007,10.597769,78.332007,False,
PRJ00803,MP021,Tamil-37,Tamil Nadu,Tamil District 1,Drainage System,"Drainage System at Tamil District 1, Ward 9",2727317.76,2802896.15,2727317.76,Sanctioned,2025-12-08,2026-02-16,Cantonment Board Works Wing,False,CTR0071,11.145714,78.710447,11.145714,78.710447,True,cost_inflation
PRJ00804,MP021,Tamil-37,Tamil Nadu,Tamil District 1,Street Lighting,"Street Lighting at Tamil District 1, Ward 8",364709.9,345302.1,364709.9,Completed,2025-09-09,2025-09-29,Public Works Department (PWD),True,CTR0080,11.281166,79.08942,11.281166,79.08942,False,
PRJ00805,MP021,Tamil-37,Tamil Nadu,Tamil District 1,Drainage System,"Drainage System at Tamil District 1, Ward 20",2945015.02,2816790.73,2945015.02,Work In Progress,2026-06-03,2026-07-30,Cantonment Board Works Wing,False,CTR0097,10.508829,78.721847,10.508829,78.721847,False,
PRJ00806,MP021,Tamil-37,Tamil Nadu,Tamil District 1,Street Lighting,"Street Lighting at Tamil District 1, Ward 10",840578.14,782647.93,840578.14,Completed,2025-02-18,2025-03-09,Municipal Corporation Engineering Cell,True,CTR0100,11.049846,79.234021,11.049846,79.234021,False,
PRJ00807,MP021,Tamil-37,Tamil Nadu,Tamil District 1,Public Toilet Complex,"Public Toilet Complex at Tamil District 1, Ward 6",402257.27,369400.83,402257.27,Completed,2026-02-27,2026-04-20,District Rural Development Agency,True,CTR0023,11.198574,78.528125,11.198574,78.528125,False,
PRJ00808,MP021,Tamil-37,Tamil Nadu,Tamil District 1,Borewell / Handpump,"Borewell / Handpump at Tamil District 1, Ward 2",259283.3,256775.63,259283.3,Sanctioned,2026-05-20,2026-07-29,Public Works Department (PWD),False,CTR0095,11.594649,78.351218,11.594649,78.351218,False,
PRJ00809,MP021,Tamil-37,Tamil Nadu,Tamil District 1,Drinking Water Supply,"Drinking Water Supply at Tamil District 1, Ward 6",2120742.57,2085698.28,2120742.57,Work In Progress,2026-07-05,2026-08-07,Municipal Corporation Engineering Cell,False,CTR0036,11.220642,78.736063,11.220642,78.736063,False,
PRJ00810,MP021,Tamil-37,Tamil Nadu,Tamil District 1,Library / Reading Room,"Library / Reading Room at Tamil District 1, Ward 15",797499.18,744535.48,797499.18,Payment Released,2025-05-14,2025-06-04,Zilla Parishad PWD Division,False,CTR0109,11.391163,78.43572,11.391163,78.43572,False,
PRJ00811,MP021,Tamil-37,Tamil Nadu,Tamil District 1,Borewell / Handpump,"Borewell / Handpump at Tamil District 1, Ward 20",191689.69,182873.91,191689.69,Payment Released,2025-06-18,2025-07-27,Zilla Parishad PWD Division,False,CTR0006,11.688771,78.433469,11.688771,78.433469,False,
PRJ00812,MP021,Tamil-37,Tamil Nadu,Tamil District 1,Road Construction,"Road Construction at Tamil District 1, Ward 22",2150533.08,2048665.25,2150533.08,Completed,2024-09-11,2024-09-30,Panchayati Raj Engineering Department,True,CTR0100,11.558929,78.344213,11.558929,78.344213,False,
PRJ00813,MP021,Tamil-37,Tamil Nadu,Tamil District 1,School Building Repair,"School Building Repair at Tamil District 1, Ward 12",792332.8,734344.57,792332.8,Payment Released,2025-09-03,2025-11-21,Panchayati Raj Engineering Department,False,CTR0063,11.628828,78.157338,11.628828,78.157338,False,
PRJ00814,MP021,Tamil-37,Tamil Nadu,Tamil District 1,Community Hall,"Community Hall at Tamil District 1, Ward 8",2859483.28,2612764.57,2859483.28,Completed,2024-11-06,2024-12-28,Panchayati Raj Engineering Department,True,CTR0101,10.962663,79.198499,10.962663,79.198499,False,
PRJ00815,MP021,Tamil-37,Tamil Nadu,Tamil District 1,Borewell / Handpump,"Borewell / Handpump at Tamil District 1, Ward 18",205624.93,182870.71,205624.93,Work In Progress,2024-11-19,2024-12-24,Panchayati Raj Engineering Department,False,CTR0017,10.688283,79.237078,10.58778155900233,79.35296752502347,True,geo_mismatch
PRJ00816,MP021,Tamil-37,Tamil Nadu,Tamil District 1,Drinking Water Supply,"Drinking Water Supply at Tamil District 1, Ward 22",2239597.77,2163894.64,2239597.77,Work In Progress,2026-05-06,2026-05-30,Municipal Corporation Engineering Cell,False,CTR0012,11.174574,78.763245,11.174574,78.763245,False,
PRJ00817,MP021,Tamil-37,Tamil Nadu,Tamil District 1,Drainage System,"Drainage System at Tamil District 1, Ward 25",1706217.44,1455668.85,1706217.44,Payment Released,2025-03-16,2025-05-10,Municipal Corporation Engineering Cell,False,CTR0043,11.367407,78.138984,11.367407,78.138984,False,
PRJ00818,MP021,Tamil-37,Tamil Nadu,Tamil District 1,Library / Reading Room,"Library / Reading Room at Tamil District 1, Ward 25",1459459.1,1254463.79,1459459.1,Completed,2024-05-07,2024-06-23,Panchayati Raj Engineering Department,True,CTR0068,11.162026,79.109315,11.162026,79.109315,False,
PRJ00819,MP021,Tamil-37,Tamil Nadu,Tamil District 1,Road Construction,"Road Construction at Tamil District 1, Ward 8",4107943.85,3870974.38,4107943.85,Payment Released,2025-10-22,2025-11-25,Public Works Department (PWD),False,CTR0015,10.986857,78.149299,10.986857,78.149299,False,
PRJ00820,MP021,Tamil-37,Tamil Nadu,Tamil District 1,Library / Reading Room,"Library / Reading Room at Tamil District 1, Ward 22",1091918.5,972033.58,1091918.5,Completed,2025-06-05,2025-06-25,District Rural Development Agency,True,CTR0118,11.473759,78.166432,11.473759,78.166432,False,
PRJ00821,MP021,Tamil-37,Tamil Nadu,Tamil District 1,Drainage System,"Drainage System at Tamil District 1, Ward 13",2357466.02,2295192.28,2357466.02,Completed,2024-11-12,2025-02-04,District Rural Development Agency,True,CTR0049,11.277024,79.262733,11.277024,79.262733,False,
PRJ00822,MP021,Tamil-37,Tamil Nadu,Tamil District 1,School Building Repair,"School Building Repair at Tamil District 1, Ward 17",410715.94,356924.86,410715.94,Completed,2025-04-03,2025-04-18,District Rural Development Agency,True,CTR0070,11.210992,78.678992,11.210992,78.678992,False,
PRJ00823,MP021,Tamil-37,Tamil Nadu,Tamil District 1,Drainage System,"Drainage System at Tamil District 1, Ward 16",1601158.69,1453117.73,1601158.69,Completed,2025-03-27,2025-05-03,Public Works Department (PWD),True,CTR0066,11.009246,78.957635,11.009246,78.957635,False,
PRJ00824,MP021,Tamil-37,Tamil Nadu,Tamil District 1,Road Construction,"Road Construction at Tamil District 1, Ward 11",1214339.16,1055983.45,1214339.16,Completed,2025-12-22,2026-03-05,Municipal Corporation Engineering Cell,True,CTR0038,10.946204,78.131007,10.946204,78.131007,False,
PRJ00825,MP021,Tamil-37,Tamil Nadu,Tamil District 1,Sports Infrastructure,"Sports Infrastructure at Tamil District 1, Ward 25",648196.55,551936.37,648196.55,Completed,2024-09-28,2024-12-20,Municipal Corporation Engineering Cell,True,CTR0011,10.601719,79.069151,10.601719,79.069151,False,
PRJ00826,MP021,Tamil-37,Tamil Nadu,Tamil District 1,Sports Infrastructure,"Sports Infrastructure at Tamil District 1, Ward 21",2517844.25,2435831.24,2517844.25,Sanctioned,2025-12-08,2026-02-24,Cantonment Board Works Wing,False,CTR0069,11.458899,78.710175,11.340245717792781,78.6492765181571,True,geo_mismatch
PRJ00827,MP021,Tamil-37,Tamil Nadu,Tamil District 1,Street Lighting,"Street Lighting at Tamil District 1, Ward 7",319248.44,309313.73,319248.44,Completed,2024-06-06,2024-06-22,District Rural Development Agency,True,CTR0111,10.724289,78.179992,10.724289,78.179992,False,
PRJ00828,MP021,Tamil-37,Tamil Nadu,Tamil District 1,Sports Infrastructure,"Sports Infrastructure at Tamil District 1, Ward 25",1532637.21,1430246.43,1532637.21,Work In Progress,2026-08-02,2026-08-22,Cantonment Board Works Wing,False,CTR0107,11.581957,79.211432,11.581957,79.211432,False,
PRJ00829,MP021,Tamil-37,Tamil Nadu,Tamil District 1,Drinking Water Supply,"Drinking Water Supply at Tamil District 1, Ward 24",850789.21,836530.68,850789.21,Completed,2026-01-16,2026-04-01,District Rural Development Agency,True,CTR0083,11.05193,78.828368,11.05193,78.828368,False,
PRJ00830,MP021,Tamil-37,Tamil Nadu,Tamil District 1,Borewell / Handpump,"Borewell / Handpump at Tamil District 1, Ward 2",152521.71,131613.64,152521.71,Payment Released,2026-03-19,2026-05-06,Zilla Parishad PWD Division,False,CTR0004,11.170964,78.70334,11.170964,78.70334,False,
PRJ00831,MP021,Tamil-37,Tamil Nadu,Tamil District 1,Community Hall,"Community Hall at Tamil District 1, Ward 18",2537344.19,2379643.56,2537344.19,Work In Progress,2024-12-25,2025-02-05,Zilla Parishad PWD Division,False,CTR0010,10.510195,79.013207,10.510195,79.013207,False,
PRJ00832,MP021,Tamil-37,Tamil Nadu,Tamil District 1,Community Hall,"Community Hall at Tamil District 1, Ward 14",1075266.86,1068037.07,1075266.86,Completed,2026-02-05,2026-04-04,Zilla Parishad PWD Division,True,CTR0074,10.788182,78.48823,10.788182,78.48823,False,
PRJ00833,MP021,Tamil-37,Tamil Nadu,Tamil District 1,Drinking Water Supply,"Drinking Water Supply at Tamil District 1, Ward 11",1083626.68,1012126.17,1083626.68,Completed,2025-05-22,2025-06-06,Public Works Department (PWD),False,CTR0058,10.963755,78.6043,10.963755,78.6043,False,
PRJ00834,MP021,Tamil-37,Tamil Nadu,Tamil District 1,Road Construction,"Road Construction at Tamil District 1, Ward 1",4001283.88,3825309.58,4001283.88,Completed,2025-03-11,2025-05-31,Panchayati Raj Engineering Department,True,CTR0050,10.82482,78.54459,10.82482,78.54459,True,duplicate_photo
PRJ00835,MP021,Tamil-37,Tamil Nadu,Tamil District 1,Library / Reading Room,"Library / Reading Room at Tamil District 1, Ward 2",312605.69,284954.33,312605.69,Payment Released,2026-01-15,2026-03-30,Panchayati Raj Engineering Department,False,CTR0009,11.064841,78.158978,11.064841,78.158978,False,
PRJ00836,MP021,Tamil-37,Tamil Nadu,Tamil District 1,Community Hall,"Community Hall at Tamil District 1, Ward 10",3160585.93,2868556.83,3160585.93,Completed,2026-01-01,2026-01-24,District Rural Development Agency,True,CTR0046,11.525279,78.998799,11.525279,78.998799,False,
PRJ00837,MP021,Tamil-37,Tamil Nadu,Tamil District 1,School Building Repair,"School Building Repair at Tamil District 1, Ward 13",1857361.61,1727387.22,1857361.61,Work In Progress,2024-09-29,2024-11-22,Public Works Department (PWD),False,CTR0078,11.215672,78.539234,11.215672,78.539234,False,
PRJ00838,MP021,Tamil-37,Tamil Nadu,Tamil District 1,Drinking Water Supply,"Drinking Water Supply at Tamil District 1, Ward 6",556845.39,518160.71,556845.39,Completed,2024-07-23,2024-10-03,Public Works Department (PWD),True,CTR0106,11.623884,78.470023,11.623884,78.470023,False,
PRJ00839,MP021,Tamil-37,Tamil Nadu,Tamil District 1,Sports Infrastructure,"Sports Infrastructure at Tamil District 1, Ward 18",512656.32,486258.26,512656.32,Completed,2025-01-03,2025-01-26,Public Works Department (PWD),True,CTR0008,10.945525,78.702039,10.957773,78.797547,True,phantom_work
PRJ00840,MP021,Tamil-37,Tamil Nadu,Tamil District 1,School Building Repair,"School Building Repair at Tamil District 1, Ward 24",1654096.61,1543901.73,1654096.61,Work In Progress,2026-03-08,2026-05-11,Cantonment Board Works Wing,False,CTR0082,11.339433,78.594421,11.339433,78.594421,False,
PRJ00841,MP022,West-26,West Bengal,West District 3,Drainage System,"Drainage System at West District 3, Ward 5",1692848.84,1524748.64,1692848.84,Work In Progress,2026-05-05,2026-06-22,Panchayati Raj Engineering Department,False,CTR0002,23.38824,88.004844,23.38824,88.004844,False,
PRJ00842,MP022,West-26,West Bengal,West District 3,Community Hall,"Community Hall at West District 3, Ward 13",4733051.48,4374236.76,4733051.48,Sanctioned,2025-07-15,2025-10-05,Panchayati Raj Engineering Department,False,CTR0006,23.373697,87.621202,23.373697,87.621202,False,
PRJ00843,MP022,West-26,West Bengal,West District 3,Sports Infrastructure,"Sports Infrastructure at West District 3, Ward 7",3178395.82,3111163.48,3178395.82,Completed,2025-11-18,2025-12-16,Zilla Parishad PWD Division,True,CTR0071,22.406528,88.337994,22.406528,88.337994,False,
PRJ00844,MP022,West-26,West Bengal,West District 3,Drainage System,"Drainage System at West District 3, Ward 17",1399413.4,1256792.37,1399413.4,Completed,2025-04-11,2025-05-29,Cantonment Board Works Wing,True,CTR0028,22.461974,87.655412,22.461974,87.655412,False,
PRJ00845,MP022,West-26,West Bengal,West District 3,Borewell / Handpump,"Borewell / Handpump at West District 3, Ward 9",281542.07,271270.96,281542.07,Work In Progress,2026-04-06,2026-04-30,Panchayati Raj Engineering Department,False,CTR0021,22.698401,88.193331,22.698401,88.193331,False,
PRJ00846,MP022,West-26,West Bengal,West District 3,Street Lighting,"Street Lighting at West District 3, Ward 2",409220.28,362958.84,409220.28,Payment Released,2024-08-11,2024-10-12,Panchayati Raj Engineering Department,False,CTR0015,22.375904,87.458051,22.375904,87.458051,False,
PRJ00847,MP022,West-26,West Bengal,West District 3,Sports Infrastructure,"Sports Infrastructure at West District 3, Ward 10",1184923.61,1100956.3,1184923.61,Completed,2024-08-30,2024-10-07,District Rural Development Agency,True,CTR0060,23.086523,87.579825,23.086523,87.579825,False,
PRJ00848,MP022,West-26,West Bengal,West District 3,Community Hall,"Community Hall at West District 3, Ward 19",883848.16,797899.65,883848.16,Work In Progress,2024-11-04,2024-12-05,Cantonment Board Works Wing,False,CTR0033,22.952181,87.387284,22.952181,87.387284,False,
PRJ00849,MP022,West-26,West Bengal,West District 3,Public Toilet Complex,"Public Toilet Complex at West District 3, Ward 21",860889.71,804313.36,860889.71,Work In Progress,2025-09-04,2025-11-18,Cantonment Board Works Wing,False,CTR0043,23.18906,88.094232,23.18906,88.094232,False,
PRJ00850,MP022,West-26,West Bengal,West District 3,Street Lighting,"Street Lighting at West District 3, Ward 7",371026.03,356856.42,371026.03,Payment Released,2025-06-12,2025-08-27,District Rural Development Agency,False,CTR0013,22.754747,87.663321,22.754747,87.663321,False,
PRJ00851,MP022,West-26,West Bengal,West District 3,Drainage System,"Drainage System at West District 3, Ward 22",2807284.85,2664730.73,2807284.85,Payment Released,2025-12-19,2026-02-25,Panchayati Raj Engineering Department,False,CTR0063,23.383928,87.418256,23.383928,87.418256,False,
PRJ00852,MP022,West-26,West Bengal,West District 3,School Building Repair,"School Building Repair at West District 3, Ward 19",1682740.03,1535106.65,1682740.03,Payment Released,2026-01-21,2026-02-26,Panchayati Raj Engineering Department,False,CTR0089,22.407208,87.825338,22.407208,87.825338,False,
PRJ00853,MP022,West-26,West Bengal,West District 3,Drainage System,"Drainage System at West District 3, Ward 1",2373735.78,2312344.29,2373735.78,Completed,2025-11-12,2025-12-03,Municipal Corporation Engineering Cell,True,CTR0011,23.015277,87.407583,23.015277,87.407583,True,duplicate_photo
PRJ00854,MP022,West-26,West Bengal,West District 3,Drainage System,"Drainage System at West District 3, Ward 24",1513990.07,1498877.83,1513990.07,Completed,2025-03-12,2025-06-05,Cantonment Board Works Wing,False,CTR0032,22.713516,87.493181,22.713516,87.493181,False,
PRJ00855,MP022,West-26,West Bengal,West District 3,Drinking Water Supply,"Drinking Water Supply at West District 3, Ward 22",823874.66,721436.47,823874.66,Completed,2024-08-20,2024-10-09,Municipal Corporation Engineering Cell,True,CTR0036,22.435892,87.984225,22.435892,87.984225,False,
PRJ00856,MP022,West-26,West Bengal,West District 3,Drainage System,"Drainage System at West District 3, Ward 25",4493909.14,4530866.64,4493909.14,Payment Released,2025-12-08,2025-12-29,Zilla Parishad PWD Division,False,CTR0016,22.644883,87.969455,22.644883,87.969455,True,cost_inflation
PRJ00857,MP022,West-26,West Bengal,West District 3,School Building Repair,"School Building Repair at West District 3, Ward 21",1230167.33,1098572.64,1230167.33,Payment Released,2026-03-15,2026-04-20,Municipal Corporation Engineering Cell,False,CTR0063,22.636546,87.491699,22.636546,87.491699,False,
PRJ00858,MP022,West-26,West Bengal,West District 3,Library / Reading Room,"Library / Reading Room at West District 3, Ward 18",1230692.06,1226093.06,1230692.06,Completed,2025-11-17,2025-12-10,Municipal Corporation Engineering Cell,True,CTR0011,22.578748,88.357557,22.578748,88.357557,False,
PRJ00859,MP022,West-26,West Bengal,West District 3,Street Lighting,"Street Lighting at West District 3, Ward 3",627079.23,573448.08,627079.23,Payment Released,2025-06-04,2025-09-01,Cantonment Board Works Wing,False,CTR0034,22.644709,88.184153,22.644709,88.184153,False,
PRJ00860,MP022,West-26,West Bengal,West District 3,Community Hall,"Community Hall at West District 3, Ward 21",1084673.91,1000378.5,1084673.91,Sanctioned,2024-11-04,2025-01-23,Panchayati Raj Engineering Department,False,CTR0115,22.90376,87.679123,22.90376,87.679123,False,
PRJ00861,MP022,West-26,West Bengal,West District 3,Road Construction,"Road Construction at West District 3, Ward 25",4242621.07,4147531.33,4242621.07,Payment Released,2025-11-16,2025-12-30,Public Works Department (PWD),False,CTR0105,22.960654,88.291066,22.960654,88.291066,False,
PRJ00862,MP022,West-26,West Bengal,West District 3,Library / Reading Room,"Library / Reading Room at West District 3, Ward 9",611986.92,546404.53,611986.92,Payment Released,2026-04-19,2026-06-12,Panchayati Raj Engineering Department,False,CTR0028,23.453934,87.675414,23.453934,87.675414,False,
PRJ00863,MP022,West-26,West Bengal,West District 3,Sports Infrastructure,"Sports Infrastructure at West District 3, Ward 12",577007.14,537566.9,577007.14,Completed,2024-11-30,2025-01-15,Municipal Corporation Engineering Cell,False,CTR0018,22.819901,88.25963,22.9021,88.125252,True,phantom_work
PRJ00864,MP022,West-26,West Bengal,West District 3,Drinking Water Supply,"Drinking Water Supply at West District 3, Ward 24",2050197.66,1782917.84,2050197.66,Completed,2024-08-04,2024-10-11,Panchayati Raj Engineering Department,True,CTR0029,22.582679,88.419005,22.582679,88.419005,False,
PRJ00865,MP022,West-26,West Bengal,West District 3,School Building Repair,"School Building Repair at West District 3, Ward 3",1136582.53,1130746.82,1136582.53,Payment Released,2026-02-22,2026-03-25,Panchayati Raj Engineering Department,False,CTR0018,22.558323,88.273325,22.558323,88.273325,False,
PRJ00866,MP022,West-26,West Bengal,West District 3,Drinking Water Supply,"Drinking Water Supply at West District 3, Ward 8",1787404.68,1769051.0,1787404.68,Completed,2024-06-04,2024-08-25,Cantonment Board Works Wing,True,CTR0047,22.406812,87.913831,22.406812,87.913831,False,
PRJ00867,MP022,West-26,West Bengal,West District 3,Library / Reading Room,"Library / Reading Room at West District 3, Ward 5",676629.01,591312.34,676629.01,Work In Progress,2026-03-25,2026-04-18,Panchayati Raj Engineering Department,False,CTR0088,23.461627,88.397699,23.461627,88.397699,False,
PRJ00868,MP022,West-26,West Bengal,West District 3,Public Toilet Complex,"Public Toilet Complex at West District 3, Ward 22",239678.91,210688.2,239678.91,Payment Released,2025-04-17,2025-05-07,Panchayati Raj Engineering Department,False,CTR0021,22.799542,87.838622,22.799542,87.838622,False,
PRJ00869,MP022,West-26,West Bengal,West District 3,Borewell / Handpump,"Borewell / Handpump at West District 3, Ward 2",141224.83,139284.61,141224.83,Payment Released,2025-10-10,2025-12-11,Zilla Parishad PWD Division,False,CTR0095,23.237549,87.323281,23.237549,87.323281,False,
PRJ00870,MP022,West-26,West Bengal,West District 3,Street Lighting,"Street Lighting at West District 3, Ward 9",356392.66,336820.79,356392.66,Completed,2024-07-04,2024-07-24,District Rural Development Agency,True,CTR0098,22.386288,88.390807,22.386288,88.390807,False,
PRJ00871,MP022,West-26,West Bengal,West District 3,Drainage System,"Drainage System at West District 3, Ward 17",1084251.78,950832.08,1084251.78,Work In Progress,2025-07-02,2025-07-23,Municipal Corporation Engineering Cell,False,CTR0030,22.993687,88.449575,22.993687,88.449575,False,
PRJ00872,MP022,West-26,West Bengal,West District 3,Drainage System,"Drainage System at West District 3, Ward 2",1955003.67,1912753.65,1955003.67,Payment Released,2026-01-17,2026-03-30,Public Works Department (PWD),False,CTR0050,22.821614,87.531408,22.821614,87.531408,False,
PRJ00873,MP022,West-26,West Bengal,West District 3,Road Construction,"Road Construction at West District 3, Ward 17",1415467.91,1246861.76,1415467.91,Payment Released,2024-05-13,2024-08-05,Cantonment Board Works Wing,False,CTR0084,22.686024,87.858584,22.686024,87.858584,False,
PRJ00874,MP022,West-26,West Bengal,West District 3,School Building Repair,"School Building Repair at West District 3, Ward 18",572369.38,499340.71,572369.38,Completed,2024-06-16,2024-09-08,Panchayati Raj Engineering Department,True,CTR0107,22.911982,87.852699,22.911982,87.852699,False,
PRJ00875,MP022,West-26,West Bengal,West District 3,Library / Reading Room,"Library / Reading Room at West District 3, Ward 12",839259.33,814925.98,839259.33,Work In Progress,2025-08-25,2025-09-26,Public Works Department (PWD),False,CTR0023,22.304388,87.684071,22.304388,87.684071,False,
PRJ00876,MP022,West-26,West Bengal,West District 3,Library / Reading Room,"Library / Reading Room at West District 3, Ward 17",459443.1,432614.87,459443.1,Completed,2024-09-09,2024-11-26,District Rural Development Agency,True,CTR0021,22.362817,87.577175,22.506173,87.487344,True,phantom_work
PRJ00877,MP022,West-26,West Bengal,West District 3,School Building Repair,"School Building Repair at West District 3, Ward 17",725360.92,657833.33,725360.92,Completed,2025-07-11,2025-10-04,Municipal Corporation Engineering Cell,False,CTR0049,23.393001,88.038417,23.393001,88.038417,False,
PRJ00878,MP022,West-26,West Bengal,West District 3,Drinking Water Supply,"Drinking Water Supply at West District 3, Ward 16",762607.59,718630.22,762607.59,Completed,2025-01-20,2025-03-28,Zilla Parishad PWD Division,True,CTR0046,22.347469,87.783647,22.347469,87.783647,False,
PRJ00879,MP022,West-26,West Bengal,West District 3,Public Toilet Complex,"Public Toilet Complex at West District 3, Ward 15",486591.39,453018.24,486591.39,Completed,2025-10-08,2025-12-19,Municipal Corporation Engineering Cell,True,CTR0020,23.437148,87.870205,23.530738,87.980351,True,phantom_work
PRJ00880,MP022,West-26,West Bengal,West District 3,Borewell / Handpump,"Borewell / Handpump at West District 3, Ward 9",92680.39,89389.71,92680.39,Work In Progress,2024-09-07,2024-09-23,Cantonment Board Works Wing,False,CTR0030,22.463804,87.574405,22.463804,87.574405,False,
PRJ00881,MP023,Bihar-16,Bihar,Bihar District 1,Borewell / Handpump,"Borewell / Handpump at Bihar District 1, Ward 23",283236.33,259732.19,283236.33,Work In Progress,2025-09-21,2025-11-15,Panchayati Raj Engineering Department,False,CTR0024,25.008516,85.483278,25.008516,85.483278,False,
PRJ00882,MP023,Bihar-16,Bihar,Bihar District 1,Community Hall,"Community Hall at Bihar District 1, Ward 24",4321963.57,4293425.68,4321963.57,Payment Released,2024-05-26,2024-07-28,Zilla Parishad PWD Division,False,CTR0085,25.637608,84.979663,25.637608,84.979663,False,
PRJ00883,MP023,Bihar-16,Bihar,Bihar District 1,Community Hall,"Community Hall at Bihar District 1, Ward 7",2350381.85,2294873.3,2350381.85,Completed,2025-07-20,2025-08-18,Public Works Department (PWD),True,CTR0062,25.434618,85.292564,25.434618,85.292564,False,
PRJ00884,MP023,Bihar-16,Bihar,Bihar District 1,Library / Reading Room,"Library / Reading Room at Bihar District 1, Ward 1",278887.99,259921.44,278887.99,Completed,2024-08-25,2024-11-05,Public Works Department (PWD),False,CTR0021,25.523256,85.398407,25.523256,85.398407,False,
PRJ00885,MP023,Bihar-16,Bihar,Bihar District 1,Street Lighting,"Street Lighting at Bihar District 1, Ward 6",295596.58,292706.62,295596.58,Work In Progress,2025-11-13,2025-12-30,Panchayati Raj Engineering Department,False,CTR0006,26.001948,85.511041,26.001948,85.511041,False,
PRJ00886,MP023,Bihar-16,Bihar,Bihar District 1,Borewell / Handpump,"Borewell / Handpump at Bihar District 1, Ward 5",207090.61,176992.1,207090.61,Payment Released,2026-01-29,2026-02-19,Panchayati Raj Engineering Department,False,CTR0081,26.136283,84.788855,26.136283,84.788855,False,
PRJ00887,MP023,Bihar-16,Bihar,Bihar District 1,Road Construction,"Road Construction at Bihar District 1, Ward 17",4199732.56,3989979.14,4199732.56,Payment Released,2025-04-02,2025-04-19,Municipal Corporation Engineering Cell,False,CTR0022,26.093892,84.914744,26.093892,84.914744,False,
PRJ00888,MP023,Bihar-16,Bihar,Bihar District 1,Drinking Water Supply,"Drinking Water Supply at Bihar District 1, Ward 1",710899.56,686028.92,710899.56,Completed,2025-06-14,2025-06-29,Cantonment Board Works Wing,True,CTR0077,25.420771,84.952173,25.420771,84.952173,False,
PRJ00889,MP023,Bihar-16,Bihar,Bihar District 1,School Building Repair,"School Building Repair at Bihar District 1, Ward 16",574817.26,558081.95,574817.26,Payment Released,2025-05-04,2025-07-22,Panchayati Raj Engineering Department,False,CTR0011,25.335609,84.729826,25.335609,84.729826,False,
PRJ00890,MP023,Bihar-16,Bihar,Bihar District 1,Public Toilet Complex,"Public Toilet Complex at Bihar District 1, Ward 25",403417.19,364471.58,403417.19,Payment Released,2024-05-10,2024-07-23,Panchayati Raj Engineering Department,False,CTR0022,25.660829,85.480152,25.745362911163667,85.42734716395563,True,geo_mismatch
PRJ00891,MP023,Bihar-16,Bihar,Bihar District 1,Borewell / Handpump,"Borewell / Handpump at Bihar District 1, Ward 6",345766.93,301797.22,345766.93,Completed,2025-03-20,2025-05-18,Zilla Parishad PWD Division,True,CTR0080,25.800051,84.841146,25.800051,84.841146,False,
PRJ00892,MP023,Bihar-16,Bihar,Bihar District 1,Drainage System,"Drainage System at Bihar District 1, Ward 3",2549326.19,2338483.89,2549326.19,Completed,2024-10-27,2024-12-10,Panchayati Raj Engineering Department,True,CTR0119,25.645231,85.29635,25.645231,85.29635,False,
PRJ00893,MP023,Bihar-16,Bihar,Bihar District 1,Street Lighting,"Street Lighting at Bihar District 1, Ward 1",262958.21,238623.75,262958.21,Work In Progress,2026-01-26,2026-03-18,District Rural Development Agency,False,CTR0049,25.875426,84.524409,25.875426,84.524409,False,
PRJ00894,MP023,Bihar-16,Bihar,Bihar District 1,Street Lighting,"Street Lighting at Bihar District 1, Ward 22",808689.35,800182.4,808689.35,Completed,2026-03-12,2026-05-26,Panchayati Raj Engineering Department,True,CTR0067,25.580556,85.088539,25.580556,85.088539,False,
PRJ00895,MP023,Bihar-16,Bihar,Bihar District 1,Drinking Water Supply,"Drinking Water Supply at Bihar District 1, Ward 6",2279147.48,2259766.78,2279147.48,Work In Progress,2024-11-21,2024-12-15,District Rural Development Agency,False,CTR0106,25.624277,85.312513,25.624277,85.312513,False,
PRJ00896,MP023,Bihar-16,Bihar,Bihar District 1,Public Toilet Complex,"Public Toilet Complex at Bihar District 1, Ward 17",1651308.53,1721671.06,1651308.53,Payment Released,2025-07-19,2025-09-18,Panchayati Raj Engineering Department,False,CTR0020,25.219508,84.938057,25.219508,84.938057,True,cost_inflation
PRJ00897,MP023,Bihar-16,Bihar,Bihar District 1,Community Hall,"Community Hall at Bihar District 1, Ward 20",3784670.91,3533014.47,3784670.91,Completed,2024-11-08,2024-12-25,Municipal Corporation Engineering Cell,True,CTR0012,25.885955,84.902731,25.885955,84.902731,False,
PRJ00898,MP023,Bihar-16,Bihar,Bihar District 1,Sports Infrastructure,"Sports Infrastructure at Bihar District 1, Ward 2",2409116.59,2284081.36,2409116.59,Sanctioned,2026-03-26,2026-06-18,Zilla Parishad PWD Division,False,CTR0106,25.371817,84.602953,25.430714182963953,84.67792362185162,True,geo_mismatch
PRJ00899,MP023,Bihar-16,Bihar,Bihar District 1,Sports Infrastructure,"Sports Infrastructure at Bihar District 1, Ward 25",2236697.28,1915841.13,2236697.28,Sanctioned,2026-07-23,2026-08-22,Public Works Department (PWD),False,CTR0055,25.28396,85.567699,25.28396,85.567699,False,
PRJ00900,MP023,Bihar-16,Bihar,Bihar District 1,Drinking Water Supply,"Drinking Water Supply at Bihar District 1, Ward 25",2409853.19,2142963.65,2409853.19,Payment Released,2025-11-26,2026-02-15,Cantonment Board Works Wing,False,CTR0045,25.080389,84.53383,25.080389,84.53383,False,
PRJ00901,MP023,Bihar-16,Bihar,Bihar District 1,Library / Reading Room,"Library / Reading Room at Bihar District 1, Ward 16",740687.75,731608.96,740687.75,Completed,2025-04-20,2025-07-12,Zilla Parishad PWD Division,True,CTR0013,25.489649,84.729533,25.489649,84.729533,False,
PRJ00902,MP023,Bihar-16,Bihar,Bihar District 1,Street Lighting,"Street Lighting at Bihar District 1, Ward 20",199372.38,186569.61,199372.38,Completed,2025-04-09,2025-06-28,Zilla Parishad PWD Division,True,CTR0117,26.088956,84.646978,26.088956,84.646978,False,
PRJ00903,MP023,Bihar-16,Bihar,Bihar District 1,Sports Infrastructure,"Sports Infrastructure at Bihar District 1, Ward 23",4082313.39,4136388.6,4082313.39,Payment Released,2025-06-22,2025-08-26,District Rural Development Agency,False,CTR0014,26.134147,84.839201,26.134147,84.839201,True,cost_inflation
PRJ00904,MP023,Bihar-16,Bihar,Bihar District 1,Road Construction,"Road Construction at Bihar District 1, Ward 1",3940791.89,3745163.21,3940791.89,Payment Released,2026-03-03,2026-05-15,Panchayati Raj Engineering Department,False,CTR0074,25.15154,85.634932,25.15154,85.634932,False,
PRJ00905,MP023,Bihar-16,Bihar,Bihar District 1,Drinking Water Supply,"Drinking Water Supply at Bihar District 1, Ward 14",882595.91,845521.52,882595.91,Work In Progress,2025-07-10,2025-09-09,Zilla Parishad PWD Division,False,CTR0084,25.904576,84.762871,25.904576,84.762871,False,
PRJ00906,MP023,Bihar-16,Bihar,Bihar District 1,Drainage System,"Drainage System at Bihar District 1, Ward 19",2367427.45,2268224.8,2367427.45,Completed,2025-05-23,2025-07-11,Cantonment Board Works Wing,True,CTR0014,25.324418,85.487312,25.393385,85.460592,True,phantom_work
PRJ00907,MP023,Bihar-16,Bihar,Bihar District 1,School Building Repair,"School Building Repair at Bihar District 1, Ward 19",1458763.26,1251319.7,1458763.26,Completed,2025-12-30,2026-02-01,Public Works Department (PWD),True,CTR0034,26.031697,85.049904,26.031697,85.049904,False,
PRJ00908,MP023,Bihar-16,Bihar,Bihar District 1,Drainage System,"Drainage System at Bihar District 1, Ward 13",2688786.73,2587846.62,2688786.73,Payment Released,2024-04-16,2024-06-27,Cantonment Board Works Wing,False,CTR0079,25.116182,85.071268,25.116182,85.071268,False,
PRJ00909,MP023,Bihar-16,Bihar,Bihar District 1,Street Lighting,"Street Lighting at Bihar District 1, Ward 16",307896.37,272501.74,307896.37,Completed,2024-11-19,2024-12-21,Panchayati Raj Engineering Department,True,CTR0053,25.491473,85.436101,25.491473,85.436101,False,
PRJ00910,MP023,Bihar-16,Bihar,Bihar District 1,Borewell / Handpump,"Borewell / Handpump at Bihar District 1, Ward 9",239993.41,222063.58,239993.41,Completed,2025-06-14,2025-08-05,Public Works Department (PWD),True,CTR0048,25.726086,85.171869,25.726086,85.171869,False,
PRJ00911,MP023,Bihar-16,Bihar,Bihar District 1,School Building Repair,"School Building Repair at Bihar District 1, Ward 13",1662919.23,1446177.63,1662919.23,Payment Released,2024-06-21,2024-08-02,Cantonment Board Works Wing,False,CTR0074,25.919389,85.618933,25.919389,85.618933,False,
PRJ00912,MP023,Bihar-16,Bihar,Bihar District 1,Borewell / Handpump,"Borewell / Handpump at Bihar District 1, Ward 24",116589.56,101070.48,116589.56,Completed,2025-12-25,2026-02-08,District Rural Development Agency,True,CTR0110,26.120785,84.720296,26.120785,84.720296,False,
PRJ00913,MP023,Bihar-16,Bihar,Bihar District 1,Street Lighting,"Street Lighting at Bihar District 1, Ward 4",745997.17,653206.49,745997.17,Payment Released,2026-03-05,2026-05-04,Municipal Corporation Engineering Cell,False,CTR0058,25.320652,85.110936,25.320652,85.110936,False,
PRJ00914,MP023,Bihar-16,Bihar,Bihar District 1,Street Lighting,"Street Lighting at Bihar District 1, Ward 18",574310.48,568943.95,574310.48,Work In Progress,2026-01-22,2026-02-15,Zilla Parishad PWD Division,False,CTR0066,26.094705,85.635291,26.094705,85.635291,False,
PRJ00915,MP023,Bihar-16,Bihar,Bihar District 1,Library / Reading Room,"Library / Reading Room at Bihar District 1, Ward 6",592959.71,590474.04,592959.71,Completed,2024-06-17,2024-08-02,District Rural Development Agency,False,CTR0090,26.03119,84.632021,26.03119,84.632021,False,
PRJ00916,MP023,Bihar-16,Bihar,Bihar District 1,Drinking Water Supply,"Drinking Water Supply at Bihar District 1, Ward 5",1273266.23,1250274.59,1273266.23,Completed,2024-07-31,2024-10-03,District Rural Development Agency,True,CTR0021,25.568122,85.235804,25.689797,85.121732,True,phantom_work
PRJ00917,MP023,Bihar-16,Bihar,Bihar District 1,Public Toilet Complex,"Public Toilet Complex at Bihar District 1, Ward 3",1163823.9,1204745.32,1163823.9,Completed,2024-07-25,2024-10-16,District Rural Development Agency,True,CTR0119,25.195483,85.474896,25.195483,85.474896,True,cost_inflation
PRJ00918,MP023,Bihar-16,Bihar,Bihar District 1,School Building Repair,"School Building Repair at Bihar District 1, Ward 2",453566.23,435230.58,453566.23,Payment Released,2025-02-25,2025-03-12,Panchayati Raj Engineering Department,False,CTR0008,25.307551,84.728496,25.307551,84.728496,True,split_tender
PRJ00919,MP023,Bihar-16,Bihar,Bihar District 1,Drinking Water Supply,"Drinking Water Supply at Bihar District 1, Ward 21",1149720.07,1038483.81,1149720.07,Completed,2025-03-18,2025-04-03,Panchayati Raj Engineering Department,True,CTR0120,25.384855,85.656699,25.384855,85.656699,False,
PRJ00920,MP023,Bihar-16,Bihar,Bihar District 1,Sports Infrastructure,"Sports Infrastructure at Bihar District 1, Ward 2",3112526.97,2689794.3,3112526.97,Completed,2025-05-11,2025-05-30,Panchayati Raj Engineering Department,True,CTR0037,25.910062,85.227217,25.910062,85.227217,False,
PRJ00921,MP024,Gujarat-38,Gujarat,Gujarat District 1,Public Toilet Complex,"Public Toilet Complex at Gujarat District 1, Ward 17",803676.87,743891.76,803676.87,Sanctioned,2024-05-15,2024-08-01,Cantonment Board Works Wing,False,CTR0057,22.353858,70.940209,22.353858,70.940209,False,
PRJ00922,MP024,Gujarat-38,Gujarat,Gujarat District 1,School Building Repair,"School Building Repair at Gujarat District 1, Ward 17",1500272.31,1446170.46,1500272.31,Completed,2026-03-05,2026-04-25,Panchayati Raj Engineering Department,True,CTR0007,21.892856,71.773919,21.781567,71.753014,True,phantom_work
PRJ00923,MP024,Gujarat-38,Gujarat,Gujarat District 1,Sports Infrastructure,"Sports Infrastructure at Gujarat District 1, Ward 8",3152029.73,3111239.7,3152029.73,Sanctioned,2026-05-10,2026-08-05,Zilla Parishad PWD Division,False,CTR0090,22.057085,71.547149,21.98585532817542,71.47176817511837,True,geo_mismatch
PRJ00924,MP024,Gujarat-38,Gujarat,Gujarat District 1,Road Construction,"Road Construction at Gujarat District 1, Ward 25",578902.48,495479.04,578902.48,Work In Progress,2024-06-28,2024-07-31,Zilla Parishad PWD Division,False,CTR0021,22.485889,71.131283,22.485889,71.131283,False,
PRJ00925,MP024,Gujarat-38,Gujarat,Gujarat District 1,Drinking Water Supply,"Drinking Water Supply at Gujarat District 1, Ward 19",1470591.01,1405046.72,1470591.01,Payment Released,2025-12-31,2026-03-11,Public Works Department (PWD),False,CTR0046,21.781612,70.832547,21.781612,70.832547,False,
PRJ00926,MP024,Gujarat-38,Gujarat,Gujarat District 1,Street Lighting,"Street Lighting at Gujarat District 1, Ward 3",291854.02,257498.89,291854.02,Sanctioned,2025-05-31,2025-07-11,Cantonment Board Works Wing,False,CTR0067,22.73395,71.730623,22.73395,71.730623,False,
PRJ00927,MP024,Gujarat-38,Gujarat,Gujarat District 1,Community Hall,"Community Hall at Gujarat District 1, Ward 19",2017100.43,1918782.16,2017100.43,Completed,2025-08-10,2025-10-16,Panchayati Raj Engineering Department,True,CTR0071,22.34034,71.73285,22.270672,71.719335,True,phantom_work
PRJ00928,MP024,Gujarat-38,Gujarat,Gujarat District 1,Drainage System,"Drainage System at Gujarat District 1, Ward 8",2193266.93,1972620.31,2193266.93,Completed,2025-05-24,2025-06-20,Zilla Parishad PWD Division,True,CTR0045,21.750641,71.195554,21.750641,71.195554,False,
PRJ00929,MP024,Gujarat-38,Gujarat,Gujarat District 1,Library / Reading Room,"Library / Reading Room at Gujarat District 1, Ward 19",1480407.84,1302116.26,1480407.84,Payment Released,2025-07-07,2025-08-31,Public Works Department (PWD),False,CTR0025,22.750436,71.445392,22.750436,71.445392,False,
PRJ00930,MP024,Gujarat-38,Gujarat,Gujarat District 1,Road Construction,"Road Construction at Gujarat District 1, Ward 4",3868320.73,3504625.5,3868320.73,Work In Progress,2026-01-08,2026-03-31,Panchayati Raj Engineering Department,False,CTR0034,22.291897,71.294956,22.291897,71.294956,False,
PRJ00931,MP024,Gujarat-38,Gujarat,Gujarat District 1,Sports Infrastructure,"Sports Infrastructure at Gujarat District 1, Ward 4",2489979.54,2153644.15,2489979.54,Sanctioned,2026-05-05,2026-06-28,Zilla Parishad PWD Division,False,CTR0010,22.425009,70.745153,22.425009,70.745153,False,
PRJ00932,MP024,Gujarat-38,Gujarat,Gujarat District 1,Sports Infrastructure,"Sports Infrastructure at Gujarat District 1, Ward 9",1648635.16,1423404.1,1648635.16,Completed,2024-05-05,2024-07-01,Panchayati Raj Engineering Department,True,CTR0033,22.21718,70.809744,22.21718,70.809744,False,
PRJ00933,MP024,Gujarat-38,Gujarat,Gujarat District 1,Public Toilet Complex,"Public Toilet Complex at Gujarat District 1, Ward 22",491689.19,489909.59,491689.19,Work In Progress,2026-05-27,2026-08-10,Public Works Department (PWD),False,CTR0013,22.20857,71.379837,22.139094796905184,71.43414955897046,True,geo_mismatch
PRJ00934,MP024,Gujarat-38,Gujarat,Gujarat District 1,Public Toilet Complex,"Public Toilet Complex at Gujarat District 1, Ward 16",320623.34,305523.14,320623.34,Completed,2024-12-28,2025-02-23,District Rural Development Agency,True,CTR0115,21.999882,70.678721,21.999882,70.678721,False,
PRJ00935,MP024,Gujarat-38,Gujarat,Gujarat District 1,Community Hall,"Community Hall at Gujarat District 1, Ward 8",2690779.54,2557429.05,2690779.54,Work In Progress,2025-03-24,2025-05-09,Cantonment Board Works Wing,False,CTR0034,22.864802,70.810858,22.864802,70.810858,False,
PRJ00936,MP024,Gujarat-38,Gujarat,Gujarat District 1,Street Lighting,"Street Lighting at Gujarat District 1, Ward 17",485016.54,472294.67,485016.54,Work In Progress,2025-12-01,2025-12-29,Zilla Parishad PWD Division,False,CTR0103,22.282307,71.252087,22.282307,71.252087,False,
PRJ00937,MP024,Gujarat-38,Gujarat,Gujarat District 1,Sports Infrastructure,"Sports Infrastructure at Gujarat District 1, Ward 8",666322.2,585987.16,666322.2,Payment Released,2025-08-12,2025-10-01,Zilla Parishad PWD Division,False,CTR0002,22.52809,71.068452,22.52809,71.068452,False,
PRJ00938,MP024,Gujarat-38,Gujarat,Gujarat District 1,School Building Repair,"School Building Repair at Gujarat District 1, Ward 11",1395594.58,1402836.96,1395594.58,Payment Released,2025-07-28,2025-08-26,Cantonment Board Works Wing,False,CTR0012,22.498941,70.943469,22.498941,70.943469,True,cost_inflation
PRJ00939,MP024,Gujarat-38,Gujarat,Gujarat District 1,Community Hall,"Community Hall at Gujarat District 1, Ward 11",1895674.66,1690828.46,1895674.66,Payment Released,2026-06-05,2026-06-30,Public Works Department (PWD),False,CTR0071,21.85289,71.367115,21.85289,71.367115,False,
PRJ00940,MP024,Gujarat-38,Gujarat,Gujarat District 1,Drainage System,"Drainage System at Gujarat District 1, Ward 6",2023081.0,1934454.22,2023081.0,Completed,2025-03-04,2025-03-27,Zilla Parishad PWD Division,True,CTR0028,22.36891,70.907225,22.36891,70.907225,False,
PRJ00941,MP024,Gujarat-38,Gujarat,Gujarat District 1,Street Lighting,"Street Lighting at Gujarat District 1, Ward 24",477861.08,449476.49,477861.08,Completed,2025-03-16,2025-04-30,Municipal Corporation Engineering Cell,True,CTR0064,22.7456,71.798686,22.7456,71.798686,False,
PRJ00942,MP024,Gujarat-38,Gujarat,Gujarat District 1,Street Lighting,"Street Lighting at Gujarat District 1, Ward 7",342822.07,310285.39,342822.07,Work In Progress,2025-09-22,2025-11-04,Municipal Corporation Engineering Cell,False,CTR0112,22.796577,71.041955,22.796577,71.041955,False,
PRJ00943,MP024,Gujarat-38,Gujarat,Gujarat District 1,Street Lighting,"Street Lighting at Gujarat District 1, Ward 25",777465.16,732469.62,777465.16,Work In Progress,2026-05-11,2026-07-30,Municipal Corporation Engineering Cell,False,CTR0108,22.100972,71.581485,22.100972,71.581485,False,
PRJ00944,MP024,Gujarat-38,Gujarat,Gujarat District 1,Community Hall,"Community Hall at Gujarat District 1, Ward 22",3466299.48,3204854.16,3466299.48,Completed,2024-08-14,2024-10-01,Cantonment Board Works Wing,True,CTR0016,22.500899,70.615319,22.500899,70.615319,False,
PRJ00945,MP024,Gujarat-38,Gujarat,Gujarat District 1,Public Toilet Complex,"Public Toilet Complex at Gujarat District 1, Ward 2",295157.84,272858.2,295157.84,Sanctioned,2025-07-02,2025-09-27,Panchayati Raj Engineering Department,False,CTR0079,22.184376,71.414392,22.184376,71.414392,False,
PRJ00946,MP024,Gujarat-38,Gujarat,Gujarat District 1,Public Toilet Complex,"Public Toilet Complex at Gujarat District 1, Ward 19",779241.39,675137.38,779241.39,Completed,2025-03-13,2025-05-31,Public Works Department (PWD),False,CTR0048,22.17675,71.004217,22.17675,71.004217,False,
PRJ00947,MP024,Gujarat-38,Gujarat,Gujarat District 1,School Building Repair,"School Building Repair at Gujarat District 1, Ward 9",330634.64,291595.78,330634.64,Payment Released,2024-10-08,2024-11-01,Panchayati Raj Engineering Department,False,CTR0063,22.502504,71.251454,22.502504,71.251454,False,
PRJ00948,MP024,Gujarat-38,Gujarat,Gujarat District 1,Drinking Water Supply,"Drinking Water Supply at Gujarat District 1, Ward 2",585522.52,580813.05,585522.52,Completed,2025-02-06,2025-05-01,Municipal Corporation Engineering Cell,True,CTR0029,22.197997,70.992331,22.197997,70.992331,False,
PRJ00949,MP024,Gujarat-38,Gujarat,Gujarat District 1,Sports Infrastructure,"Sports Infrastructure at Gujarat District 1, Ward 2",6946798.74,7122799.84,6946798.74,Work In Progress,2025-12-07,2026-02-19,Panchayati Raj Engineering Department,False,CTR0103,22.684692,70.942293,22.684692,70.942293,True,cost_inflation
PRJ00950,MP024,Gujarat-38,Gujarat,Gujarat District 1,Sports Infrastructure,"Sports Infrastructure at Gujarat District 1, Ward 25",2137080.89,1930268.86,2137080.89,Payment Released,2025-04-15,2025-06-17,Cantonment Board Works Wing,False,CTR0045,22.435221,71.302451,22.435221,71.302451,False,
PRJ00951,MP024,Gujarat-38,Gujarat,Gujarat District 1,Borewell / Handpump,"Borewell / Handpump at Gujarat District 1, Ward 17",150051.28,141118.03,150051.28,Completed,2024-12-02,2025-02-14,Cantonment Board Works Wing,False,CTR0015,22.300238,71.608531,22.268343,71.516093,True,phantom_work
PRJ00952,MP024,Gujarat-38,Gujarat,Gujarat District 1,Public Toilet Complex,"Public Toilet Complex at Gujarat District 1, Ward 22",770461.9,674173.0,770461.9,Payment Released,2025-11-23,2026-02-08,District Rural Development Agency,False,CTR0041,21.756022,71.535438,21.756022,71.535438,False,
PRJ00953,MP024,Gujarat-38,Gujarat,Gujarat District 1,Street Lighting,"Street Lighting at Gujarat District 1, Ward 12",677952.5,617844.61,677952.5,Completed,2025-02-23,2025-04-12,Zilla Parishad PWD Division,True,CTR0049,22.494364,71.157826,22.494364,71.157826,False,
PRJ00954,MP024,Gujarat-38,Gujarat,Gujarat District 1,Library / Reading Room,"Library / Reading Room at Gujarat District 1, Ward 9",860266.64,835826.96,860266.64,Work In Progress,2026-03-23,2026-05-31,Panchayati Raj Engineering Department,False,CTR0111,22.582625,71.39655,22.582625,71.39655,False,
PRJ00955,MP024,Gujarat-38,Gujarat,Gujarat District 1,Street Lighting,"Street Lighting at Gujarat District 1, Ward 11",525228.87,518915.95,525228.87,Sanctioned,2026-06-18,2026-07-30,Panchayati Raj Engineering Department,False,CTR0035,21.766188,71.58477,21.766188,71.58477,False,
PRJ00956,MP024,Gujarat-38,Gujarat,Gujarat District 1,Drainage System,"Drainage System at Gujarat District 1, Ward 14",1741324.93,1675062.42,1741324.93,Completed,2025-03-15,2025-05-22,Municipal Corporation Engineering Cell,True,CTR0024,21.710026,70.802319,21.710026,70.802319,False,
PRJ00957,MP024,Gujarat-38,Gujarat,Gujarat District 1,Drainage System,"Drainage System at Gujarat District 1, Ward 15",2190115.79,1991146.34,2190115.79,Completed,2025-04-24,2025-06-28,Zilla Parishad PWD Division,True,CTR0047,21.701541,70.744191,21.701541,70.744191,False,
PRJ00958,MP024,Gujarat-38,Gujarat,Gujarat District 1,Borewell / Handpump,"Borewell / Handpump at Gujarat District 1, Ward 22",277283.33,238776.01,277283.33,Work In Progress,2024-11-06,2025-01-27,Panchayati Raj Engineering Department,False,CTR0074,21.93042,71.607998,21.93042,71.607998,False,
PRJ00959,MP024,Gujarat-38,Gujarat,Gujarat District 1,Street Lighting,"Street Lighting at Gujarat District 1, Ward 8",238167.94,209923.84,238167.94,Sanctioned,2025-11-13,2026-01-17,Zilla Parishad PWD Division,False,CTR0105,21.714136,71.796908,21.714136,71.796908,False,
PRJ00960,MP024,Gujarat-38,Gujarat,Gujarat District 1,Sports Infrastructure,"Sports Infrastructure at Gujarat District 1, Ward 5",947715.17,934073.05,947715.17,Completed,2026-01-30,2026-04-01,Municipal Corporation Engineering Cell,True,CTR0056,22.084217,71.404305,22.084217,71.404305,False,
PRJ00961,MP025,Odisha-15,Odisha,Odisha District 3,Borewell / Handpump,"Borewell / Handpump at Odisha District 3, Ward 14",137026.23,120148.18,137026.23,Completed,2025-12-28,2026-02-14,Municipal Corporation Engineering Cell,True,CTR0061,21.382299,84.976624,21.382299,84.976624,False,
PRJ00962,MP025,Odisha-15,Odisha,Odisha District 3,Public Toilet Complex,"Public Toilet Complex at Odisha District 3, Ward 17",931640.22,853107.65,931640.22,Completed,2026-02-19,2026-04-26,Cantonment Board Works Wing,True,CTR0018,21.33324,85.179036,21.33324,85.179036,False,
PRJ00963,MP025,Odisha-15,Odisha,Odisha District 3,Sports Infrastructure,"Sports Infrastructure at Odisha District 3, Ward 10",2416880.22,2214019.83,2416880.22,Payment Released,2025-06-05,2025-08-04,Public Works Department (PWD),False,CTR0093,21.381413,85.400803,21.381413,85.400803,False,
PRJ00964,MP025,Odisha-15,Odisha,Odisha District 3,School Building Repair,"School Building Repair at Odisha District 3, Ward 13",786046.04,746824.44,786046.04,Completed,2025-03-30,2025-04-18,District Rural Development Agency,False,CTR0072,20.352616,84.891946,20.352616,84.891946,False,
PRJ00965,MP025,Odisha-15,Odisha,Odisha District 3,Community Hall,"Community Hall at Odisha District 3, Ward 9",3140126.05,2875554.07,3140126.05,Payment Released,2025-01-02,2025-02-24,Municipal Corporation Engineering Cell,False,CTR0089,20.615232,84.697661,20.615232,84.697661,False,
PRJ00966,MP025,Odisha-15,Odisha,Odisha District 3,Public Toilet Complex,"Public Toilet Complex at Odisha District 3, Ward 24",360161.92,338109.63,360161.92,Work In Progress,2026-04-18,2026-07-02,Public Works Department (PWD),False,CTR0108,20.386675,84.676944,20.386675,84.676944,False,
PRJ00967,MP025,Odisha-15,Odisha,Odisha District 3,Drainage System,"Drainage System at Odisha District 3, Ward 18",2319125.39,2220443.83,2319125.39,Payment Released,2025-03-17,2025-04-03,Panchayati Raj Engineering Department,False,CTR0034,21.103263,85.07239,21.103263,85.07239,False,
PRJ00968,MP025,Odisha-15,Odisha,Odisha District 3,School Building Repair,"School Building Repair at Odisha District 3, Ward 12",1318635.96,1219809.15,1318635.96,Sanctioned,2025-01-26,2025-04-02,District Rural Development Agency,False,CTR0045,20.729016,84.832912,20.729016,84.832912,False,
PRJ00969,MP025,Odisha-15,Odisha,Odisha District 3,Library / Reading Room,"Library / Reading Room at Odisha District 3, Ward 21",1332257.88,1286249.48,1332257.88,Completed,2025-05-11,2025-07-03,Cantonment Board Works Wing,True,CTR0026,20.973627,85.559404,20.973627,85.559404,False,
PRJ00970,MP025,Odisha-15,Odisha,Odisha District 3,Sports Infrastructure,"Sports Infrastructure at Odisha District 3, Ward 12",2722877.6,2344491.56,2722877.6,Completed,2025-05-02,2025-07-02,Zilla Parishad PWD Division,True,CTR0023,20.364122,85.62506,20.364122,85.62506,False,
PRJ00971,MP025,Odisha-15,Odisha,Odisha District 3,Drainage System,"Drainage System at Odisha District 3, Ward 15",507557.99,488313.27,507557.99,Completed,2024-10-08,2024-10-28,Cantonment Board Works Wing,True,CTR0087,20.674044,84.867487,20.674044,84.867487,False,
PRJ00972,MP025,Odisha-15,Odisha,Odisha District 3,Community Hall,"Community Hall at Odisha District 3, Ward 21",2134640.79,2114146.37,2134640.79,Completed,2025-01-15,2025-02-24,Public Works Department (PWD),True,CTR0049,21.113747,84.997316,21.113747,84.997316,False,
PRJ00973,MP025,Odisha-15,Odisha,Odisha District 3,Borewell / Handpump,"Borewell / Handpump at Odisha District 3, Ward 14",349104.49,330500.01,349104.49,Sanctioned,2026-06-10,2026-08-05,Zilla Parishad PWD Division,False,CTR0112,20.726348,84.558993,20.726348,84.558993,False,
PRJ00974,MP025,Odisha-15,Odisha,Odisha District 3,Library / Reading Room,"Library / Reading Room at Odisha District 3, Ward 3",1190642.54,1162207.33,1190642.54,Work In Progress,2026-01-04,2026-02-21,District Rural Development Agency,False,CTR0074,20.340112,84.940102,20.340112,84.940102,False,
PRJ00975,MP025,Odisha-15,Odisha,Odisha District 3,Borewell / Handpump,"Borewell / Handpump at Odisha District 3, Ward 21",99541.63,87943.86,99541.63,Payment Released,2024-05-07,2024-07-02,Zilla Parishad PWD Division,False,CTR0044,21.406769,85.011072,21.406769,85.011072,False,
PRJ00976,MP025,Odisha-15,Odisha,Odisha District 3,School Building Repair,"School Building Repair at Odisha District 3, Ward 25",1875499.16,1804672.47,1875499.16,Work In Progress,2025-07-01,2025-09-24,Public Works Department (PWD),False,CTR0091,20.467665,84.615351,20.55458695246052,84.67522982828096,True,geo_mismatch
PRJ00977,MP025,Odisha-15,Odisha,Odisha District 3,Drainage System,"Drainage System at Odisha District 3, Ward 14",252171.16,217658.05,252171.16,Payment Released,2026-01-11,2026-03-16,Public Works Department (PWD),False,CTR0096,21.06062,85.59754,21.06062,85.59754,False,
PRJ00978,MP025,Odisha-15,Odisha,Odisha District 3,Borewell / Handpump,"Borewell / Handpump at Odisha District 3, Ward 24",101248.62,88551.0,101248.62,Completed,2025-06-26,2025-08-24,Municipal Corporation Engineering Cell,True,CTR0024,21.183144,84.861478,21.183144,84.861478,False,
PRJ00979,MP025,Odisha-15,Odisha,Odisha District 3,Street Lighting,"Street Lighting at Odisha District 3, Ward 23",706228.36,670461.98,706228.36,Work In Progress,2026-04-03,2026-05-19,Cantonment Board Works Wing,False,CTR0085,20.48994,85.325741,20.48994,85.325741,False,
PRJ00980,MP025,Odisha-15,Odisha,Odisha District 3,Community Hall,"Community Hall at Odisha District 3, Ward 4",2085471.58,1854620.83,2085471.58,Work In Progress,2026-01-23,2026-03-25,District Rural Development Agency,False,CTR0027,21.358061,85.570184,21.358061,85.570184,False,
PRJ00981,MP025,Odisha-15,Odisha,Odisha District 3,Community Hall,"Community Hall at Odisha District 3, Ward 2",1256131.74,1202115.89,1256131.74,Completed,2025-12-03,2026-01-15,Panchayati Raj Engineering Department,False,CTR0120,21.091308,85.249641,21.091308,85.249641,False,
PRJ00982,MP025,Odisha-15,Odisha,Odisha District 3,Road Construction,"Road Construction at Odisha District 3, Ward 4",3319895.85,3174865.68,3319895.85,Work In Progress,2025-11-19,2025-12-05,District Rural Development Agency,False,CTR0099,20.598732,84.889326,20.598732,84.889326,False,
PRJ00983,MP025,Odisha-15,Odisha,Odisha District 3,School Building Repair,"School Building Repair at Odisha District 3, Ward 13",813886.17,801348.07,813886.17,Sanctioned,2026-05-17,2026-08-05,Cantonment Board Works Wing,False,CTR0080,20.921862,85.046602,20.921862,85.046602,False,
PRJ00984,MP025,Odisha-15,Odisha,Odisha District 3,School Building Repair,"School Building Repair at Odisha District 3, Ward 15",223418.38,206300.61,223418.38,Sanctioned,2026-06-13,2026-08-10,Zilla Parishad PWD Division,False,CTR0030,20.710321,85.609062,20.710321,85.609062,False,
PRJ00985,MP025,Odisha-15,Odisha,Odisha District 3,Borewell / Handpump,"Borewell / Handpump at Odisha District 3, Ward 1",228211.78,208661.59,228211.78,Sanctioned,2026-06-05,2026-08-29,Municipal Corporation Engineering Cell,False,CTR0017,21.082717,85.372557,21.082717,85.372557,False,
PRJ00986,MP025,Odisha-15,Odisha,Odisha District 3,Road Construction,"Road Construction at Odisha District 3, Ward 16",991006.56,881521.17,991006.56,Payment Released,2024-05-24,2024-07-01,Zilla Parishad PWD Division,False,CTR0085,20.345384,84.647663,20.345384,84.647663,False,
PRJ00987,MP025,Odisha-15,Odisha,Odisha District 3,Public Toilet Complex,"Public Toilet Complex at Odisha District 3, Ward 18",551962.62,574066.52,551962.62,Payment Released,2026-02-13,2026-03-04,Zilla Parishad PWD Division,False,CTR0112,20.608343,84.525091,20.608343,84.525091,True,cost_inflation
PRJ00988,MP025,Odisha-15,Odisha,Odisha District 3,Public Toilet Complex,"Public Toilet Complex at Odisha District 3, Ward 18",691743.17,685573.24,691743.17,Completed,2025-10-07,2025-11-19,Cantonment Board Works Wing,True,CTR0018,21.387133,85.180167,21.387133,85.180167,False,
PRJ00989,MP025,Odisha-15,Odisha,Odisha District 3,Borewell / Handpump,"Borewell / Handpump at Odisha District 3, Ward 24",276446.42,270505.44,276446.42,Completed,2025-05-16,2025-06-07,Cantonment Board Works Wing,True,CTR0076,21.432914,84.903135,21.432914,84.903135,False,
PRJ00990,MP025,Odisha-15,Odisha,Odisha District 3,Library / Reading Room,"Library / Reading Room at Odisha District 3, Ward 18",737505.5,723849.9,737505.5,Completed,2025-02-25,2025-05-02,Cantonment Board Works Wing,True,CTR0056,20.489944,85.046793,20.489944,85.046793,False,
PRJ00991,MP025,Odisha-15,Odisha,Odisha District 3,School Building Repair,"School Building Repair at Odisha District 3, Ward 8",1764378.32,1616040.28,1764378.32,Payment Released,2024-09-11,2024-11-11,Panchayati Raj Engineering Department,False,CTR0117,20.380689,85.057627,20.380689,85.057627,False,
PRJ00992,MP025,Odisha-15,Odisha,Odisha District 3,Community Hall,"Community Hall at Odisha District 3, Ward 9",5127244.76,4449265.37,5127244.76,Payment Released,2024-12-05,2025-02-17,Public Works Department (PWD),False,CTR0057,20.316368,84.863863,20.316368,84.863863,False,
PRJ00993,MP025,Odisha-15,Odisha,Odisha District 3,Borewell / Handpump,"Borewell / Handpump at Odisha District 3, Ward 25",159853.27,145972.86,159853.27,Sanctioned,2026-04-13,2026-05-12,Panchayati Raj Engineering Department,False,CTR0039,20.792627,84.777618,20.792627,84.777618,False,
PRJ00994,MP025,Odisha-15,Odisha,Odisha District 3,Borewell / Handpump,"Borewell / Handpump at Odisha District 3, Ward 1",94939.74,80829.81,94939.74,Payment Released,2024-06-13,2024-07-12,Panchayati Raj Engineering Department,False,CTR0045,21.05271,84.87965,21.05271,84.87965,False,
PRJ00995,MP025,Odisha-15,Odisha,Odisha District 3,Public Toilet Complex,"Public Toilet Complex at Odisha District 3, Ward 25",513120.0,436802.49,513120.0,Completed,2024-05-18,2024-08-07,District Rural Development Agency,True,CTR0097,21.30705,84.538393,21.30705,84.538393,False,
PRJ00996,MP025,Odisha-15,Odisha,Odisha District 3,Drinking Water Supply,"Drinking Water Supply at Odisha District 3, Ward 1",1495910.26,1358372.54,1495910.26,Sanctioned,2026-05-29,2026-07-17,Municipal Corporation Engineering Cell,False,CTR0103,21.076667,84.553722,21.076667,84.553722,False,
PRJ00997,MP025,Odisha-15,Odisha,Odisha District 3,Sports Infrastructure,"Sports Infrastructure at Odisha District 3, Ward 14",2103829.13,1821282.98,2103829.13,Work In Progress,2025-09-10,2025-10-18,Panchayati Raj Engineering Department,False,CTR0048,21.287178,84.752057,21.287178,84.752057,False,
PRJ00998,MP025,Odisha-15,Odisha,Odisha District 3,Drinking Water Supply,"Drinking Water Supply at Odisha District 3, Ward 21",1180341.6,1092448.07,1180341.6,Payment Released,2025-05-16,2025-08-02,Cantonment Board Works Wing,False,CTR0032,21.261971,85.029841,21.261971,85.029841,False,
PRJ00999,MP025,Odisha-15,Odisha,Odisha District 3,Drinking Water Supply,"Drinking Water Supply at Odisha District 3, Ward 3",1853327.85,1646967.85,1853327.85,Work In Progress,2026-01-30,2026-03-06,Zilla Parishad PWD Division,False,CTR0107,21.361912,85.192424,21.361912,85.192424,False,
PRJ01000,MP025,Odisha-15,Odisha,Odisha District 3,Drinking Water Supply,"Drinking Water Supply at Odisha District 3, Ward 23",2066892.8,1971297.71,2066892.8,Completed,2025-05-12,2025-08-01,Panchayati Raj Engineering Department,True,CTR0021,21.255282,84.97373,21.120072,84.824434,True,phantom_work
